Netgen 1.5.278 compiled on Sun Sep 29 13:29:03 UTC 2024
Warning: netgen command 'format' use fully-qualified name '::netgen::format'
Warning: netgen command 'global' use fully-qualified name '::netgen::global'
Warning:  A case-insensitive file has been read and so the	verilog file must be treated case-insensitive to match.
Reading SPICE netlist file '/home/baungarten/Desktop/lacerta_march/dependencies/pdks/sky130A/libs.ref/sky130_fd_sc_hd/spice/sky130_ef_sc_hd__decap_12.spice'...
Call to undefined subcircuit sky130_fd_pr__pfet_01v8_hvt
Creating placeholder cell definition.
Call to undefined subcircuit sky130_fd_pr__nfet_01v8
Creating placeholder cell definition.
Reading SPICE netlist file '/home/baungarten/Desktop/lacerta_march/dependencies/pdks/sky130A/libs.ref/sky130_fd_sc_hd/spice/sky130_ef_sc_hd__decap_20_12.spice'...
Reading SPICE netlist file '/home/baungarten/Desktop/lacerta_march/dependencies/pdks/sky130A/libs.ref/sky130_fd_sc_hd/spice/sky130_ef_sc_hd__decap_40_12.spice'...
Reading SPICE netlist file '/home/baungarten/Desktop/lacerta_march/dependencies/pdks/sky130A/libs.ref/sky130_fd_sc_hd/spice/sky130_ef_sc_hd__decap_60_12.spice'...
Reading SPICE netlist file '/home/baungarten/Desktop/lacerta_march/dependencies/pdks/sky130A/libs.ref/sky130_fd_sc_hd/spice/sky130_ef_sc_hd__decap_80_12.spice'...
Reading SPICE netlist file '/home/baungarten/Desktop/lacerta_march/dependencies/pdks/sky130A/libs.ref/sky130_fd_sc_hd/spice/sky130_ef_sc_hd__fill_12.spice'...
Reading SPICE netlist file '/home/baungarten/Desktop/lacerta_march/dependencies/pdks/sky130A/libs.ref/sky130_fd_sc_hd/spice/sky130_ef_sc_hd__fill_2.spice'...
Reading SPICE netlist file '/home/baungarten/Desktop/lacerta_march/dependencies/pdks/sky130A/libs.ref/sky130_fd_sc_hd/spice/sky130_ef_sc_hd__fill_4.spice'...
Reading SPICE netlist file '/home/baungarten/Desktop/lacerta_march/dependencies/pdks/sky130A/libs.ref/sky130_fd_sc_hd/spice/sky130_ef_sc_hd__fill_8.spice'...
Reading SPICE netlist file '/home/baungarten/Desktop/lacerta_march/dependencies/pdks/sky130A/libs.ref/sky130_fd_sc_hd/spice/sky130_fd_sc_hd.spice'...
Call to undefined subcircuit sky130_fd_pr__res_generic_po
Creating placeholder cell definition.
Call to undefined subcircuit sky130_fd_pr__special_nfet_01v8
Creating placeholder cell definition.
Call to undefined subcircuit sky130_fd_pr__diode_pw2nd_05v5
Creating placeholder cell definition.
Call to undefined subcircuit sky130_fd_pr__special_pfet_01v8_hvt
Creating placeholder cell definition.
Call to undefined subcircuit sky130_fd_sc_hd__nand2_2
Creating placeholder cell definition.
Call to undefined subcircuit sky130_fd_sc_hd__nor2_2
Creating placeholder cell definition.
Warning:  A case-insensitive file has been read and so the	verilog file must be treated case-insensitive to match.
Note:  Implicit pin HI in instance user_project_wrapper_2673 of sky130_fd_sc_hd__conb_1 in cell user_project_wrapper
Note:  Implicit pin HI in instance user_project_wrapper_2674 of sky130_fd_sc_hd__conb_1 in cell user_project_wrapper
Note:  Implicit pin HI in instance user_project_wrapper_2675 of sky130_fd_sc_hd__conb_1 in cell user_project_wrapper
Note:  Implicit pin HI in instance user_project_wrapper_2676 of sky130_fd_sc_hd__conb_1 in cell user_project_wrapper
Note:  Implicit pin HI in instance user_project_wrapper_2677 of sky130_fd_sc_hd__conb_1 in cell user_project_wrapper
Note:  Implicit pin HI in instance user_project_wrapper_2678 of sky130_fd_sc_hd__conb_1 in cell user_project_wrapper
Note:  Implicit pin HI in instance user_project_wrapper_2679 of sky130_fd_sc_hd__conb_1 in cell user_project_wrapper
Note:  Implicit pin HI in instance user_project_wrapper_2680 of sky130_fd_sc_hd__conb_1 in cell user_project_wrapper
Note:  Implicit pin HI in instance user_project_wrapper_2681 of sky130_fd_sc_hd__conb_1 in cell user_project_wrapper
Note:  Implicit pin HI in instance user_project_wrapper_2682 of sky130_fd_sc_hd__conb_1 in cell user_project_wrapper
Note:  Implicit pin HI in instance user_project_wrapper_2683 of sky130_fd_sc_hd__conb_1 in cell user_project_wrapper
Note:  Implicit pin HI in instance user_project_wrapper_2684 of sky130_fd_sc_hd__conb_1 in cell user_project_wrapper
Note:  Implicit pin HI in instance user_project_wrapper_2685 of sky130_fd_sc_hd__conb_1 in cell user_project_wrapper
Note:  Implicit pin HI in instance user_project_wrapper_2686 of sky130_fd_sc_hd__conb_1 in cell user_project_wrapper
Note:  Implicit pin HI in instance user_project_wrapper_2687 of sky130_fd_sc_hd__conb_1 in cell user_project_wrapper
Note:  Implicit pin HI in instance user_project_wrapper_2688 of sky130_fd_sc_hd__conb_1 in cell user_project_wrapper
Note:  Implicit pin HI in instance user_project_wrapper_2689 of sky130_fd_sc_hd__conb_1 in cell user_project_wrapper
Note:  Implicit pin HI in instance user_project_wrapper_2690 of sky130_fd_sc_hd__conb_1 in cell user_project_wrapper
Note:  Implicit pin HI in instance user_project_wrapper_2691 of sky130_fd_sc_hd__conb_1 in cell user_project_wrapper
Note:  Implicit pin HI in instance user_project_wrapper_2692 of sky130_fd_sc_hd__conb_1 in cell user_project_wrapper
Note:  Implicit pin HI in instance user_project_wrapper_2693 of sky130_fd_sc_hd__conb_1 in cell user_project_wrapper
Note:  Implicit pin HI in instance user_project_wrapper_2694 of sky130_fd_sc_hd__conb_1 in cell user_project_wrapper
Note:  Implicit pin HI in instance user_project_wrapper_2695 of sky130_fd_sc_hd__conb_1 in cell user_project_wrapper
Note:  Implicit pin HI in instance user_project_wrapper_2696 of sky130_fd_sc_hd__conb_1 in cell user_project_wrapper
Note:  Implicit pin HI in instance user_project_wrapper_2697 of sky130_fd_sc_hd__conb_1 in cell user_project_wrapper
Note:  Implicit pin HI in instance user_project_wrapper_2698 of sky130_fd_sc_hd__conb_1 in cell user_project_wrapper
Note:  Implicit pin HI in instance user_project_wrapper_2699 of sky130_fd_sc_hd__conb_1 in cell user_project_wrapper
Note:  Implicit pin HI in instance user_project_wrapper_2700 of sky130_fd_sc_hd__conb_1 in cell user_project_wrapper
Note:  Implicit pin HI in instance user_project_wrapper_2701 of sky130_fd_sc_hd__conb_1 in cell user_project_wrapper
Note:  Implicit pin HI in instance user_project_wrapper_2702 of sky130_fd_sc_hd__conb_1 in cell user_project_wrapper
Note:  Implicit pin HI in instance user_project_wrapper_2703 of sky130_fd_sc_hd__conb_1 in cell user_project_wrapper
Note:  Implicit pin HI in instance user_project_wrapper_2704 of sky130_fd_sc_hd__conb_1 in cell user_project_wrapper
Note:  Implicit pin HI in instance user_project_wrapper_2705 of sky130_fd_sc_hd__conb_1 in cell user_project_wrapper
Note:  Implicit pin HI in instance user_project_wrapper_2706 of sky130_fd_sc_hd__conb_1 in cell user_project_wrapper
Note:  Implicit pin HI in instance user_project_wrapper_2707 of sky130_fd_sc_hd__conb_1 in cell user_project_wrapper
Note:  Implicit pin HI in instance user_project_wrapper_2708 of sky130_fd_sc_hd__conb_1 in cell user_project_wrapper
Note:  Implicit pin HI in instance user_project_wrapper_2709 of sky130_fd_sc_hd__conb_1 in cell user_project_wrapper
Note:  Implicit pin HI in instance user_project_wrapper_2710 of sky130_fd_sc_hd__conb_1 in cell user_project_wrapper
Note:  Implicit pin HI in instance user_project_wrapper_2711 of sky130_fd_sc_hd__conb_1 in cell user_project_wrapper
Note:  Implicit pin HI in instance user_project_wrapper_2712 of sky130_fd_sc_hd__conb_1 in cell user_project_wrapper
Note:  Implicit pin HI in instance user_project_wrapper_2713 of sky130_fd_sc_hd__conb_1 in cell user_project_wrapper
Note:  Implicit pin HI in instance user_project_wrapper_2714 of sky130_fd_sc_hd__conb_1 in cell user_project_wrapper
Note:  Implicit pin HI in instance user_project_wrapper_2715 of sky130_fd_sc_hd__conb_1 in cell user_project_wrapper
Note:  Implicit pin HI in instance user_project_wrapper_2716 of sky130_fd_sc_hd__conb_1 in cell user_project_wrapper
Note:  Implicit pin HI in instance user_project_wrapper_2717 of sky130_fd_sc_hd__conb_1 in cell user_project_wrapper
Note:  Implicit pin HI in instance user_project_wrapper_2718 of sky130_fd_sc_hd__conb_1 in cell user_project_wrapper
Note:  Implicit pin HI in instance user_project_wrapper_2719 of sky130_fd_sc_hd__conb_1 in cell user_project_wrapper
Note:  Implicit pin HI in instance user_project_wrapper_2720 of sky130_fd_sc_hd__conb_1 in cell user_project_wrapper
Note:  Implicit pin HI in instance user_project_wrapper_2721 of sky130_fd_sc_hd__conb_1 in cell user_project_wrapper
Note:  Implicit pin HI in instance user_project_wrapper_2722 of sky130_fd_sc_hd__conb_1 in cell user_project_wrapper
Note:  Implicit pin HI in instance user_project_wrapper_2723 of sky130_fd_sc_hd__conb_1 in cell user_project_wrapper
Note:  Implicit pin HI in instance user_project_wrapper_2724 of sky130_fd_sc_hd__conb_1 in cell user_project_wrapper
Note:  Implicit pin HI in instance user_project_wrapper_2725 of sky130_fd_sc_hd__conb_1 in cell user_project_wrapper
Note:  Implicit pin HI in instance user_project_wrapper_2726 of sky130_fd_sc_hd__conb_1 in cell user_project_wrapper
Note:  Implicit pin HI in instance user_project_wrapper_2727 of sky130_fd_sc_hd__conb_1 in cell user_project_wrapper
Note:  Implicit pin HI in instance user_project_wrapper_2728 of sky130_fd_sc_hd__conb_1 in cell user_project_wrapper
Note:  Implicit pin HI in instance user_project_wrapper_2729 of sky130_fd_sc_hd__conb_1 in cell user_project_wrapper
Note:  Implicit pin HI in instance user_project_wrapper_2730 of sky130_fd_sc_hd__conb_1 in cell user_project_wrapper
Note:  Implicit pin HI in instance user_project_wrapper_2731 of sky130_fd_sc_hd__conb_1 in cell user_project_wrapper
Note:  Implicit pin HI in instance user_project_wrapper_2732 of sky130_fd_sc_hd__conb_1 in cell user_project_wrapper
Note:  Implicit pin HI in instance user_project_wrapper_2733 of sky130_fd_sc_hd__conb_1 in cell user_project_wrapper
Note:  Implicit pin HI in instance user_project_wrapper_2734 of sky130_fd_sc_hd__conb_1 in cell user_project_wrapper
Note:  Implicit pin HI in instance user_project_wrapper_2735 of sky130_fd_sc_hd__conb_1 in cell user_project_wrapper
Note:  Implicit pin HI in instance user_project_wrapper_2736 of sky130_fd_sc_hd__conb_1 in cell user_project_wrapper
Note:  Implicit pin HI in instance user_project_wrapper_2737 of sky130_fd_sc_hd__conb_1 in cell user_project_wrapper
Note:  Implicit pin HI in instance user_project_wrapper_2738 of sky130_fd_sc_hd__conb_1 in cell user_project_wrapper
Note:  Implicit pin HI in instance user_project_wrapper_2739 of sky130_fd_sc_hd__conb_1 in cell user_project_wrapper
Note:  Implicit pin HI in instance user_project_wrapper_2740 of sky130_fd_sc_hd__conb_1 in cell user_project_wrapper
Note:  Implicit pin HI in instance user_project_wrapper_2741 of sky130_fd_sc_hd__conb_1 in cell user_project_wrapper
Note:  Implicit pin HI in instance user_project_wrapper_2742 of sky130_fd_sc_hd__conb_1 in cell user_project_wrapper
Note:  Implicit pin HI in instance user_project_wrapper_2743 of sky130_fd_sc_hd__conb_1 in cell user_project_wrapper
Note:  Implicit pin HI in instance user_project_wrapper_2744 of sky130_fd_sc_hd__conb_1 in cell user_project_wrapper
Note:  Implicit pin HI in instance user_project_wrapper_2745 of sky130_fd_sc_hd__conb_1 in cell user_project_wrapper
Note:  Implicit pin HI in instance user_project_wrapper_2746 of sky130_fd_sc_hd__conb_1 in cell user_project_wrapper
Note:  Implicit pin HI in instance user_project_wrapper_2747 of sky130_fd_sc_hd__conb_1 in cell user_project_wrapper
Note:  Implicit pin HI in instance user_project_wrapper_2748 of sky130_fd_sc_hd__conb_1 in cell user_project_wrapper
Note:  Implicit pin HI in instance user_project_wrapper_2749 of sky130_fd_sc_hd__conb_1 in cell user_project_wrapper
Note:  Implicit pin HI in instance user_project_wrapper_2750 of sky130_fd_sc_hd__conb_1 in cell user_project_wrapper
Note:  Implicit pin HI in instance user_project_wrapper_2751 of sky130_fd_sc_hd__conb_1 in cell user_project_wrapper
Note:  Implicit pin HI in instance user_project_wrapper_2752 of sky130_fd_sc_hd__conb_1 in cell user_project_wrapper
Note:  Implicit pin HI in instance user_project_wrapper_2753 of sky130_fd_sc_hd__conb_1 in cell user_project_wrapper
Note:  Implicit pin HI in instance user_project_wrapper_2754 of sky130_fd_sc_hd__conb_1 in cell user_project_wrapper
Note:  Implicit pin HI in instance user_project_wrapper_2755 of sky130_fd_sc_hd__conb_1 in cell user_project_wrapper
Note:  Implicit pin HI in instance user_project_wrapper_2756 of sky130_fd_sc_hd__conb_1 in cell user_project_wrapper
Note:  Implicit pin HI in instance user_project_wrapper_2757 of sky130_fd_sc_hd__conb_1 in cell user_project_wrapper
Note:  Implicit pin HI in instance user_project_wrapper_2758 of sky130_fd_sc_hd__conb_1 in cell user_project_wrapper
Note:  Implicit pin HI in instance user_project_wrapper_2759 of sky130_fd_sc_hd__conb_1 in cell user_project_wrapper
Note:  Implicit pin HI in instance user_project_wrapper_2760 of sky130_fd_sc_hd__conb_1 in cell user_project_wrapper
Note:  Implicit pin HI in instance user_project_wrapper_2761 of sky130_fd_sc_hd__conb_1 in cell user_project_wrapper
Note:  Implicit pin HI in instance user_project_wrapper_2762 of sky130_fd_sc_hd__conb_1 in cell user_project_wrapper
Note:  Implicit pin HI in instance user_project_wrapper_2763 of sky130_fd_sc_hd__conb_1 in cell user_project_wrapper
Note:  Implicit pin HI in instance user_project_wrapper_2764 of sky130_fd_sc_hd__conb_1 in cell user_project_wrapper
Note:  Implicit pin HI in instance user_project_wrapper_2765 of sky130_fd_sc_hd__conb_1 in cell user_project_wrapper
Note:  Implicit pin HI in instance user_project_wrapper_2766 of sky130_fd_sc_hd__conb_1 in cell user_project_wrapper
Note:  Implicit pin HI in instance user_project_wrapper_2767 of sky130_fd_sc_hd__conb_1 in cell user_project_wrapper
Note:  Implicit pin HI in instance user_project_wrapper_2768 of sky130_fd_sc_hd__conb_1 in cell user_project_wrapper
Note:  Implicit pin HI in instance user_project_wrapper_2769 of sky130_fd_sc_hd__conb_1 in cell user_project_wrapper
Note:  Implicit pin HI in instance user_project_wrapper_2770 of sky130_fd_sc_hd__conb_1 in cell user_project_wrapper
Note:  Implicit pin HI in instance user_project_wrapper_2771 of sky130_fd_sc_hd__conb_1 in cell user_project_wrapper
Note:  Implicit pin HI in instance user_project_wrapper_2772 of sky130_fd_sc_hd__conb_1 in cell user_project_wrapper
Note:  Implicit pin HI in instance user_project_wrapper_2773 of sky130_fd_sc_hd__conb_1 in cell user_project_wrapper
Note:  Implicit pin HI in instance user_project_wrapper_2774 of sky130_fd_sc_hd__conb_1 in cell user_project_wrapper
Note:  Implicit pin HI in instance user_project_wrapper_2775 of sky130_fd_sc_hd__conb_1 in cell user_project_wrapper
Note:  Implicit pin HI in instance user_project_wrapper_2776 of sky130_fd_sc_hd__conb_1 in cell user_project_wrapper
Note:  Implicit pin HI in instance user_project_wrapper_2777 of sky130_fd_sc_hd__conb_1 in cell user_project_wrapper
Note:  Implicit pin HI in instance user_project_wrapper_2778 of sky130_fd_sc_hd__conb_1 in cell user_project_wrapper
Note:  Implicit pin HI in instance user_project_wrapper_2779 of sky130_fd_sc_hd__conb_1 in cell user_project_wrapper
Note:  Implicit pin HI in instance user_project_wrapper_2780 of sky130_fd_sc_hd__conb_1 in cell user_project_wrapper
Note:  Implicit pin HI in instance user_project_wrapper_2781 of sky130_fd_sc_hd__conb_1 in cell user_project_wrapper
Note:  Implicit pin HI in instance user_project_wrapper_2782 of sky130_fd_sc_hd__conb_1 in cell user_project_wrapper
Note:  Implicit pin HI in instance user_project_wrapper_2783 of sky130_fd_sc_hd__conb_1 in cell user_project_wrapper
Note:  Implicit pin HI in instance user_project_wrapper_2784 of sky130_fd_sc_hd__conb_1 in cell user_project_wrapper
Note:  Implicit pin HI in instance user_project_wrapper_2785 of sky130_fd_sc_hd__conb_1 in cell user_project_wrapper
Note:  Implicit pin HI in instance user_project_wrapper_2786 of sky130_fd_sc_hd__conb_1 in cell user_project_wrapper
Note:  Implicit pin HI in instance user_project_wrapper_2787 of sky130_fd_sc_hd__conb_1 in cell user_project_wrapper
Note:  Implicit pin HI in instance user_project_wrapper_2788 of sky130_fd_sc_hd__conb_1 in cell user_project_wrapper
Note:  Implicit pin HI in instance user_project_wrapper_2789 of sky130_fd_sc_hd__conb_1 in cell user_project_wrapper
Note:  Implicit pin HI in instance user_project_wrapper_2790 of sky130_fd_sc_hd__conb_1 in cell user_project_wrapper
Note:  Implicit pin HI in instance user_project_wrapper_2791 of sky130_fd_sc_hd__conb_1 in cell user_project_wrapper
Note:  Implicit pin HI in instance user_project_wrapper_2792 of sky130_fd_sc_hd__conb_1 in cell user_project_wrapper
Note:  Implicit pin HI in instance user_project_wrapper_2793 of sky130_fd_sc_hd__conb_1 in cell user_project_wrapper
Note:  Implicit pin HI in instance user_project_wrapper_2794 of sky130_fd_sc_hd__conb_1 in cell user_project_wrapper
Note:  Implicit pin HI in instance user_project_wrapper_2795 of sky130_fd_sc_hd__conb_1 in cell user_project_wrapper
Note:  Implicit pin HI in instance user_project_wrapper_2796 of sky130_fd_sc_hd__conb_1 in cell user_project_wrapper
Note:  Implicit pin HI in instance user_project_wrapper_2797 of sky130_fd_sc_hd__conb_1 in cell user_project_wrapper
Note:  Implicit pin HI in instance user_project_wrapper_2798 of sky130_fd_sc_hd__conb_1 in cell user_project_wrapper
Note:  Implicit pin HI in instance user_project_wrapper_2799 of sky130_fd_sc_hd__conb_1 in cell user_project_wrapper
Note:  Implicit pin HI in instance user_project_wrapper_2800 of sky130_fd_sc_hd__conb_1 in cell user_project_wrapper
Note:  Implicit pin HI in instance user_project_wrapper_2801 of sky130_fd_sc_hd__conb_1 in cell user_project_wrapper
Note:  Implicit pin HI in instance user_project_wrapper_2802 of sky130_fd_sc_hd__conb_1 in cell user_project_wrapper
Note:  Implicit pin HI in instance user_project_wrapper_2803 of sky130_fd_sc_hd__conb_1 in cell user_project_wrapper
Note:  Implicit pin HI in instance user_project_wrapper_2804 of sky130_fd_sc_hd__conb_1 in cell user_project_wrapper
Note:  Implicit pin HI in instance user_project_wrapper_2805 of sky130_fd_sc_hd__conb_1 in cell user_project_wrapper
Note:  Implicit pin HI in instance user_project_wrapper_2806 of sky130_fd_sc_hd__conb_1 in cell user_project_wrapper
Note:  Implicit pin HI in instance user_project_wrapper_2807 of sky130_fd_sc_hd__conb_1 in cell user_project_wrapper
Note:  Implicit pin HI in instance user_project_wrapper_2808 of sky130_fd_sc_hd__conb_1 in cell user_project_wrapper
Note:  Implicit pin HI in instance user_project_wrapper_2809 of sky130_fd_sc_hd__conb_1 in cell user_project_wrapper
Note:  Implicit pin HI in instance user_project_wrapper_2810 of sky130_fd_sc_hd__conb_1 in cell user_project_wrapper
Note:  Implicit pin HI in instance user_project_wrapper_2811 of sky130_fd_sc_hd__conb_1 in cell user_project_wrapper
Note:  Implicit pin HI in instance user_project_wrapper_2812 of sky130_fd_sc_hd__conb_1 in cell user_project_wrapper
Note:  Implicit pin HI in instance user_project_wrapper_2813 of sky130_fd_sc_hd__conb_1 in cell user_project_wrapper
Note:  Implicit pin HI in instance user_project_wrapper_2814 of sky130_fd_sc_hd__conb_1 in cell user_project_wrapper
Note:  Implicit pin HI in instance user_project_wrapper_2815 of sky130_fd_sc_hd__conb_1 in cell user_project_wrapper
Note:  Implicit pin HI in instance user_project_wrapper_2816 of sky130_fd_sc_hd__conb_1 in cell user_project_wrapper
Note:  Implicit pin HI in instance user_project_wrapper_2817 of sky130_fd_sc_hd__conb_1 in cell user_project_wrapper
Note:  Implicit pin HI in instance user_project_wrapper_2818 of sky130_fd_sc_hd__conb_1 in cell user_project_wrapper
Note:  Implicit pin HI in instance user_project_wrapper_2819 of sky130_fd_sc_hd__conb_1 in cell user_project_wrapper
Note:  Implicit pin HI in instance user_project_wrapper_2820 of sky130_fd_sc_hd__conb_1 in cell user_project_wrapper
Note:  Implicit pin HI in instance user_project_wrapper_2821 of sky130_fd_sc_hd__conb_1 in cell user_project_wrapper
Note:  Implicit pin HI in instance user_project_wrapper_2822 of sky130_fd_sc_hd__conb_1 in cell user_project_wrapper
Note:  Implicit pin HI in instance user_project_wrapper_2823 of sky130_fd_sc_hd__conb_1 in cell user_project_wrapper
Note:  Implicit pin HI in instance user_project_wrapper_2824 of sky130_fd_sc_hd__conb_1 in cell user_project_wrapper
Note:  Implicit pin HI in instance user_project_wrapper_2825 of sky130_fd_sc_hd__conb_1 in cell user_project_wrapper
Note:  Implicit pin HI in instance user_project_wrapper_2826 of sky130_fd_sc_hd__conb_1 in cell user_project_wrapper
Note:  Implicit pin HI in instance user_project_wrapper_2827 of sky130_fd_sc_hd__conb_1 in cell user_project_wrapper
Note:  Implicit pin HI in instance user_project_wrapper_2828 of sky130_fd_sc_hd__conb_1 in cell user_project_wrapper
Note:  Implicit pin HI in instance user_project_wrapper_2829 of sky130_fd_sc_hd__conb_1 in cell user_project_wrapper
Note:  Implicit pin HI in instance user_project_wrapper_2830 of sky130_fd_sc_hd__conb_1 in cell user_project_wrapper
Note:  Implicit pin HI in instance user_project_wrapper_2831 of sky130_fd_sc_hd__conb_1 in cell user_project_wrapper
Note:  Implicit pin HI in instance user_project_wrapper_2832 of sky130_fd_sc_hd__conb_1 in cell user_project_wrapper
Note:  Implicit pin HI in instance user_project_wrapper_2833 of sky130_fd_sc_hd__conb_1 in cell user_project_wrapper
Note:  Implicit pin HI in instance user_project_wrapper_2834 of sky130_fd_sc_hd__conb_1 in cell user_project_wrapper
Note:  Implicit pin HI in instance user_project_wrapper_2835 of sky130_fd_sc_hd__conb_1 in cell user_project_wrapper
Note:  Implicit pin HI in instance user_project_wrapper_2836 of sky130_fd_sc_hd__conb_1 in cell user_project_wrapper
Note:  Implicit pin LO in instance user_project_wrapper_2837 of sky130_fd_sc_hd__conb_1 in cell user_project_wrapper
Note:  Implicit pin HI in instance user_project_wrapper_2672 of sky130_fd_sc_hd__conb_1 in cell user_project_wrapper
Note:  Implicit pin X in instance clkload0 of sky130_fd_sc_hd__clkbuf_8 in cell user_project_wrapper
Note:  Implicit pin Y in instance clkload1 of sky130_fd_sc_hd__inv_8 in cell user_project_wrapper
Note:  Implicit pin Y in instance clkload2 of sky130_fd_sc_hd__inv_12 in cell user_project_wrapper
Note:  Implicit pin X in instance clkload3 of sky130_fd_sc_hd__clkbuf_2 in cell user_project_wrapper
Note:  Implicit pin Y in instance clkload4 of sky130_fd_sc_hd__clkinvlp_4 in cell user_project_wrapper
Note:  Implicit pin X in instance clkload5 of sky130_fd_sc_hd__clkbuf_8 in cell user_project_wrapper
Note:  Implicit pin Y in instance clkload6 of sky130_fd_sc_hd__inv_6 in cell user_project_wrapper
Note:  Implicit pin Y in instance clkload7 of sky130_fd_sc_hd__clkinv_8 in cell user_project_wrapper
Note:  Implicit pin Y in instance clkload8 of sky130_fd_sc_hd__clkinvlp_4 in cell user_project_wrapper
Note:  Implicit pin X in instance clkload9 of sky130_fd_sc_hd__clkbuf_4 in cell user_project_wrapper
Note:  Implicit pin Y in instance clkload10 of sky130_fd_sc_hd__bufinv_16 in cell user_project_wrapper
Note:  Implicit pin X in instance clkload11 of sky130_fd_sc_hd__clkbuf_8 in cell user_project_wrapper
Note:  Implicit pin Y in instance clkload12 of sky130_fd_sc_hd__inv_8 in cell user_project_wrapper
Note:  Implicit pin Y in instance clkload13 of sky130_fd_sc_hd__inv_6 in cell user_project_wrapper
Note:  Implicit pin Y in instance clkload14 of sky130_fd_sc_hd__clkinv_8 in cell user_project_wrapper
Note:  Implicit pin X in instance clkload15 of sky130_fd_sc_hd__clkbuf_8 in cell user_project_wrapper
Note:  Implicit pin Y in instance clkload16 of sky130_fd_sc_hd__clkinv_8 in cell user_project_wrapper
Note:  Implicit pin Y in instance clkload17 of sky130_fd_sc_hd__inv_8 in cell user_project_wrapper
Note:  Implicit pin Y in instance clkload18 of sky130_fd_sc_hd__bufinv_16 in cell user_project_wrapper
Note:  Implicit pin Y in instance clkload19 of sky130_fd_sc_hd__bufinv_16 in cell user_project_wrapper
Note:  Implicit pin X in instance clkload20 of sky130_fd_sc_hd__clkbuf_8 in cell user_project_wrapper
Note:  Implicit pin Y in instance clkload21 of sky130_fd_sc_hd__clkinvlp_4 in cell user_project_wrapper
Note:  Implicit pin Y in instance clkload22 of sky130_fd_sc_hd__inv_6 in cell user_project_wrapper
Note:  Implicit pin Y in instance clkload23 of sky130_fd_sc_hd__inv_6 in cell user_project_wrapper
Note:  Implicit pin Y in instance clkload24 of sky130_fd_sc_hd__inv_8 in cell user_project_wrapper
Note:  Implicit pin Y in instance clkload25 of sky130_fd_sc_hd__inv_8 in cell user_project_wrapper
Note:  Implicit pin Y in instance clkload26 of sky130_fd_sc_hd__clkinvlp_4 in cell user_project_wrapper
Note:  Implicit pin X in instance clkload27 of sky130_fd_sc_hd__clkbuf_8 in cell user_project_wrapper
Note:  Implicit pin Y in instance clkload28 of sky130_fd_sc_hd__clkinv_4 in cell user_project_wrapper
Note:  Implicit pin Y in instance clkload29 of sky130_fd_sc_hd__inv_2 in cell user_project_wrapper
Note:  Implicit pin Y in instance clkload30 of sky130_fd_sc_hd__inv_8 in cell user_project_wrapper
Note:  Implicit pin Y in instance clkload31 of sky130_fd_sc_hd__clkinv_4 in cell user_project_wrapper
Note:  Implicit pin Y in instance clkload32 of sky130_fd_sc_hd__clkinvlp_4 in cell user_project_wrapper
Note:  Implicit pin Y in instance clkload33 of sky130_fd_sc_hd__clkinvlp_4 in cell user_project_wrapper
Note:  Implicit pin Y in instance clkload34 of sky130_fd_sc_hd__clkinv_8 in cell user_project_wrapper
Note:  Implicit pin Y in instance clkload35 of sky130_fd_sc_hd__inv_8 in cell user_project_wrapper
Note:  Implicit pin Y in instance clkload36 of sky130_fd_sc_hd__clkinvlp_4 in cell user_project_wrapper
Note:  Implicit pin Y in instance clkload37 of sky130_fd_sc_hd__inv_6 in cell user_project_wrapper
Note:  Implicit pin Y in instance clkload38 of sky130_fd_sc_hd__bufinv_16 in cell user_project_wrapper
Note:  Implicit pin Y in instance clkload39 of sky130_fd_sc_hd__clkinv_2 in cell user_project_wrapper
Note:  Implicit pin Y in instance clkload40 of sky130_fd_sc_hd__clkinv_2 in cell user_project_wrapper
Note:  Implicit pin Y in instance clkload41 of sky130_fd_sc_hd__clkinvlp_4 in cell user_project_wrapper
Note:  Implicit pin Y in instance clkload42 of sky130_fd_sc_hd__clkinvlp_4 in cell user_project_wrapper
Note:  Implicit pin Y in instance clkload43 of sky130_fd_sc_hd__clkinvlp_4 in cell user_project_wrapper
Note:  Implicit pin X in instance clkload44 of sky130_fd_sc_hd__clkbuf_2 in cell user_project_wrapper
Note:  Implicit pin Y in instance clkload45 of sky130_fd_sc_hd__inv_6 in cell user_project_wrapper
Note:  Implicit pin X in instance clkload46 of sky130_fd_sc_hd__clkbuf_8 in cell user_project_wrapper
Note:  Implicit pin Y in instance clkload47 of sky130_fd_sc_hd__inv_8 in cell user_project_wrapper
Note:  Implicit pin X in instance clkload48 of sky130_fd_sc_hd__clkbuf_8 in cell user_project_wrapper
Note:  Implicit pin X in instance clkload49 of sky130_fd_sc_hd__clkbuf_8 in cell user_project_wrapper
Note:  Implicit pin X in instance clkload50 of sky130_fd_sc_hd__clkbuf_4 in cell user_project_wrapper
Note:  Implicit pin X in instance clkload51 of sky130_fd_sc_hd__clkbuf_2 in cell user_project_wrapper
Note:  Implicit pin Y in instance clkload52 of sky130_fd_sc_hd__clkinv_4 in cell user_project_wrapper
Note:  Implicit pin Y in instance clkload53 of sky130_fd_sc_hd__bufinv_16 in cell user_project_wrapper
Note:  Implicit pin X in instance clkload54 of sky130_fd_sc_hd__clkbuf_2 in cell user_project_wrapper
Note:  Implicit pin X in instance clkload55 of sky130_fd_sc_hd__clkbuf_8 in cell user_project_wrapper
Note:  Implicit pin Y in instance clkload56 of sky130_fd_sc_hd__clkinvlp_4 in cell user_project_wrapper
Note:  Implicit pin Y in instance clkload57 of sky130_fd_sc_hd__clkinvlp_4 in cell user_project_wrapper
Note:  Implicit pin Y in instance clkload58 of sky130_fd_sc_hd__inv_6 in cell user_project_wrapper
Note:  Implicit pin Y in instance clkload59 of sky130_fd_sc_hd__inv_8 in cell user_project_wrapper
Note:  Implicit pin Y in instance clkload60 of sky130_fd_sc_hd__clkinvlp_4 in cell user_project_wrapper
Note:  Implicit pin Y in instance clkload61 of sky130_fd_sc_hd__clkinvlp_4 in cell user_project_wrapper
Note:  Implicit pin X in instance clkload62 of sky130_fd_sc_hd__clkbuf_2 in cell user_project_wrapper
Note:  Implicit pin Y in instance clkload63 of sky130_fd_sc_hd__clkinvlp_4 in cell user_project_wrapper
Note:  Implicit pin Y in instance clkload64 of sky130_fd_sc_hd__inv_6 in cell user_project_wrapper
Note:  Implicit pin Y in instance clkload65 of sky130_fd_sc_hd__inv_6 in cell user_project_wrapper
Note:  Implicit pin Y in instance clkload66 of sky130_fd_sc_hd__inv_8 in cell user_project_wrapper
Note:  Implicit pin Y in instance clkload67 of sky130_fd_sc_hd__inv_2 in cell user_project_wrapper
Note:  Implicit pin Y in instance clkload68 of sky130_fd_sc_hd__clkinv_8 in cell user_project_wrapper
Note:  Implicit pin Y in instance clkload69 of sky130_fd_sc_hd__inv_6 in cell user_project_wrapper
Note:  Implicit pin Y in instance clkload70 of sky130_fd_sc_hd__clkinvlp_4 in cell user_project_wrapper
Note:  Implicit pin Y in instance clkload71 of sky130_fd_sc_hd__clkinv_2 in cell user_project_wrapper
Note:  Implicit pin Y in instance clkload72 of sky130_fd_sc_hd__clkinvlp_4 in cell user_project_wrapper
Note:  Implicit pin Y in instance clkload73 of sky130_fd_sc_hd__bufinv_16 in cell user_project_wrapper
Note:  Implicit pin Y in instance clkload74 of sky130_fd_sc_hd__bufinv_16 in cell user_project_wrapper
Note:  Implicit pin Y in instance clkload75 of sky130_fd_sc_hd__clkinvlp_4 in cell user_project_wrapper
Note:  Implicit pin Y in instance clkload76 of sky130_fd_sc_hd__clkinvlp_4 in cell user_project_wrapper
Note:  Implicit pin Y in instance clkload77 of sky130_fd_sc_hd__inv_6 in cell user_project_wrapper
Note:  Implicit pin Y in instance clkload78 of sky130_fd_sc_hd__clkinvlp_4 in cell user_project_wrapper
Note:  Implicit pin Y in instance clkload79 of sky130_fd_sc_hd__clkinvlp_4 in cell user_project_wrapper
Note:  Implicit pin Y in instance clkload80 of sky130_fd_sc_hd__clkinvlp_4 in cell user_project_wrapper
Note:  Implicit pin Y in instance clkload81 of sky130_fd_sc_hd__bufinv_16 in cell user_project_wrapper
Note:  Implicit pin Y in instance clkload82 of sky130_fd_sc_hd__clkinvlp_4 in cell user_project_wrapper
Note:  Implicit pin Y in instance clkload83 of sky130_fd_sc_hd__bufinv_16 in cell user_project_wrapper
Note:  Implicit pin Y in instance clkload84 of sky130_fd_sc_hd__bufinv_16 in cell user_project_wrapper
Note:  Implicit pin X in instance clkload85 of sky130_fd_sc_hd__clkbuf_4 in cell user_project_wrapper
Note:  Implicit pin Y in instance clkload86 of sky130_fd_sc_hd__clkinv_2 in cell user_project_wrapper
Note:  Implicit pin X in instance clkload87 of sky130_fd_sc_hd__clkbuf_8 in cell user_project_wrapper
Note:  Implicit pin X in instance clkload88 of sky130_fd_sc_hd__clkbuf_8 in cell user_project_wrapper
Note:  Implicit pin Y in instance clkload89 of sky130_fd_sc_hd__clkinvlp_4 in cell user_project_wrapper
Note:  Implicit pin Y in instance clkload90 of sky130_fd_sc_hd__clkinvlp_4 in cell user_project_wrapper
Note:  Implicit pin X in instance clkload91 of sky130_fd_sc_hd__clkbuf_8 in cell user_project_wrapper
Note:  Implicit pin X in instance clkload92 of sky130_fd_sc_hd__clkbuf_4 in cell user_project_wrapper
Note:  Implicit pin Y in instance clkload93 of sky130_fd_sc_hd__clkinv_2 in cell user_project_wrapper
Note:  Implicit pin Y in instance clkload94 of sky130_fd_sc_hd__clkinv_2 in cell user_project_wrapper
Note:  Implicit pin X in instance clkload95 of sky130_fd_sc_hd__clkbuf_8 in cell user_project_wrapper
Note:  Implicit pin Y in instance clkload96 of sky130_fd_sc_hd__clkinv_2 in cell user_project_wrapper
Note:  Implicit pin Y in instance clkload97 of sky130_fd_sc_hd__clkinv_2 in cell user_project_wrapper
Note:  Implicit pin X in instance clkload98 of sky130_fd_sc_hd__clkbuf_8 in cell user_project_wrapper
Note:  Implicit pin Y in instance clkload99 of sky130_fd_sc_hd__clkinv_2 in cell user_project_wrapper
Note:  Implicit pin X in instance clkload100 of sky130_fd_sc_hd__clkbuf_8 in cell user_project_wrapper
Note:  Implicit pin Y in instance clkload101 of sky130_fd_sc_hd__clkinv_2 in cell user_project_wrapper
Note:  Implicit pin X in instance clkload102 of sky130_fd_sc_hd__clkbuf_8 in cell user_project_wrapper
Note:  Implicit pin Y in instance clkload103 of sky130_fd_sc_hd__bufinv_16 in cell user_project_wrapper
Note:  Implicit pin X in instance clkload104 of sky130_fd_sc_hd__clkbuf_4 in cell user_project_wrapper
Note:  Implicit pin X in instance clkload105 of sky130_fd_sc_hd__clkbuf_8 in cell user_project_wrapper
Note:  Implicit pin X in instance clkload106 of sky130_fd_sc_hd__clkbuf_4 in cell user_project_wrapper
Note:  Implicit pin X in instance clkload107 of sky130_fd_sc_hd__clkbuf_8 in cell user_project_wrapper
Note:  Implicit pin Y in instance clkload108 of sky130_fd_sc_hd__bufinv_16 in cell user_project_wrapper
Note:  Implicit pin X in instance clkload109 of sky130_fd_sc_hd__clkbuf_8 in cell user_project_wrapper
Note:  Implicit pin Y in instance clkload110 of sky130_fd_sc_hd__clkinv_2 in cell user_project_wrapper
Note:  Implicit pin X in instance clkload111 of sky130_fd_sc_hd__clkbuf_4 in cell user_project_wrapper
Note:  Implicit pin X in instance clkload112 of sky130_fd_sc_hd__clkbuf_4 in cell user_project_wrapper
Note:  Implicit pin X in instance clkload113 of sky130_fd_sc_hd__clkbuf_8 in cell user_project_wrapper
Note:  Implicit pin X in instance clkload114 of sky130_fd_sc_hd__clkbuf_4 in cell user_project_wrapper
Note:  Implicit pin X in instance clkload115 of sky130_fd_sc_hd__clkbuf_8 in cell user_project_wrapper
Note:  Implicit pin X in instance clkload116 of sky130_fd_sc_hd__clkbuf_4 in cell user_project_wrapper
Note:  Implicit pin X in instance clkload117 of sky130_fd_sc_hd__clkbuf_4 in cell user_project_wrapper
Note:  Implicit pin X in instance clkload118 of sky130_fd_sc_hd__clkbuf_8 in cell user_project_wrapper
Note:  Implicit pin X in instance clkload119 of sky130_fd_sc_hd__clkbuf_4 in cell user_project_wrapper
Note:  Implicit pin X in instance clkload120 of sky130_fd_sc_hd__clkbuf_4 in cell user_project_wrapper
Note:  Implicit pin Y in instance clkload121 of sky130_fd_sc_hd__clkinv_2 in cell user_project_wrapper
Note:  Implicit pin Y in instance clkload122 of sky130_fd_sc_hd__clkinv_2 in cell user_project_wrapper
Note:  Implicit pin Y in instance clkload123 of sky130_fd_sc_hd__bufinv_16 in cell user_project_wrapper
Note:  Implicit pin X in instance clkload124 of sky130_fd_sc_hd__clkbuf_8 in cell user_project_wrapper
Note:  Implicit pin Y in instance clkload125 of sky130_fd_sc_hd__clkinv_2 in cell user_project_wrapper
Note:  Implicit pin X in instance clkload126 of sky130_fd_sc_hd__clkbuf_8 in cell user_project_wrapper
Note:  Implicit pin Y in instance clkload127 of sky130_fd_sc_hd__bufinv_16 in cell user_project_wrapper
Note:  Implicit pin Y in instance clkload128 of sky130_fd_sc_hd__clkinv_2 in cell user_project_wrapper
Note:  Implicit pin X in instance clkload129 of sky130_fd_sc_hd__clkbuf_8 in cell user_project_wrapper
Note:  Implicit pin X in instance clkload130 of sky130_fd_sc_hd__clkbuf_8 in cell user_project_wrapper
Note:  Implicit pin X in instance clkload131 of sky130_fd_sc_hd__clkbuf_8 in cell user_project_wrapper
Note:  Implicit pin X in instance clkload132 of sky130_fd_sc_hd__clkbuf_8 in cell user_project_wrapper
Note:  Implicit pin Y in instance clkload133 of sky130_fd_sc_hd__bufinv_16 in cell user_project_wrapper
Note:  Implicit pin X in instance clkload134 of sky130_fd_sc_hd__clkbuf_8 in cell user_project_wrapper
Note:  Implicit pin X in instance clkload135 of sky130_fd_sc_hd__clkbuf_4 in cell user_project_wrapper
Note:  Implicit pin X in instance clkload136 of sky130_fd_sc_hd__clkbuf_4 in cell user_project_wrapper
Note:  Implicit pin X in instance clkload137 of sky130_fd_sc_hd__clkbuf_8 in cell user_project_wrapper
Note:  Implicit pin X in instance clkload138 of sky130_fd_sc_hd__clkbuf_8 in cell user_project_wrapper
Note:  Implicit pin Y in instance clkload139 of sky130_fd_sc_hd__clkinv_2 in cell user_project_wrapper
Note:  Implicit pin X in instance clkload140 of sky130_fd_sc_hd__clkbuf_4 in cell user_project_wrapper
Note:  Implicit pin X in instance clkload141 of sky130_fd_sc_hd__clkbuf_8 in cell user_project_wrapper
Note:  Implicit pin X in instance clkload142 of sky130_fd_sc_hd__clkbuf_8 in cell user_project_wrapper
Note:  Implicit pin X in instance clkload143 of sky130_fd_sc_hd__clkbuf_4 in cell user_project_wrapper
Note:  Implicit pin X in instance clkload144 of sky130_fd_sc_hd__clkbuf_4 in cell user_project_wrapper
Note:  Implicit pin X in instance clkload145 of sky130_fd_sc_hd__clkbuf_4 in cell user_project_wrapper
Note:  Implicit pin X in instance clkload146 of sky130_fd_sc_hd__clkbuf_4 in cell user_project_wrapper
Note:  Implicit pin X in instance clkload147 of sky130_fd_sc_hd__clkbuf_4 in cell user_project_wrapper
Note:  Implicit pin X in instance clkload148 of sky130_fd_sc_hd__clkbuf_8 in cell user_project_wrapper
Note:  Implicit pin X in instance clkload149 of sky130_fd_sc_hd__clkbuf_4 in cell user_project_wrapper
Note:  Implicit pin X in instance clkload150 of sky130_fd_sc_hd__clkbuf_4 in cell user_project_wrapper
Note:  Implicit pin X in instance clkload151 of sky130_fd_sc_hd__clkbuf_8 in cell user_project_wrapper
Note:  Implicit pin X in instance clkload152 of sky130_fd_sc_hd__clkbuf_8 in cell user_project_wrapper
Note:  Implicit pin X in instance clkload153 of sky130_fd_sc_hd__clkbuf_8 in cell user_project_wrapper
Note:  Implicit pin Y in instance clkload154 of sky130_fd_sc_hd__clkinv_2 in cell user_project_wrapper
Note:  Implicit pin X in instance clkload155 of sky130_fd_sc_hd__clkbuf_8 in cell user_project_wrapper
Note:  Implicit pin X in instance clkload156 of sky130_fd_sc_hd__clkbuf_8 in cell user_project_wrapper
Note:  Implicit pin X in instance clkload157 of sky130_fd_sc_hd__clkbuf_4 in cell user_project_wrapper
Note:  Implicit pin X in instance clkload158 of sky130_fd_sc_hd__clkbuf_8 in cell user_project_wrapper
Note:  Implicit pin X in instance clkload159 of sky130_fd_sc_hd__clkbuf_4 in cell user_project_wrapper
Note:  Implicit pin X in instance clkload160 of sky130_fd_sc_hd__clkbuf_4 in cell user_project_wrapper
Note:  Implicit pin X in instance clkload161 of sky130_fd_sc_hd__clkbuf_8 in cell user_project_wrapper
Note:  Implicit pin Y in instance clkload162 of sky130_fd_sc_hd__clkinv_2 in cell user_project_wrapper
Note:  Implicit pin X in instance clkload163 of sky130_fd_sc_hd__clkbuf_4 in cell user_project_wrapper
Note:  Implicit pin X in instance clkload164 of sky130_fd_sc_hd__clkbuf_8 in cell user_project_wrapper
Note:  Implicit pin X in instance clkload165 of sky130_fd_sc_hd__clkbuf_8 in cell user_project_wrapper
Note:  Implicit pin Y in instance clkload166 of sky130_fd_sc_hd__clkinv_2 in cell user_project_wrapper
Note:  Implicit pin Y in instance clkload167 of sky130_fd_sc_hd__clkinv_2 in cell user_project_wrapper
Note:  Implicit pin X in instance clkload168 of sky130_fd_sc_hd__clkbuf_8 in cell user_project_wrapper
Note:  Implicit pin X in instance clkload169 of sky130_fd_sc_hd__clkbuf_4 in cell user_project_wrapper
Note:  Implicit pin X in instance clkload170 of sky130_fd_sc_hd__clkbuf_4 in cell user_project_wrapper
Note:  Implicit pin X in instance clkload171 of sky130_fd_sc_hd__clkbuf_4 in cell user_project_wrapper
Note:  Implicit pin X in instance clkload172 of sky130_fd_sc_hd__clkbuf_4 in cell user_project_wrapper
Note:  Implicit pin X in instance clkload173 of sky130_fd_sc_hd__clkbuf_8 in cell user_project_wrapper
Note:  Implicit pin X in instance clkload174 of sky130_fd_sc_hd__clkbuf_4 in cell user_project_wrapper
Note:  Implicit pin X in instance clkload175 of sky130_fd_sc_hd__clkbuf_4 in cell user_project_wrapper
Note:  Implicit pin X in instance clkload176 of sky130_fd_sc_hd__clkbuf_8 in cell user_project_wrapper
Note:  Implicit pin X in instance clkload177 of sky130_fd_sc_hd__clkbuf_8 in cell user_project_wrapper
Note:  Implicit pin X in instance clkload178 of sky130_fd_sc_hd__clkbuf_4 in cell user_project_wrapper
Note:  Implicit pin X in instance clkload179 of sky130_fd_sc_hd__clkbuf_4 in cell user_project_wrapper
Note:  Implicit pin X in instance clkload180 of sky130_fd_sc_hd__clkbuf_8 in cell user_project_wrapper
Note:  Implicit pin X in instance clkload181 of sky130_fd_sc_hd__clkbuf_8 in cell user_project_wrapper
Note:  Implicit pin X in instance clkload182 of sky130_fd_sc_hd__clkbuf_4 in cell user_project_wrapper
Note:  Implicit pin X in instance clkload183 of sky130_fd_sc_hd__clkbuf_8 in cell user_project_wrapper
Note:  Implicit pin Y in instance clkload184 of sky130_fd_sc_hd__clkinv_2 in cell user_project_wrapper
Note:  Implicit pin X in instance clkload185 of sky130_fd_sc_hd__clkbuf_4 in cell user_project_wrapper
Note:  Implicit pin X in instance clkload186 of sky130_fd_sc_hd__clkbuf_8 in cell user_project_wrapper
Note:  Implicit pin X in instance clkload187 of sky130_fd_sc_hd__clkbuf_4 in cell user_project_wrapper
Note:  Implicit pin X in instance clkload188 of sky130_fd_sc_hd__clkbuf_8 in cell user_project_wrapper
Note:  Implicit pin Y in instance clkload189 of sky130_fd_sc_hd__clkinv_2 in cell user_project_wrapper
Note:  Implicit pin X in instance clkload190 of sky130_fd_sc_hd__clkbuf_8 in cell user_project_wrapper
Note:  Implicit pin Y in instance clkload191 of sky130_fd_sc_hd__clkinv_2 in cell user_project_wrapper
Note:  Implicit pin X in instance clkload192 of sky130_fd_sc_hd__clkbuf_8 in cell user_project_wrapper
Note:  Implicit pin X in instance clkload193 of sky130_fd_sc_hd__clkbuf_8 in cell user_project_wrapper
Note:  Implicit pin X in instance clkload194 of sky130_fd_sc_hd__clkbuf_4 in cell user_project_wrapper
Note:  Implicit pin X in instance clkload195 of sky130_fd_sc_hd__clkbuf_4 in cell user_project_wrapper
Note:  Implicit pin X in instance clkload196 of sky130_fd_sc_hd__clkbuf_4 in cell user_project_wrapper
Note:  Implicit pin Y in instance clkload197 of sky130_fd_sc_hd__clkinv_2 in cell user_project_wrapper
Note:  Implicit pin X in instance clkload198 of sky130_fd_sc_hd__clkbuf_8 in cell user_project_wrapper
Note:  Implicit pin Y in instance clkload199 of sky130_fd_sc_hd__bufinv_16 in cell user_project_wrapper
Note:  Implicit pin X in instance clkload200 of sky130_fd_sc_hd__clkbuf_8 in cell user_project_wrapper
Note:  Implicit pin X in instance clkload201 of sky130_fd_sc_hd__clkbuf_4 in cell user_project_wrapper
Note:  Implicit pin X in instance clkload202 of sky130_fd_sc_hd__clkbuf_4 in cell user_project_wrapper
Note:  Implicit pin Y in instance clkload203 of sky130_fd_sc_hd__clkinv_1 in cell user_project_wrapper
Note:  Implicit pin X in instance clkload204 of sky130_fd_sc_hd__clkbuf_4 in cell user_project_wrapper
Note:  Implicit pin Y in instance clkload205 of sky130_fd_sc_hd__bufinv_16 in cell user_project_wrapper
Note:  Implicit pin Y in instance clkload206 of sky130_fd_sc_hd__inv_4 in cell user_project_wrapper
Note:  Implicit pin Y in instance clkload207 of sky130_fd_sc_hd__bufinv_16 in cell user_project_wrapper
Note:  Implicit pin Y in instance clkload208 of sky130_fd_sc_hd__bufinv_16 in cell user_project_wrapper
Note:  Implicit pin Y in instance clkload209 of sky130_fd_sc_hd__bufinv_16 in cell user_project_wrapper
Note:  Implicit pin Y in instance clkload210 of sky130_fd_sc_hd__inv_4 in cell user_project_wrapper
Note:  Implicit pin Y in instance clkload211 of sky130_fd_sc_hd__bufinv_16 in cell user_project_wrapper
Note:  Implicit pin X in instance clkload212 of sky130_fd_sc_hd__clkbuf_4 in cell user_project_wrapper
Note:  Implicit pin X in instance clkload213 of sky130_fd_sc_hd__clkbuf_4 in cell user_project_wrapper
Note:  Implicit pin X in instance clkload214 of sky130_fd_sc_hd__clkbuf_4 in cell user_project_wrapper
Note:  Implicit pin X in instance clkload215 of sky130_fd_sc_hd__clkbuf_4 in cell user_project_wrapper
Note:  Implicit pin Y in instance clkload216 of sky130_fd_sc_hd__clkinvlp_4 in cell user_project_wrapper
Note:  Implicit pin Y in instance clkload217 of sky130_fd_sc_hd__clkinvlp_4 in cell user_project_wrapper
Note:  Implicit pin Y in instance clkload218 of sky130_fd_sc_hd__clkinv_2 in cell user_project_wrapper
Note:  Implicit pin X in instance clkload219 of sky130_fd_sc_hd__clkbuf_8 in cell user_project_wrapper
Note:  Implicit pin Y in instance clkload220 of sky130_fd_sc_hd__clkinv_2 in cell user_project_wrapper
Note:  Implicit pin X in instance clkload221 of sky130_fd_sc_hd__clkbuf_8 in cell user_project_wrapper
Note:  Implicit pin X in instance clkload222 of sky130_fd_sc_hd__clkbuf_8 in cell user_project_wrapper
Note:  Implicit pin X in instance clkload223 of sky130_fd_sc_hd__clkbuf_8 in cell user_project_wrapper
Note:  Implicit pin Y in instance clkload224 of sky130_fd_sc_hd__clkinvlp_4 in cell user_project_wrapper
Note:  Implicit pin X in instance clkload225 of sky130_fd_sc_hd__clkbuf_8 in cell user_project_wrapper
Note:  Implicit pin Y in instance clkload226 of sky130_fd_sc_hd__clkinvlp_4 in cell user_project_wrapper
Note:  Implicit pin Y in instance clkload227 of sky130_fd_sc_hd__bufinv_16 in cell user_project_wrapper
Note:  Implicit pin X in instance clkload228 of sky130_fd_sc_hd__clkbuf_8 in cell user_project_wrapper
Note:  Implicit pin X in instance clkload229 of sky130_fd_sc_hd__clkbuf_8 in cell user_project_wrapper
Note:  Implicit pin Y in instance clkload230 of sky130_fd_sc_hd__clkinv_2 in cell user_project_wrapper
Note:  Implicit pin X in instance clkload231 of sky130_fd_sc_hd__clkbuf_8 in cell user_project_wrapper
Note:  Implicit pin Y in instance clkload232 of sky130_fd_sc_hd__clkinv_2 in cell user_project_wrapper
Note:  Implicit pin X in instance clkload233 of sky130_fd_sc_hd__clkbuf_8 in cell user_project_wrapper
Note:  Implicit pin X in instance clkload234 of sky130_fd_sc_hd__clkbuf_8 in cell user_project_wrapper
Note:  Implicit pin Y in instance clkload235 of sky130_fd_sc_hd__clkinv_2 in cell user_project_wrapper
Note:  Implicit pin Y in instance clkload236 of sky130_fd_sc_hd__bufinv_16 in cell user_project_wrapper
Note:  Implicit pin X in instance clkload237 of sky130_fd_sc_hd__clkbuf_8 in cell user_project_wrapper
Note:  Implicit pin Y in instance clkload238 of sky130_fd_sc_hd__bufinv_16 in cell user_project_wrapper
Note:  Implicit pin X in instance clkload239 of sky130_fd_sc_hd__clkbuf_8 in cell user_project_wrapper
Note:  Implicit pin X in instance clkload240 of sky130_fd_sc_hd__clkbuf_4 in cell user_project_wrapper
Note:  Implicit pin X in instance clkload241 of sky130_fd_sc_hd__clkbuf_4 in cell user_project_wrapper
Note:  Implicit pin X in instance clkload242 of sky130_fd_sc_hd__clkbuf_4 in cell user_project_wrapper
Note:  Implicit pin X in instance clkload243 of sky130_fd_sc_hd__clkbuf_8 in cell user_project_wrapper
Note:  Implicit pin X in instance clkload244 of sky130_fd_sc_hd__clkbuf_8 in cell user_project_wrapper
Note:  Implicit pin X in instance clkload245 of sky130_fd_sc_hd__clkbuf_8 in cell user_project_wrapper
Note:  Implicit pin Y in instance clkload246 of sky130_fd_sc_hd__clkinv_2 in cell user_project_wrapper
Note:  Implicit pin X in instance clkload247 of sky130_fd_sc_hd__clkbuf_4 in cell user_project_wrapper
Note:  Implicit pin X in instance clkload248 of sky130_fd_sc_hd__clkbuf_4 in cell user_project_wrapper
Note:  Implicit pin X in instance clkload249 of sky130_fd_sc_hd__clkbuf_8 in cell user_project_wrapper
Note:  Implicit pin Y in instance clkload250 of sky130_fd_sc_hd__clkinv_2 in cell user_project_wrapper
Note:  Implicit pin Y in instance clkload251 of sky130_fd_sc_hd__bufinv_16 in cell user_project_wrapper
Note:  Implicit pin X in instance clkload252 of sky130_fd_sc_hd__clkbuf_8 in cell user_project_wrapper
Note:  Implicit pin Y in instance clkload253 of sky130_fd_sc_hd__clkinv_2 in cell user_project_wrapper
Note:  Implicit pin X in instance clkload254 of sky130_fd_sc_hd__clkbuf_8 in cell user_project_wrapper
Note:  Implicit pin X in instance clkload255 of sky130_fd_sc_hd__clkbuf_8 in cell user_project_wrapper
Note:  Implicit pin X in instance clkload256 of sky130_fd_sc_hd__clkbuf_4 in cell user_project_wrapper
Note:  Implicit pin X in instance clkload257 of sky130_fd_sc_hd__clkbuf_8 in cell user_project_wrapper
Note:  Implicit pin X in instance clkload258 of sky130_fd_sc_hd__clkbuf_4 in cell user_project_wrapper
Note:  Implicit pin X in instance clkload259 of sky130_fd_sc_hd__clkbuf_8 in cell user_project_wrapper
Note:  Implicit pin X in instance clkload260 of sky130_fd_sc_hd__clkbuf_4 in cell user_project_wrapper
Note:  Implicit pin X in instance clkload261 of sky130_fd_sc_hd__clkbuf_4 in cell user_project_wrapper
Note:  Implicit pin X in instance clkload262 of sky130_fd_sc_hd__clkbuf_4 in cell user_project_wrapper
Note:  Implicit pin X in instance clkload263 of sky130_fd_sc_hd__clkbuf_4 in cell user_project_wrapper
Note:  Implicit pin X in instance clkload264 of sky130_fd_sc_hd__clkbuf_4 in cell user_project_wrapper
Note:  Implicit pin X in instance clkload265 of sky130_fd_sc_hd__clkbuf_4 in cell user_project_wrapper
Note:  Implicit pin X in instance clkload266 of sky130_fd_sc_hd__clkbuf_4 in cell user_project_wrapper
Note:  Implicit pin X in instance clkload267 of sky130_fd_sc_hd__clkbuf_8 in cell user_project_wrapper
Note:  Implicit pin X in instance clkload268 of sky130_fd_sc_hd__clkbuf_4 in cell user_project_wrapper
Note:  Implicit pin X in instance clkload269 of sky130_fd_sc_hd__clkbuf_4 in cell user_project_wrapper
Note:  Implicit pin X in instance clkload270 of sky130_fd_sc_hd__clkbuf_8 in cell user_project_wrapper
Note:  Implicit pin X in instance clkload271 of sky130_fd_sc_hd__clkbuf_4 in cell user_project_wrapper
Note:  Implicit pin X in instance clkload272 of sky130_fd_sc_hd__clkbuf_8 in cell user_project_wrapper
Note:  Implicit pin X in instance clkload273 of sky130_fd_sc_hd__clkbuf_4 in cell user_project_wrapper
Note:  Implicit pin Y in instance clkload274 of sky130_fd_sc_hd__clkinv_2 in cell user_project_wrapper
Note:  Implicit pin Y in instance clkload275 of sky130_fd_sc_hd__clkinv_2 in cell user_project_wrapper
Note:  Implicit pin X in instance clkload276 of sky130_fd_sc_hd__clkbuf_4 in cell user_project_wrapper
Note:  Implicit pin X in instance clkload277 of sky130_fd_sc_hd__clkbuf_8 in cell user_project_wrapper
Note:  Implicit pin Y in instance clkload278 of sky130_fd_sc_hd__clkinv_2 in cell user_project_wrapper
Note:  Implicit pin X in instance clkload279 of sky130_fd_sc_hd__clkbuf_8 in cell user_project_wrapper
Note:  Implicit pin X in instance clkload280 of sky130_fd_sc_hd__clkbuf_8 in cell user_project_wrapper
Note:  Implicit pin X in instance clkload281 of sky130_fd_sc_hd__clkbuf_8 in cell user_project_wrapper
Note:  Implicit pin X in instance clkload282 of sky130_fd_sc_hd__clkbuf_8 in cell user_project_wrapper
Note:  Implicit pin X in instance clkload283 of sky130_fd_sc_hd__clkbuf_4 in cell user_project_wrapper
Note:  Implicit pin X in instance clkload284 of sky130_fd_sc_hd__clkbuf_4 in cell user_project_wrapper
Note:  Implicit pin X in instance clkload285 of sky130_fd_sc_hd__clkbuf_4 in cell user_project_wrapper
Note:  Implicit pin X in instance clkload286 of sky130_fd_sc_hd__clkbuf_4 in cell user_project_wrapper
Note:  Implicit pin X in instance clkload287 of sky130_fd_sc_hd__clkbuf_4 in cell user_project_wrapper
Note:  Implicit pin X in instance clkload288 of sky130_fd_sc_hd__clkbuf_4 in cell user_project_wrapper
Note:  Implicit pin Y in instance clkload289 of sky130_fd_sc_hd__clkinv_2 in cell user_project_wrapper
Note:  Implicit pin X in instance clkload290 of sky130_fd_sc_hd__clkbuf_4 in cell user_project_wrapper
Note:  Implicit pin X in instance clkload291 of sky130_fd_sc_hd__clkbuf_8 in cell user_project_wrapper
Note:  Implicit pin Y in instance clkload292 of sky130_fd_sc_hd__clkinv_2 in cell user_project_wrapper
Note:  Implicit pin X in instance clkload293 of sky130_fd_sc_hd__clkbuf_4 in cell user_project_wrapper
Note:  Implicit pin X in instance clkload294 of sky130_fd_sc_hd__clkbuf_8 in cell user_project_wrapper
Note:  Implicit pin X in instance clkload295 of sky130_fd_sc_hd__clkbuf_4 in cell user_project_wrapper
Note:  Implicit pin X in instance clkload296 of sky130_fd_sc_hd__clkbuf_4 in cell user_project_wrapper
Note:  Implicit pin X in instance clkload297 of sky130_fd_sc_hd__clkbuf_4 in cell user_project_wrapper
Note:  Implicit pin X in instance clkload298 of sky130_fd_sc_hd__clkbuf_8 in cell user_project_wrapper
Note:  Implicit pin X in instance clkload299 of sky130_fd_sc_hd__clkbuf_8 in cell user_project_wrapper
Note:  Implicit pin Y in instance clkload300 of sky130_fd_sc_hd__clkinv_2 in cell user_project_wrapper
Note:  Implicit pin Y in instance clkload301 of sky130_fd_sc_hd__bufinv_16 in cell user_project_wrapper
Note:  Implicit pin Y in instance clkload302 of sky130_fd_sc_hd__bufinv_16 in cell user_project_wrapper
Note:  Implicit pin Y in instance clkload303 of sky130_fd_sc_hd__clkinv_2 in cell user_project_wrapper
Note:  Implicit pin Y in instance clkload304 of sky130_fd_sc_hd__bufinv_16 in cell user_project_wrapper
Note:  Implicit pin Y in instance clkload305 of sky130_fd_sc_hd__clkinv_2 in cell user_project_wrapper
Note:  Implicit pin X in instance clkload306 of sky130_fd_sc_hd__clkbuf_8 in cell user_project_wrapper
Note:  Implicit pin Y in instance clkload307 of sky130_fd_sc_hd__clkinv_2 in cell user_project_wrapper
Note:  Implicit pin X in instance clkload308 of sky130_fd_sc_hd__clkbuf_8 in cell user_project_wrapper
Note:  Implicit pin X in instance clkload309 of sky130_fd_sc_hd__clkbuf_8 in cell user_project_wrapper
Note:  Implicit pin X in instance clkload310 of sky130_fd_sc_hd__clkbuf_8 in cell user_project_wrapper
Note:  Implicit pin Y in instance clkload311 of sky130_fd_sc_hd__bufinv_16 in cell user_project_wrapper
Note:  Implicit pin X in instance clkload312 of sky130_fd_sc_hd__clkbuf_4 in cell user_project_wrapper
Note:  Implicit pin X in instance clkload313 of sky130_fd_sc_hd__clkbuf_8 in cell user_project_wrapper
Note:  Implicit pin X in instance clkload314 of sky130_fd_sc_hd__clkbuf_4 in cell user_project_wrapper
Note:  Implicit pin X in instance clkload315 of sky130_fd_sc_hd__clkbuf_4 in cell user_project_wrapper
Note:  Implicit pin X in instance clkload316 of sky130_fd_sc_hd__clkbuf_8 in cell user_project_wrapper
Note:  Implicit pin X in instance clkload317 of sky130_fd_sc_hd__clkbuf_4 in cell user_project_wrapper
Note:  Implicit pin X in instance clkload318 of sky130_fd_sc_hd__clkbuf_8 in cell user_project_wrapper
Note:  Implicit pin X in instance clkload319 of sky130_fd_sc_hd__clkbuf_8 in cell user_project_wrapper
Note:  Implicit pin Y in instance clkload320 of sky130_fd_sc_hd__clkinv_2 in cell user_project_wrapper
Note:  Implicit pin X in instance clkload321 of sky130_fd_sc_hd__clkbuf_8 in cell user_project_wrapper
Note:  Implicit pin X in instance clkload322 of sky130_fd_sc_hd__clkbuf_4 in cell user_project_wrapper
Note:  Implicit pin X in instance clkload323 of sky130_fd_sc_hd__clkbuf_8 in cell user_project_wrapper
Note:  Implicit pin X in instance clkload324 of sky130_fd_sc_hd__clkbuf_4 in cell user_project_wrapper
Note:  Implicit pin X in instance clkload325 of sky130_fd_sc_hd__clkbuf_8 in cell user_project_wrapper
Note:  Implicit pin X in instance clkload326 of sky130_fd_sc_hd__clkbuf_4 in cell user_project_wrapper
Note:  Implicit pin X in instance clkload327 of sky130_fd_sc_hd__clkbuf_8 in cell user_project_wrapper
Note:  Implicit pin X in instance clkload328 of sky130_fd_sc_hd__clkbuf_4 in cell user_project_wrapper
Note:  Implicit pin X in instance clkload329 of sky130_fd_sc_hd__clkbuf_4 in cell user_project_wrapper
Note:  Implicit pin X in instance clkload330 of sky130_fd_sc_hd__clkbuf_8 in cell user_project_wrapper
Note:  Implicit pin X in instance clkload331 of sky130_fd_sc_hd__clkbuf_8 in cell user_project_wrapper
Note:  Implicit pin X in instance clkload332 of sky130_fd_sc_hd__clkbuf_4 in cell user_project_wrapper
Note:  Implicit pin X in instance clkload333 of sky130_fd_sc_hd__clkbuf_4 in cell user_project_wrapper
Note:  Implicit pin X in instance clkload334 of sky130_fd_sc_hd__clkbuf_8 in cell user_project_wrapper
Note:  Implicit pin X in instance clkload335 of sky130_fd_sc_hd__clkbuf_4 in cell user_project_wrapper
Note:  Implicit pin X in instance clkload336 of sky130_fd_sc_hd__clkbuf_8 in cell user_project_wrapper
Note:  Implicit pin X in instance clkload337 of sky130_fd_sc_hd__clkbuf_4 in cell user_project_wrapper
Note:  Implicit pin X in instance clkload338 of sky130_fd_sc_hd__clkbuf_4 in cell user_project_wrapper
Note:  Implicit pin X in instance clkload339 of sky130_fd_sc_hd__clkbuf_4 in cell user_project_wrapper
Note:  Implicit pin X in instance clkload340 of sky130_fd_sc_hd__clkbuf_8 in cell user_project_wrapper
Note:  Implicit pin Y in instance clkload341 of sky130_fd_sc_hd__clkinv_2 in cell user_project_wrapper
Note:  Implicit pin X in instance clkload342 of sky130_fd_sc_hd__clkbuf_4 in cell user_project_wrapper
Note:  Implicit pin X in instance clkload343 of sky130_fd_sc_hd__clkbuf_8 in cell user_project_wrapper
Note:  Implicit pin Y in instance clkload344 of sky130_fd_sc_hd__clkinv_2 in cell user_project_wrapper
Note:  Implicit pin Y in instance clkload345 of sky130_fd_sc_hd__clkinv_2 in cell user_project_wrapper
Note:  Implicit pin X in instance clkload346 of sky130_fd_sc_hd__clkbuf_8 in cell user_project_wrapper
Note:  Implicit pin X in instance clkload347 of sky130_fd_sc_hd__clkbuf_4 in cell user_project_wrapper
Note:  Implicit pin X in instance clkload348 of sky130_fd_sc_hd__clkbuf_4 in cell user_project_wrapper
Note:  Implicit pin Y in instance clkload349 of sky130_fd_sc_hd__clkinv_2 in cell user_project_wrapper
Note:  Implicit pin X in instance clkload350 of sky130_fd_sc_hd__clkbuf_4 in cell user_project_wrapper
Note:  Implicit pin X in instance clkload351 of sky130_fd_sc_hd__clkbuf_4 in cell user_project_wrapper
Note:  Implicit pin X in instance clkload352 of sky130_fd_sc_hd__clkbuf_8 in cell user_project_wrapper
Note:  Implicit pin X in instance clkload353 of sky130_fd_sc_hd__clkbuf_8 in cell user_project_wrapper
Note:  Implicit pin X in instance clkload354 of sky130_fd_sc_hd__clkbuf_4 in cell user_project_wrapper
Note:  Implicit pin X in instance clkload355 of sky130_fd_sc_hd__clkbuf_4 in cell user_project_wrapper
Note:  Implicit pin X in instance clkload356 of sky130_fd_sc_hd__clkbuf_4 in cell user_project_wrapper
Note:  Implicit pin X in instance clkload357 of sky130_fd_sc_hd__clkbuf_8 in cell user_project_wrapper
Note:  Implicit pin X in instance clkload358 of sky130_fd_sc_hd__clkbuf_4 in cell user_project_wrapper
Note:  Implicit pin X in instance clkload359 of sky130_fd_sc_hd__clkbuf_8 in cell user_project_wrapper
Note:  Implicit pin Y in instance clkload360 of sky130_fd_sc_hd__clkinv_2 in cell user_project_wrapper
Note:  Implicit pin X in instance clkload361 of sky130_fd_sc_hd__clkbuf_4 in cell user_project_wrapper
Note:  Implicit pin Y in instance clkload362 of sky130_fd_sc_hd__bufinv_16 in cell user_project_wrapper
Note:  Implicit pin X in instance clkload363 of sky130_fd_sc_hd__clkbuf_8 in cell user_project_wrapper
Note:  Implicit pin X in instance clkload364 of sky130_fd_sc_hd__clkbuf_8 in cell user_project_wrapper
Note:  Implicit pin X in instance clkload365 of sky130_fd_sc_hd__clkbuf_4 in cell user_project_wrapper
Note:  Implicit pin Y in instance clkload366 of sky130_fd_sc_hd__clkinv_2 in cell user_project_wrapper
Note:  Implicit pin Y in instance clkload367 of sky130_fd_sc_hd__clkinv_2 in cell user_project_wrapper
Note:  Implicit pin Y in instance clkload368 of sky130_fd_sc_hd__clkinv_2 in cell user_project_wrapper
Note:  Implicit pin Y in instance clkload369 of sky130_fd_sc_hd__clkinv_2 in cell user_project_wrapper
Note:  Implicit pin Y in instance clkload370 of sky130_fd_sc_hd__clkinv_2 in cell user_project_wrapper
Note:  Implicit pin Y in instance clkload371 of sky130_fd_sc_hd__clkinv_2 in cell user_project_wrapper
Note:  Implicit pin Y in instance clkload372 of sky130_fd_sc_hd__clkinv_2 in cell user_project_wrapper
Note:  Implicit pin X in instance clkload373 of sky130_fd_sc_hd__clkbuf_8 in cell user_project_wrapper
Note:  Implicit pin Y in instance clkload374 of sky130_fd_sc_hd__bufinv_16 in cell user_project_wrapper
Note:  Implicit pin Y in instance clkload375 of sky130_fd_sc_hd__clkinv_2 in cell user_project_wrapper
Note:  Implicit pin X in instance clkload376 of sky130_fd_sc_hd__clkbuf_8 in cell user_project_wrapper
Note:  Implicit pin Y in instance clkload377 of sky130_fd_sc_hd__clkinv_2 in cell user_project_wrapper
Note:  Implicit pin X in instance clkload378 of sky130_fd_sc_hd__clkbuf_4 in cell user_project_wrapper
Note:  Implicit pin X in instance clkload379 of sky130_fd_sc_hd__clkbuf_8 in cell user_project_wrapper
Note:  Implicit pin X in instance clkload380 of sky130_fd_sc_hd__clkbuf_8 in cell user_project_wrapper
Note:  Implicit pin Y in instance clkload381 of sky130_fd_sc_hd__clkinv_2 in cell user_project_wrapper
Note:  Implicit pin Y in instance clkload382 of sky130_fd_sc_hd__clkinv_2 in cell user_project_wrapper
Note:  Implicit pin X in instance clkload383 of sky130_fd_sc_hd__clkbuf_4 in cell user_project_wrapper
Note:  Implicit pin X in instance clkload384 of sky130_fd_sc_hd__clkbuf_8 in cell user_project_wrapper
Note:  Implicit pin X in instance clkload385 of sky130_fd_sc_hd__clkbuf_8 in cell user_project_wrapper
Note:  Implicit pin Y in instance clkload386 of sky130_fd_sc_hd__clkinv_2 in cell user_project_wrapper
Note:  Implicit pin X in instance clkload387 of sky130_fd_sc_hd__clkbuf_4 in cell user_project_wrapper
Note:  Implicit pin X in instance clkload388 of sky130_fd_sc_hd__clkbuf_4 in cell user_project_wrapper
Note:  Implicit pin X in instance clkload389 of sky130_fd_sc_hd__clkbuf_4 in cell user_project_wrapper
Note:  Implicit pin X in instance clkload390 of sky130_fd_sc_hd__clkbuf_8 in cell user_project_wrapper
Note:  Implicit pin X in instance clkload391 of sky130_fd_sc_hd__clkbuf_4 in cell user_project_wrapper
Note:  Implicit pin X in instance clkload392 of sky130_fd_sc_hd__clkbuf_8 in cell user_project_wrapper
Note:  Implicit pin X in instance clkload393 of sky130_fd_sc_hd__clkbuf_8 in cell user_project_wrapper
Note:  Implicit pin X in instance clkload394 of sky130_fd_sc_hd__clkbuf_8 in cell user_project_wrapper
Note:  Implicit pin X in instance clkload395 of sky130_fd_sc_hd__clkbuf_8 in cell user_project_wrapper
Note:  Implicit pin X in instance clkload396 of sky130_fd_sc_hd__clkbuf_8 in cell user_project_wrapper
Note:  Implicit pin X in instance clkload397 of sky130_fd_sc_hd__clkbuf_4 in cell user_project_wrapper
Note:  Implicit pin X in instance clkload398 of sky130_fd_sc_hd__clkbuf_8 in cell user_project_wrapper
Note:  Implicit pin X in instance clkload399 of sky130_fd_sc_hd__clkbuf_4 in cell user_project_wrapper
Note:  Implicit pin X in instance clkload400 of sky130_fd_sc_hd__clkbuf_4 in cell user_project_wrapper
Note:  Implicit pin X in instance clkload401 of sky130_fd_sc_hd__clkbuf_4 in cell user_project_wrapper
Note:  Implicit pin X in instance clkload402 of sky130_fd_sc_hd__clkbuf_4 in cell user_project_wrapper
Note:  Implicit pin X in instance clkload403 of sky130_fd_sc_hd__clkbuf_4 in cell user_project_wrapper
Note:  Implicit pin X in instance clkload404 of sky130_fd_sc_hd__clkbuf_4 in cell user_project_wrapper
Note:  Implicit pin X in instance clkload405 of sky130_fd_sc_hd__clkbuf_4 in cell user_project_wrapper
Note:  Implicit pin X in instance clkload406 of sky130_fd_sc_hd__clkbuf_4 in cell user_project_wrapper
Note:  Implicit pin X in instance clkload407 of sky130_fd_sc_hd__clkbuf_8 in cell user_project_wrapper
Note:  Implicit pin X in instance clkload408 of sky130_fd_sc_hd__clkbuf_8 in cell user_project_wrapper
Note:  Implicit pin Y in instance clkload409 of sky130_fd_sc_hd__clkinv_2 in cell user_project_wrapper
Note:  Implicit pin Y in instance clkload410 of sky130_fd_sc_hd__clkinv_2 in cell user_project_wrapper
Note:  Implicit pin Y in instance clkload411 of sky130_fd_sc_hd__clkinv_2 in cell user_project_wrapper
Note:  Implicit pin X in instance clkload412 of sky130_fd_sc_hd__clkbuf_8 in cell user_project_wrapper
Note:  Implicit pin X in instance clkload413 of sky130_fd_sc_hd__clkbuf_4 in cell user_project_wrapper
Note:  Implicit pin X in instance clkload414 of sky130_fd_sc_hd__clkbuf_4 in cell user_project_wrapper
Note:  Implicit pin X in instance clkload415 of sky130_fd_sc_hd__clkbuf_4 in cell user_project_wrapper
Note:  Implicit pin X in instance clkload416 of sky130_fd_sc_hd__clkbuf_4 in cell user_project_wrapper
Note:  Implicit pin X in instance clkload417 of sky130_fd_sc_hd__clkbuf_4 in cell user_project_wrapper
Note:  Implicit pin X in instance clkload418 of sky130_fd_sc_hd__clkbuf_8 in cell user_project_wrapper
Note:  Implicit pin X in instance clkload419 of sky130_fd_sc_hd__clkbuf_4 in cell user_project_wrapper
Note:  Implicit pin X in instance clkload420 of sky130_fd_sc_hd__clkbuf_4 in cell user_project_wrapper
Note:  Implicit pin X in instance clkload421 of sky130_fd_sc_hd__clkbuf_8 in cell user_project_wrapper
Note:  Implicit pin X in instance clkload422 of sky130_fd_sc_hd__clkbuf_4 in cell user_project_wrapper
Note:  Implicit pin X in instance clkload423 of sky130_fd_sc_hd__clkbuf_4 in cell user_project_wrapper
Note:  Implicit pin X in instance clkload424 of sky130_fd_sc_hd__clkbuf_8 in cell user_project_wrapper
Note:  Implicit pin X in instance clkload425 of sky130_fd_sc_hd__clkbuf_4 in cell user_project_wrapper
Note:  Implicit pin X in instance clkload426 of sky130_fd_sc_hd__clkbuf_4 in cell user_project_wrapper
Note:  Implicit pin X in instance clkload427 of sky130_fd_sc_hd__clkbuf_8 in cell user_project_wrapper
Note:  Implicit pin X in instance clkload428 of sky130_fd_sc_hd__clkbuf_8 in cell user_project_wrapper
Note:  Implicit pin X in instance clkload429 of sky130_fd_sc_hd__clkbuf_4 in cell user_project_wrapper
Note:  Implicit pin X in instance clkload430 of sky130_fd_sc_hd__clkbuf_8 in cell user_project_wrapper
Note:  Implicit pin X in instance clkload431 of sky130_fd_sc_hd__clkbuf_4 in cell user_project_wrapper
Note:  Implicit pin Y in instance clkload432 of sky130_fd_sc_hd__clkinv_2 in cell user_project_wrapper
Note:  Implicit pin X in instance clkload433 of sky130_fd_sc_hd__clkbuf_4 in cell user_project_wrapper
Note:  Implicit pin X in instance clkload434 of sky130_fd_sc_hd__clkbuf_4 in cell user_project_wrapper
Note:  Implicit pin Y in instance clkload435 of sky130_fd_sc_hd__clkinv_2 in cell user_project_wrapper
Note:  Implicit pin Y in instance clkload436 of sky130_fd_sc_hd__bufinv_16 in cell user_project_wrapper
Note:  Implicit pin Y in instance clkload437 of sky130_fd_sc_hd__clkinv_2 in cell user_project_wrapper
Note:  Implicit pin Y in instance clkload438 of sky130_fd_sc_hd__clkinv_2 in cell user_project_wrapper
Note:  Implicit pin X in instance clkload439 of sky130_fd_sc_hd__clkbuf_8 in cell user_project_wrapper
Note:  Implicit pin Y in instance clkload440 of sky130_fd_sc_hd__clkinv_2 in cell user_project_wrapper
Note:  Implicit pin X in instance clkload441 of sky130_fd_sc_hd__clkbuf_8 in cell user_project_wrapper
Note:  Implicit pin X in instance clkload442 of sky130_fd_sc_hd__clkbuf_8 in cell user_project_wrapper
Note:  Implicit pin X in instance clkload443 of sky130_fd_sc_hd__clkbuf_8 in cell user_project_wrapper
Note:  Implicit pin X in instance clkload444 of sky130_fd_sc_hd__clkbuf_4 in cell user_project_wrapper
Note:  Implicit pin Y in instance clkload445 of sky130_fd_sc_hd__clkinv_2 in cell user_project_wrapper
Note:  Implicit pin X in instance clkload446 of sky130_fd_sc_hd__clkbuf_4 in cell user_project_wrapper
Note:  Implicit pin X in instance clkload447 of sky130_fd_sc_hd__clkbuf_4 in cell user_project_wrapper
Note:  Implicit pin Y in instance clkload448 of sky130_fd_sc_hd__clkinv_2 in cell user_project_wrapper
Note:  Implicit pin X in instance clkload449 of sky130_fd_sc_hd__clkbuf_8 in cell user_project_wrapper
Note:  Implicit pin X in instance clkload450 of sky130_fd_sc_hd__clkbuf_8 in cell user_project_wrapper
Note:  Implicit pin Y in instance clkload451 of sky130_fd_sc_hd__clkinv_2 in cell user_project_wrapper
Note:  Implicit pin X in instance clkload452 of sky130_fd_sc_hd__clkbuf_8 in cell user_project_wrapper
Note:  Implicit pin X in instance clkload453 of sky130_fd_sc_hd__clkbuf_4 in cell user_project_wrapper
Note:  Implicit pin Y in instance clkload454 of sky130_fd_sc_hd__clkinv_2 in cell user_project_wrapper
Note:  Implicit pin X in instance clkload455 of sky130_fd_sc_hd__clkbuf_4 in cell user_project_wrapper
Note:  Implicit pin Y in instance clkload456 of sky130_fd_sc_hd__bufinv_16 in cell user_project_wrapper
Note:  Implicit pin Y in instance clkload457 of sky130_fd_sc_hd__clkinv_2 in cell user_project_wrapper
Note:  Implicit pin X in instance clkload458 of sky130_fd_sc_hd__clkbuf_8 in cell user_project_wrapper
Note:  Implicit pin Y in instance clkload459 of sky130_fd_sc_hd__bufinv_16 in cell user_project_wrapper
Note:  Implicit pin X in instance clkload460 of sky130_fd_sc_hd__clkbuf_8 in cell user_project_wrapper
Note:  Implicit pin Y in instance clkload461 of sky130_fd_sc_hd__clkinv_2 in cell user_project_wrapper
Note:  Implicit pin X in instance clkload462 of sky130_fd_sc_hd__clkbuf_4 in cell user_project_wrapper
Note:  Implicit pin X in instance clkload463 of sky130_fd_sc_hd__clkbuf_8 in cell user_project_wrapper
Note:  Implicit pin X in instance clkload464 of sky130_fd_sc_hd__clkbuf_4 in cell user_project_wrapper
Note:  Implicit pin X in instance clkload465 of sky130_fd_sc_hd__clkbuf_4 in cell user_project_wrapper
Note:  Implicit pin Y in instance clkload466 of sky130_fd_sc_hd__clkinv_2 in cell user_project_wrapper
Note:  Implicit pin X in instance clkload467 of sky130_fd_sc_hd__clkbuf_4 in cell user_project_wrapper
Note:  Implicit pin X in instance clkload468 of sky130_fd_sc_hd__clkbuf_8 in cell user_project_wrapper
Note:  Implicit pin X in instance clkload469 of sky130_fd_sc_hd__clkbuf_8 in cell user_project_wrapper
Note:  Implicit pin X in instance clkload470 of sky130_fd_sc_hd__clkbuf_4 in cell user_project_wrapper
Note:  Implicit pin X in instance clkload471 of sky130_fd_sc_hd__clkbuf_4 in cell user_project_wrapper
Note:  Implicit pin X in instance clkload472 of sky130_fd_sc_hd__clkbuf_8 in cell user_project_wrapper
Note:  Implicit pin X in instance clkload473 of sky130_fd_sc_hd__clkbuf_4 in cell user_project_wrapper
Note:  Implicit pin X in instance clkload474 of sky130_fd_sc_hd__clkbuf_4 in cell user_project_wrapper
Note:  Implicit pin X in instance clkload475 of sky130_fd_sc_hd__clkbuf_8 in cell user_project_wrapper
Note:  Implicit pin Y in instance clkload476 of sky130_fd_sc_hd__bufinv_16 in cell user_project_wrapper
Note:  Implicit pin Y in instance clkload477 of sky130_fd_sc_hd__clkinv_2 in cell user_project_wrapper
Note:  Implicit pin X in instance clkload478 of sky130_fd_sc_hd__clkbuf_8 in cell user_project_wrapper
Note:  Implicit pin Y in instance clkload479 of sky130_fd_sc_hd__clkinv_2 in cell user_project_wrapper
Note:  Implicit pin X in instance clkload480 of sky130_fd_sc_hd__clkbuf_8 in cell user_project_wrapper
Note:  Implicit pin Y in instance clkload481 of sky130_fd_sc_hd__clkinv_2 in cell user_project_wrapper
Note:  Implicit pin Y in instance clkload482 of sky130_fd_sc_hd__bufinv_16 in cell user_project_wrapper
Note:  Implicit pin Y in instance clkload483 of sky130_fd_sc_hd__clkinv_2 in cell user_project_wrapper
Note:  Implicit pin Y in instance clkload484 of sky130_fd_sc_hd__clkinv_2 in cell user_project_wrapper
Note:  Implicit pin X in instance clkload485 of sky130_fd_sc_hd__clkbuf_4 in cell user_project_wrapper
Note:  Implicit pin Y in instance clkload486 of sky130_fd_sc_hd__bufinv_16 in cell user_project_wrapper
Note:  Implicit pin X in instance clkload487 of sky130_fd_sc_hd__clkbuf_8 in cell user_project_wrapper
Note:  Implicit pin Y in instance clkload488 of sky130_fd_sc_hd__clkinv_2 in cell user_project_wrapper
Note:  Implicit pin X in instance clkload489 of sky130_fd_sc_hd__clkbuf_8 in cell user_project_wrapper
Note:  Implicit pin Y in instance clkload490 of sky130_fd_sc_hd__bufinv_16 in cell user_project_wrapper
Note:  Implicit pin Y in instance clkload491 of sky130_fd_sc_hd__bufinv_16 in cell user_project_wrapper
Note:  Implicit pin X in instance clkload492 of sky130_fd_sc_hd__clkbuf_8 in cell user_project_wrapper
Note:  Implicit pin X in instance clkload493 of sky130_fd_sc_hd__clkbuf_8 in cell user_project_wrapper
Note:  Implicit pin Y in instance clkload494 of sky130_fd_sc_hd__clkinv_2 in cell user_project_wrapper
Note:  Implicit pin X in instance clkload495 of sky130_fd_sc_hd__clkbuf_4 in cell user_project_wrapper
Note:  Implicit pin Y in instance clkload496 of sky130_fd_sc_hd__clkinv_2 in cell user_project_wrapper
Note:  Implicit pin X in instance clkload497 of sky130_fd_sc_hd__clkbuf_8 in cell user_project_wrapper
Note:  Implicit pin Y in instance clkload498 of sky130_fd_sc_hd__clkinv_2 in cell user_project_wrapper
Note:  Implicit pin Y in instance clkload499 of sky130_fd_sc_hd__clkinv_2 in cell user_project_wrapper
Note:  Implicit pin X in instance clkload500 of sky130_fd_sc_hd__clkbuf_8 in cell user_project_wrapper
Note:  Implicit pin Y in instance clkload501 of sky130_fd_sc_hd__clkinv_2 in cell user_project_wrapper
Note:  Implicit pin Y in instance clkload502 of sky130_fd_sc_hd__clkinv_2 in cell user_project_wrapper
Note:  Implicit pin X in instance clkload503 of sky130_fd_sc_hd__clkbuf_4 in cell user_project_wrapper
Note:  Implicit pin X in instance clkload504 of sky130_fd_sc_hd__clkbuf_8 in cell user_project_wrapper
Note:  Implicit pin X in instance clkload505 of sky130_fd_sc_hd__clkbuf_8 in cell user_project_wrapper
Note:  Implicit pin X in instance clkload506 of sky130_fd_sc_hd__clkbuf_8 in cell user_project_wrapper
Note:  Implicit pin X in instance clkload507 of sky130_fd_sc_hd__clkbuf_8 in cell user_project_wrapper
Note:  Implicit pin X in instance clkload508 of sky130_fd_sc_hd__clkbuf_8 in cell user_project_wrapper
Note:  Implicit pin Y in instance clkload509 of sky130_fd_sc_hd__clkinv_2 in cell user_project_wrapper
Note:  Implicit pin X in instance clkload510 of sky130_fd_sc_hd__clkbuf_8 in cell user_project_wrapper
Note:  Implicit pin X in instance clkload511 of sky130_fd_sc_hd__clkbuf_8 in cell user_project_wrapper
Note:  Implicit pin X in instance clkload512 of sky130_fd_sc_hd__clkbuf_4 in cell user_project_wrapper
Note:  Implicit pin X in instance clkload513 of sky130_fd_sc_hd__clkbuf_4 in cell user_project_wrapper
Note:  Implicit pin X in instance clkload514 of sky130_fd_sc_hd__clkbuf_4 in cell user_project_wrapper
Note:  Implicit pin X in instance clkload515 of sky130_fd_sc_hd__clkbuf_8 in cell user_project_wrapper
Note:  Implicit pin X in instance clkload516 of sky130_fd_sc_hd__clkbuf_4 in cell user_project_wrapper
Note:  Implicit pin X in instance clkload517 of sky130_fd_sc_hd__clkbuf_8 in cell user_project_wrapper
Note:  Implicit pin X in instance clkload518 of sky130_fd_sc_hd__clkbuf_4 in cell user_project_wrapper
Note:  Implicit pin X in instance clkload519 of sky130_fd_sc_hd__clkbuf_8 in cell user_project_wrapper
Note:  Implicit pin Y in instance clkload520 of sky130_fd_sc_hd__clkinv_2 in cell user_project_wrapper
Note:  Implicit pin Y in instance clkload521 of sky130_fd_sc_hd__clkinv_2 in cell user_project_wrapper
Note:  Implicit pin X in instance clkload522 of sky130_fd_sc_hd__clkbuf_4 in cell user_project_wrapper
Note:  Implicit pin X in instance clkload523 of sky130_fd_sc_hd__clkbuf_8 in cell user_project_wrapper
Note:  Implicit pin X in instance clkload524 of sky130_fd_sc_hd__clkbuf_4 in cell user_project_wrapper
Note:  Implicit pin X in instance clkload525 of sky130_fd_sc_hd__clkbuf_8 in cell user_project_wrapper
Note:  Implicit pin X in instance clkload526 of sky130_fd_sc_hd__clkbuf_4 in cell user_project_wrapper
Note:  Implicit pin X in instance clkload527 of sky130_fd_sc_hd__clkbuf_8 in cell user_project_wrapper
Note:  Implicit pin X in instance clkload528 of sky130_fd_sc_hd__clkbuf_4 in cell user_project_wrapper
Note:  Implicit pin X in instance clkload529 of sky130_fd_sc_hd__clkbuf_8 in cell user_project_wrapper
Note:  Implicit pin X in instance clkload530 of sky130_fd_sc_hd__clkbuf_4 in cell user_project_wrapper
Note:  Implicit pin X in instance clkload531 of sky130_fd_sc_hd__clkbuf_4 in cell user_project_wrapper
Note:  Implicit pin X in instance clkload532 of sky130_fd_sc_hd__clkbuf_8 in cell user_project_wrapper
Note:  Implicit pin X in instance clkload533 of sky130_fd_sc_hd__clkbuf_4 in cell user_project_wrapper
Note:  Implicit pin Y in instance clkload534 of sky130_fd_sc_hd__clkinv_2 in cell user_project_wrapper
Note:  Implicit pin X in instance clkload535 of sky130_fd_sc_hd__clkbuf_8 in cell user_project_wrapper
Note:  Implicit pin X in instance clkload536 of sky130_fd_sc_hd__clkbuf_8 in cell user_project_wrapper
Note:  Implicit pin X in instance clkload537 of sky130_fd_sc_hd__clkbuf_8 in cell user_project_wrapper
Note:  Implicit pin X in instance clkload538 of sky130_fd_sc_hd__clkbuf_4 in cell user_project_wrapper
Note:  Implicit pin X in instance clkload539 of sky130_fd_sc_hd__clkbuf_4 in cell user_project_wrapper
Note:  Implicit pin X in instance clkload540 of sky130_fd_sc_hd__clkbuf_4 in cell user_project_wrapper
Note:  Implicit pin X in instance clkload541 of sky130_fd_sc_hd__clkbuf_8 in cell user_project_wrapper
Note:  Implicit pin X in instance clkload542 of sky130_fd_sc_hd__clkbuf_8 in cell user_project_wrapper
Note:  Implicit pin X in instance clkload543 of sky130_fd_sc_hd__clkbuf_8 in cell user_project_wrapper
Note:  Implicit pin X in instance clkload544 of sky130_fd_sc_hd__clkbuf_8 in cell user_project_wrapper
Note:  Implicit pin X in instance clkload545 of sky130_fd_sc_hd__clkbuf_8 in cell user_project_wrapper
Note:  Implicit pin X in instance clkload546 of sky130_fd_sc_hd__clkbuf_4 in cell user_project_wrapper
Note:  Implicit pin Y in instance clkload547 of sky130_fd_sc_hd__clkinv_2 in cell user_project_wrapper
Note:  Implicit pin X in instance clkload548 of sky130_fd_sc_hd__clkbuf_8 in cell user_project_wrapper
Note:  Implicit pin X in instance clkload549 of sky130_fd_sc_hd__clkbuf_4 in cell user_project_wrapper
Note:  Implicit pin Y in instance clkload550 of sky130_fd_sc_hd__clkinv_2 in cell user_project_wrapper
Note:  Implicit pin X in instance clkload551 of sky130_fd_sc_hd__clkbuf_4 in cell user_project_wrapper
Note:  Implicit pin X in instance clkload552 of sky130_fd_sc_hd__clkbuf_8 in cell user_project_wrapper
Note:  Implicit pin X in instance clkload553 of sky130_fd_sc_hd__clkbuf_8 in cell user_project_wrapper
Note:  Implicit pin X in instance clkload554 of sky130_fd_sc_hd__clkbuf_4 in cell user_project_wrapper
Note:  Implicit pin Y in instance clkload555 of sky130_fd_sc_hd__clkinv_2 in cell user_project_wrapper
Note:  Implicit pin X in instance clkload556 of sky130_fd_sc_hd__clkbuf_8 in cell user_project_wrapper
Note:  Implicit pin X in instance clkload557 of sky130_fd_sc_hd__clkbuf_8 in cell user_project_wrapper
Note:  Implicit pin Y in instance clkload558 of sky130_fd_sc_hd__bufinv_16 in cell user_project_wrapper
Note:  Implicit pin Y in instance clkload559 of sky130_fd_sc_hd__clkinv_2 in cell user_project_wrapper
Note:  Implicit pin X in instance clkload560 of sky130_fd_sc_hd__clkbuf_8 in cell user_project_wrapper
Note:  Implicit pin Y in instance clkload561 of sky130_fd_sc_hd__clkinv_2 in cell user_project_wrapper
Note:  Implicit pin X in instance clkload562 of sky130_fd_sc_hd__clkbuf_8 in cell user_project_wrapper
Note:  Implicit pin Y in instance clkload563 of sky130_fd_sc_hd__clkinv_2 in cell user_project_wrapper
Note:  Implicit pin X in instance clkload564 of sky130_fd_sc_hd__clkbuf_4 in cell user_project_wrapper
Note:  Implicit pin X in instance clkload565 of sky130_fd_sc_hd__clkbuf_8 in cell user_project_wrapper
Note:  Implicit pin X in instance clkload566 of sky130_fd_sc_hd__clkbuf_8 in cell user_project_wrapper
Note:  Implicit pin X in instance clkload567 of sky130_fd_sc_hd__clkbuf_4 in cell user_project_wrapper
Note:  Implicit pin X in instance clkload568 of sky130_fd_sc_hd__clkbuf_4 in cell user_project_wrapper
Note:  Implicit pin X in instance clkload569 of sky130_fd_sc_hd__clkbuf_8 in cell user_project_wrapper
Note:  Implicit pin X in instance clkload570 of sky130_fd_sc_hd__clkbuf_4 in cell user_project_wrapper
Note:  Implicit pin Y in instance clkload571 of sky130_fd_sc_hd__bufinv_16 in cell user_project_wrapper
Note:  Implicit pin X in instance clkload572 of sky130_fd_sc_hd__clkbuf_8 in cell user_project_wrapper
Note:  Implicit pin X in instance clkload573 of sky130_fd_sc_hd__clkbuf_4 in cell user_project_wrapper
Note:  Implicit pin Y in instance clkload574 of sky130_fd_sc_hd__clkinv_2 in cell user_project_wrapper
Note:  Implicit pin X in instance clkload575 of sky130_fd_sc_hd__clkbuf_4 in cell user_project_wrapper
Note:  Implicit pin Y in instance clkload576 of sky130_fd_sc_hd__bufinv_16 in cell user_project_wrapper
Note:  Implicit pin Y in instance clkload577 of sky130_fd_sc_hd__bufinv_16 in cell user_project_wrapper
Note:  Implicit pin Y in instance clkload578 of sky130_fd_sc_hd__clkinv_2 in cell user_project_wrapper
Note:  Implicit pin Y in instance clkload579 of sky130_fd_sc_hd__bufinv_16 in cell user_project_wrapper
Note:  Implicit pin X in instance clkload580 of sky130_fd_sc_hd__clkbuf_8 in cell user_project_wrapper
Note:  Implicit pin Y in instance clkload581 of sky130_fd_sc_hd__clkinv_2 in cell user_project_wrapper
Note:  Implicit pin Y in instance clkload582 of sky130_fd_sc_hd__clkinv_2 in cell user_project_wrapper
Note:  Implicit pin Y in instance clkload583 of sky130_fd_sc_hd__clkinv_2 in cell user_project_wrapper
Note:  Implicit pin X in instance clkload584 of sky130_fd_sc_hd__clkbuf_8 in cell user_project_wrapper
Note:  Implicit pin X in instance clkload585 of sky130_fd_sc_hd__clkbuf_4 in cell user_project_wrapper
Note:  Implicit pin Y in instance clkload586 of sky130_fd_sc_hd__clkinv_2 in cell user_project_wrapper
Note:  Implicit pin X in instance clkload587 of sky130_fd_sc_hd__clkbuf_4 in cell user_project_wrapper
Note:  Implicit pin Y in instance clkload588 of sky130_fd_sc_hd__clkinv_2 in cell user_project_wrapper
Note:  Implicit pin X in instance clkload589 of sky130_fd_sc_hd__clkbuf_4 in cell user_project_wrapper
Note:  Implicit pin Y in instance clkload590 of sky130_fd_sc_hd__clkinv_2 in cell user_project_wrapper
Note:  Implicit pin X in instance clkload591 of sky130_fd_sc_hd__clkbuf_8 in cell user_project_wrapper
Note:  Implicit pin X in instance clkload592 of sky130_fd_sc_hd__clkbuf_8 in cell user_project_wrapper
Note:  Implicit pin Y in instance clkload593 of sky130_fd_sc_hd__clkinv_2 in cell user_project_wrapper
Note:  Implicit pin X in instance clkload594 of sky130_fd_sc_hd__clkbuf_4 in cell user_project_wrapper
Note:  Implicit pin X in instance clkload595 of sky130_fd_sc_hd__clkbuf_8 in cell user_project_wrapper
Note:  Implicit pin X in instance clkload596 of sky130_fd_sc_hd__clkbuf_8 in cell user_project_wrapper
Note:  Implicit pin X in instance clkload597 of sky130_fd_sc_hd__clkbuf_4 in cell user_project_wrapper
Note:  Implicit pin X in instance clkload598 of sky130_fd_sc_hd__clkbuf_4 in cell user_project_wrapper
Note:  Implicit pin X in instance clkload599 of sky130_fd_sc_hd__clkbuf_4 in cell user_project_wrapper
Note:  Implicit pin X in instance clkload600 of sky130_fd_sc_hd__clkbuf_4 in cell user_project_wrapper
Note:  Implicit pin X in instance clkload601 of sky130_fd_sc_hd__clkbuf_8 in cell user_project_wrapper
Note:  Implicit pin X in instance clkload602 of sky130_fd_sc_hd__clkbuf_8 in cell user_project_wrapper
Note:  Implicit pin X in instance clkload603 of sky130_fd_sc_hd__clkbuf_8 in cell user_project_wrapper
Note:  Implicit pin X in instance clkload604 of sky130_fd_sc_hd__clkbuf_8 in cell user_project_wrapper
Note:  Implicit pin X in instance clkload605 of sky130_fd_sc_hd__clkbuf_4 in cell user_project_wrapper
Note:  Implicit pin X in instance clkload606 of sky130_fd_sc_hd__clkbuf_4 in cell user_project_wrapper
Note:  Implicit pin X in instance clkload607 of sky130_fd_sc_hd__clkbuf_4 in cell user_project_wrapper
Note:  Implicit pin Y in instance clkload608 of sky130_fd_sc_hd__clkinv_2 in cell user_project_wrapper
Note:  Implicit pin Y in instance clkload609 of sky130_fd_sc_hd__clkinv_2 in cell user_project_wrapper
Note:  Implicit pin X in instance clkload610 of sky130_fd_sc_hd__clkbuf_8 in cell user_project_wrapper
Note:  Implicit pin Y in instance clkload611 of sky130_fd_sc_hd__clkinv_2 in cell user_project_wrapper
Note:  Implicit pin X in instance clkload612 of sky130_fd_sc_hd__clkbuf_4 in cell user_project_wrapper
Note:  Implicit pin X in instance clkload613 of sky130_fd_sc_hd__clkbuf_8 in cell user_project_wrapper
Note:  Implicit pin X in instance clkload614 of sky130_fd_sc_hd__clkbuf_4 in cell user_project_wrapper
Note:  Implicit pin Y in instance clkload615 of sky130_fd_sc_hd__clkinv_2 in cell user_project_wrapper
Note:  Implicit pin X in instance clkload616 of sky130_fd_sc_hd__clkbuf_4 in cell user_project_wrapper
Note:  Implicit pin Y in instance clkload617 of sky130_fd_sc_hd__clkinv_2 in cell user_project_wrapper
Note:  Implicit pin X in instance clkload618 of sky130_fd_sc_hd__clkbuf_4 in cell user_project_wrapper
Note:  Implicit pin X in instance clkload619 of sky130_fd_sc_hd__clkbuf_8 in cell user_project_wrapper
Note:  Implicit pin X in instance clkload620 of sky130_fd_sc_hd__clkbuf_4 in cell user_project_wrapper
Note:  Implicit pin X in instance clkload621 of sky130_fd_sc_hd__clkbuf_8 in cell user_project_wrapper
Note:  Implicit pin Y in instance clkload622 of sky130_fd_sc_hd__bufinv_16 in cell user_project_wrapper
Note:  Implicit pin X in instance clkload623 of sky130_fd_sc_hd__clkbuf_8 in cell user_project_wrapper
Note:  Implicit pin X in instance clkload624 of sky130_fd_sc_hd__clkbuf_8 in cell user_project_wrapper
Note:  Implicit pin Y in instance clkload625 of sky130_fd_sc_hd__clkinv_2 in cell user_project_wrapper
Note:  Implicit pin X in instance clkload626 of sky130_fd_sc_hd__clkbuf_4 in cell user_project_wrapper
Note:  Implicit pin X in instance clkload627 of sky130_fd_sc_hd__clkbuf_8 in cell user_project_wrapper
Note:  Implicit pin Y in instance clkload628 of sky130_fd_sc_hd__clkinv_2 in cell user_project_wrapper
Note:  Implicit pin X in instance clkload629 of sky130_fd_sc_hd__clkbuf_4 in cell user_project_wrapper
Note:  Implicit pin X in instance clkload630 of sky130_fd_sc_hd__clkbuf_4 in cell user_project_wrapper
Note:  Implicit pin Y in instance clkload631 of sky130_fd_sc_hd__clkinv_2 in cell user_project_wrapper
Note:  Implicit pin Y in instance clkload632 of sky130_fd_sc_hd__clkinv_2 in cell user_project_wrapper
Note:  Implicit pin Y in instance clkload633 of sky130_fd_sc_hd__bufinv_16 in cell user_project_wrapper
Note:  Implicit pin Y in instance clkload634 of sky130_fd_sc_hd__clkinv_2 in cell user_project_wrapper
Note:  Implicit pin X in instance clkload635 of sky130_fd_sc_hd__clkbuf_4 in cell user_project_wrapper
Note:  Implicit pin Y in instance clkload636 of sky130_fd_sc_hd__clkinv_2 in cell user_project_wrapper
Note:  Implicit pin X in instance clkload637 of sky130_fd_sc_hd__clkbuf_4 in cell user_project_wrapper
Note:  Implicit pin X in instance clkload638 of sky130_fd_sc_hd__clkbuf_8 in cell user_project_wrapper
Note:  Implicit pin X in instance clkload639 of sky130_fd_sc_hd__clkbuf_4 in cell user_project_wrapper
Note:  Implicit pin Y in instance clkload640 of sky130_fd_sc_hd__clkinv_2 in cell user_project_wrapper
Note:  Implicit pin Y in instance clkload641 of sky130_fd_sc_hd__bufinv_16 in cell user_project_wrapper
Note:  Implicit pin X in instance clkload642 of sky130_fd_sc_hd__clkbuf_8 in cell user_project_wrapper
Note:  Implicit pin Y in instance clkload643 of sky130_fd_sc_hd__clkinv_2 in cell user_project_wrapper
Note:  Implicit pin X in instance clkload644 of sky130_fd_sc_hd__clkbuf_4 in cell user_project_wrapper
Note:  Implicit pin X in instance clkload645 of sky130_fd_sc_hd__clkbuf_8 in cell user_project_wrapper
Note:  Implicit pin X in instance clkload646 of sky130_fd_sc_hd__clkbuf_4 in cell user_project_wrapper
Note:  Implicit pin X in instance clkload647 of sky130_fd_sc_hd__clkbuf_4 in cell user_project_wrapper
Note:  Implicit pin X in instance clkload648 of sky130_fd_sc_hd__clkbuf_4 in cell user_project_wrapper
Note:  Implicit pin X in instance clkload649 of sky130_fd_sc_hd__clkbuf_4 in cell user_project_wrapper
Note:  Implicit pin X in instance clkload650 of sky130_fd_sc_hd__clkbuf_4 in cell user_project_wrapper
Note:  Implicit pin X in instance clkload651 of sky130_fd_sc_hd__clkbuf_4 in cell user_project_wrapper
Note:  Implicit pin X in instance clkload652 of sky130_fd_sc_hd__clkbuf_4 in cell user_project_wrapper
Note:  Implicit pin X in instance clkload653 of sky130_fd_sc_hd__clkbuf_8 in cell user_project_wrapper
Note:  Implicit pin Y in instance clkload654 of sky130_fd_sc_hd__clkinv_2 in cell user_project_wrapper
Note:  Implicit pin X in instance clkload655 of sky130_fd_sc_hd__clkbuf_4 in cell user_project_wrapper
Note:  Implicit pin Y in instance clkload656 of sky130_fd_sc_hd__clkinv_2 in cell user_project_wrapper
Note:  Implicit pin X in instance clkload657 of sky130_fd_sc_hd__clkbuf_4 in cell user_project_wrapper
Note:  Implicit pin X in instance clkload658 of sky130_fd_sc_hd__clkbuf_4 in cell user_project_wrapper
Note:  Implicit pin X in instance clkload659 of sky130_fd_sc_hd__clkbuf_4 in cell user_project_wrapper
Note:  Implicit pin Y in instance clkload660 of sky130_fd_sc_hd__clkinv_2 in cell user_project_wrapper
Note:  Implicit pin X in instance clkload661 of sky130_fd_sc_hd__clkbuf_4 in cell user_project_wrapper
Note:  Implicit pin Y in instance clkload662 of sky130_fd_sc_hd__clkinv_2 in cell user_project_wrapper
Note:  Implicit pin X in instance clkload663 of sky130_fd_sc_hd__clkbuf_8 in cell user_project_wrapper
Note:  Implicit pin X in instance clkload664 of sky130_fd_sc_hd__clkbuf_8 in cell user_project_wrapper
Note:  Implicit pin Y in instance clkload665 of sky130_fd_sc_hd__bufinv_16 in cell user_project_wrapper
Note:  Implicit pin X in instance clkload666 of sky130_fd_sc_hd__clkbuf_8 in cell user_project_wrapper
Note:  Implicit pin X in instance clkload667 of sky130_fd_sc_hd__clkbuf_4 in cell user_project_wrapper
Note:  Implicit pin X in instance clkload668 of sky130_fd_sc_hd__clkbuf_4 in cell user_project_wrapper
Note:  Implicit pin X in instance clkload669 of sky130_fd_sc_hd__clkbuf_8 in cell user_project_wrapper
Note:  Implicit pin Y in instance clkload670 of sky130_fd_sc_hd__clkinv_2 in cell user_project_wrapper
Note:  Implicit pin X in instance clkload671 of sky130_fd_sc_hd__clkbuf_4 in cell user_project_wrapper
Note:  Implicit pin X in instance clkload672 of sky130_fd_sc_hd__clkbuf_4 in cell user_project_wrapper
Note:  Implicit pin Y in instance clkload673 of sky130_fd_sc_hd__bufinv_16 in cell user_project_wrapper
Note:  Implicit pin X in instance clkload674 of sky130_fd_sc_hd__clkbuf_8 in cell user_project_wrapper
Note:  Implicit pin Y in instance clkload675 of sky130_fd_sc_hd__clkinv_2 in cell user_project_wrapper
Note:  Implicit pin X in instance clkload676 of sky130_fd_sc_hd__clkbuf_8 in cell user_project_wrapper
Note:  Implicit pin Y in instance clkload677 of sky130_fd_sc_hd__clkinv_2 in cell user_project_wrapper
Note:  Implicit pin Y in instance clkload678 of sky130_fd_sc_hd__clkinv_2 in cell user_project_wrapper
Note:  Implicit pin X in instance clkload679 of sky130_fd_sc_hd__clkbuf_8 in cell user_project_wrapper
Note:  Implicit pin Y in instance clkload680 of sky130_fd_sc_hd__clkinv_2 in cell user_project_wrapper
Note:  Implicit pin X in instance clkload681 of sky130_fd_sc_hd__clkbuf_8 in cell user_project_wrapper
Note:  Implicit pin X in instance clkload682 of sky130_fd_sc_hd__clkbuf_8 in cell user_project_wrapper
Note:  Implicit pin Y in instance clkload683 of sky130_fd_sc_hd__clkinv_2 in cell user_project_wrapper
Note:  Implicit pin X in instance clkload684 of sky130_fd_sc_hd__clkbuf_4 in cell user_project_wrapper
Note:  Implicit pin X in instance clkload685 of sky130_fd_sc_hd__clkbuf_8 in cell user_project_wrapper
Note:  Implicit pin Y in instance clkload686 of sky130_fd_sc_hd__clkinv_2 in cell user_project_wrapper
Note:  Implicit pin Y in instance clkload687 of sky130_fd_sc_hd__inv_4 in cell user_project_wrapper
Note:  Implicit pin X in instance clkload688 of sky130_fd_sc_hd__clkbuf_8 in cell user_project_wrapper
Note:  Implicit pin Y in instance clkload689 of sky130_fd_sc_hd__bufinv_16 in cell user_project_wrapper
Note:  Implicit pin Y in instance clkload690 of sky130_fd_sc_hd__clkinv_2 in cell user_project_wrapper
Note:  Implicit pin Y in instance clkload691 of sky130_fd_sc_hd__clkinvlp_4 in cell user_project_wrapper
Note:  Implicit pin Y in instance clkload692 of sky130_fd_sc_hd__clkinv_2 in cell user_project_wrapper
Note:  Implicit pin X in instance clkload693 of sky130_fd_sc_hd__clkbuf_4 in cell user_project_wrapper
Note:  Implicit pin Y in instance clkload694 of sky130_fd_sc_hd__clkinv_2 in cell user_project_wrapper
Note:  Implicit pin X in instance clkload695 of sky130_fd_sc_hd__clkbuf_8 in cell user_project_wrapper
Note:  Implicit pin X in instance clkload696 of sky130_fd_sc_hd__clkbuf_4 in cell user_project_wrapper
Note:  Implicit pin X in instance clkload697 of sky130_fd_sc_hd__clkbuf_8 in cell user_project_wrapper
Note:  Implicit pin X in instance clkload698 of sky130_fd_sc_hd__clkbuf_4 in cell user_project_wrapper
Note:  Implicit pin X in instance clkload699 of sky130_fd_sc_hd__clkbuf_4 in cell user_project_wrapper
Note:  Implicit pin X in instance clkload700 of sky130_fd_sc_hd__clkbuf_4 in cell user_project_wrapper
Note:  Implicit pin X in instance clkload701 of sky130_fd_sc_hd__clkbuf_4 in cell user_project_wrapper
Note:  Implicit pin Y in instance clkload702 of sky130_fd_sc_hd__clkinv_2 in cell user_project_wrapper
Note:  Implicit pin X in instance clkload703 of sky130_fd_sc_hd__clkbuf_8 in cell user_project_wrapper
Note:  Implicit pin X in instance clkload704 of sky130_fd_sc_hd__clkbuf_8 in cell user_project_wrapper
Note:  Implicit pin X in instance clkload705 of sky130_fd_sc_hd__clkbuf_4 in cell user_project_wrapper
Note:  Implicit pin X in instance clkload706 of sky130_fd_sc_hd__clkbuf_8 in cell user_project_wrapper
Note:  Implicit pin X in instance clkload707 of sky130_fd_sc_hd__clkbuf_4 in cell user_project_wrapper
Note:  Implicit pin X in instance clkload708 of sky130_fd_sc_hd__clkbuf_8 in cell user_project_wrapper
Note:  Implicit pin Y in instance clkload709 of sky130_fd_sc_hd__clkinv_2 in cell user_project_wrapper
Note:  Implicit pin X in instance clkload710 of sky130_fd_sc_hd__clkbuf_4 in cell user_project_wrapper
Note:  Implicit pin X in instance clkload711 of sky130_fd_sc_hd__clkbuf_8 in cell user_project_wrapper
Note:  Implicit pin Y in instance clkload712 of sky130_fd_sc_hd__clkinv_2 in cell user_project_wrapper
Note:  Implicit pin X in instance clkload713 of sky130_fd_sc_hd__clkbuf_8 in cell user_project_wrapper
Note:  Implicit pin X in instance clkload714 of sky130_fd_sc_hd__clkbuf_8 in cell user_project_wrapper
Note:  Implicit pin X in instance clkload715 of sky130_fd_sc_hd__clkbuf_8 in cell user_project_wrapper
Note:  Implicit pin X in instance clkload716 of sky130_fd_sc_hd__clkbuf_4 in cell user_project_wrapper
Note:  Implicit pin X in instance clkload717 of sky130_fd_sc_hd__clkbuf_8 in cell user_project_wrapper
Note:  Implicit pin Y in instance clkload718 of sky130_fd_sc_hd__clkinv_2 in cell user_project_wrapper
Note:  Implicit pin Y in instance clkload719 of sky130_fd_sc_hd__clkinv_2 in cell user_project_wrapper
Note:  Implicit pin X in instance clkload720 of sky130_fd_sc_hd__clkbuf_8 in cell user_project_wrapper
Note:  Implicit pin Y in instance clkload721 of sky130_fd_sc_hd__clkinv_2 in cell user_project_wrapper
Note:  Implicit pin Y in instance clkload722 of sky130_fd_sc_hd__clkinv_2 in cell user_project_wrapper
Note:  Implicit pin Y in instance clkload723 of sky130_fd_sc_hd__clkinv_2 in cell user_project_wrapper
Note:  Implicit pin X in instance clkload724 of sky130_fd_sc_hd__clkbuf_8 in cell user_project_wrapper
Note:  Implicit pin Y in instance clkload725 of sky130_fd_sc_hd__bufinv_16 in cell user_project_wrapper
Note:  Implicit pin X in instance clkload726 of sky130_fd_sc_hd__clkbuf_8 in cell user_project_wrapper
Note:  Implicit pin X in instance clkload727 of sky130_fd_sc_hd__clkbuf_8 in cell user_project_wrapper
Note:  Implicit pin Y in instance clkload728 of sky130_fd_sc_hd__bufinv_16 in cell user_project_wrapper
Note:  Implicit pin X in instance clkload729 of sky130_fd_sc_hd__clkbuf_4 in cell user_project_wrapper
Note:  Implicit pin X in instance clkload730 of sky130_fd_sc_hd__clkbuf_8 in cell user_project_wrapper
Note:  Implicit pin X in instance clkload731 of sky130_fd_sc_hd__clkbuf_4 in cell user_project_wrapper
Note:  Implicit pin X in instance clkload732 of sky130_fd_sc_hd__clkbuf_8 in cell user_project_wrapper
Note:  Implicit pin X in instance clkload733 of sky130_fd_sc_hd__clkbuf_4 in cell user_project_wrapper
Note:  Implicit pin X in instance clkload734 of sky130_fd_sc_hd__clkbuf_4 in cell user_project_wrapper
Note:  Implicit pin Y in instance clkload735 of sky130_fd_sc_hd__clkinv_2 in cell user_project_wrapper
Note:  Implicit pin X in instance clkload736 of sky130_fd_sc_hd__clkbuf_4 in cell user_project_wrapper
Note:  Implicit pin X in instance clkload737 of sky130_fd_sc_hd__clkbuf_4 in cell user_project_wrapper
Note:  Implicit pin X in instance clkload738 of sky130_fd_sc_hd__clkbuf_4 in cell user_project_wrapper
Note:  Implicit pin Y in instance clkload739 of sky130_fd_sc_hd__clkinv_2 in cell user_project_wrapper
Note:  Implicit pin X in instance clkload740 of sky130_fd_sc_hd__clkbuf_4 in cell user_project_wrapper
Note:  Implicit pin X in instance clkload741 of sky130_fd_sc_hd__clkbuf_8 in cell user_project_wrapper
Note:  Implicit pin X in instance clkload742 of sky130_fd_sc_hd__clkbuf_4 in cell user_project_wrapper
Note:  Implicit pin X in instance clkload743 of sky130_fd_sc_hd__clkbuf_8 in cell user_project_wrapper
Note:  Implicit pin X in instance clkload744 of sky130_fd_sc_hd__clkbuf_8 in cell user_project_wrapper
Note:  Implicit pin X in instance clkload745 of sky130_fd_sc_hd__clkbuf_4 in cell user_project_wrapper
Note:  Implicit pin X in instance clkload746 of sky130_fd_sc_hd__clkbuf_4 in cell user_project_wrapper
Note:  Implicit pin X in instance clkload747 of sky130_fd_sc_hd__clkbuf_8 in cell user_project_wrapper
Note:  Implicit pin X in instance clkload748 of sky130_fd_sc_hd__clkbuf_8 in cell user_project_wrapper
Note:  Implicit pin Y in instance clkload749 of sky130_fd_sc_hd__clkinv_2 in cell user_project_wrapper
Note:  Implicit pin Y in instance clkload750 of sky130_fd_sc_hd__clkinv_2 in cell user_project_wrapper
Note:  Implicit pin X in instance clkload751 of sky130_fd_sc_hd__clkbuf_8 in cell user_project_wrapper
Note:  Implicit pin X in instance clkload752 of sky130_fd_sc_hd__clkbuf_4 in cell user_project_wrapper
Note:  Implicit pin X in instance clkload753 of sky130_fd_sc_hd__clkbuf_4 in cell user_project_wrapper
Note:  Implicit pin Y in instance clkload754 of sky130_fd_sc_hd__clkinv_2 in cell user_project_wrapper
Note:  Implicit pin X in instance clkload755 of sky130_fd_sc_hd__clkbuf_4 in cell user_project_wrapper
Note:  Implicit pin X in instance clkload756 of sky130_fd_sc_hd__clkbuf_4 in cell user_project_wrapper
Note:  Implicit pin X in instance clkload757 of sky130_fd_sc_hd__clkbuf_8 in cell user_project_wrapper
Note:  Implicit pin X in instance clkload758 of sky130_fd_sc_hd__clkbuf_4 in cell user_project_wrapper
Note:  Implicit pin X in instance clkload759 of sky130_fd_sc_hd__clkbuf_4 in cell user_project_wrapper
Note:  Implicit pin X in instance clkload760 of sky130_fd_sc_hd__clkbuf_4 in cell user_project_wrapper
Note:  Implicit pin X in instance clkload761 of sky130_fd_sc_hd__clkbuf_8 in cell user_project_wrapper
Note:  Implicit pin X in instance clkload762 of sky130_fd_sc_hd__clkbuf_8 in cell user_project_wrapper
Note:  Implicit pin X in instance clkload763 of sky130_fd_sc_hd__clkbuf_8 in cell user_project_wrapper
Note:  Implicit pin X in instance clkload764 of sky130_fd_sc_hd__clkbuf_8 in cell user_project_wrapper
Note:  Implicit pin Y in instance clkload765 of sky130_fd_sc_hd__clkinv_2 in cell user_project_wrapper
Note:  Implicit pin X in instance clkload766 of sky130_fd_sc_hd__clkbuf_4 in cell user_project_wrapper
Note:  Implicit pin X in instance clkload767 of sky130_fd_sc_hd__clkbuf_4 in cell user_project_wrapper
Note:  Implicit pin X in instance clkload768 of sky130_fd_sc_hd__clkbuf_8 in cell user_project_wrapper
Note:  Implicit pin X in instance clkload769 of sky130_fd_sc_hd__clkbuf_4 in cell user_project_wrapper
Note:  Implicit pin X in instance clkload770 of sky130_fd_sc_hd__clkbuf_8 in cell user_project_wrapper
Note:  Implicit pin X in instance clkload771 of sky130_fd_sc_hd__clkbuf_4 in cell user_project_wrapper
Note:  Implicit pin X in instance clkload772 of sky130_fd_sc_hd__clkbuf_4 in cell user_project_wrapper
Note:  Implicit pin X in instance clkload773 of sky130_fd_sc_hd__clkbuf_8 in cell user_project_wrapper
Note:  Implicit pin Y in instance clkload774 of sky130_fd_sc_hd__clkinv_2 in cell user_project_wrapper
Note:  Implicit pin Y in instance clkload775 of sky130_fd_sc_hd__inv_4 in cell user_project_wrapper
Note:  Implicit pin Y in instance clkload776 of sky130_fd_sc_hd__bufinv_16 in cell user_project_wrapper
Note:  Implicit pin Y in instance clkload777 of sky130_fd_sc_hd__bufinv_16 in cell user_project_wrapper
Note:  Implicit pin Y in instance clkload778 of sky130_fd_sc_hd__clkinv_2 in cell user_project_wrapper
Note:  Implicit pin X in instance clkload779 of sky130_fd_sc_hd__clkbuf_4 in cell user_project_wrapper
Note:  Implicit pin X in instance clkload780 of sky130_fd_sc_hd__clkbuf_4 in cell user_project_wrapper
Note:  Implicit pin X in instance clkload781 of sky130_fd_sc_hd__clkbuf_4 in cell user_project_wrapper
Note:  Implicit pin X in instance clkload782 of sky130_fd_sc_hd__clkbuf_4 in cell user_project_wrapper
Note:  Implicit pin X in instance clkload783 of sky130_fd_sc_hd__clkbuf_8 in cell user_project_wrapper
Note:  Implicit pin X in instance clkload784 of sky130_fd_sc_hd__clkbuf_4 in cell user_project_wrapper
Note:  Implicit pin X in instance clkload785 of sky130_fd_sc_hd__clkbuf_8 in cell user_project_wrapper
Note:  Implicit pin X in instance clkload786 of sky130_fd_sc_hd__clkbuf_4 in cell user_project_wrapper
Note:  Implicit pin X in instance clkload787 of sky130_fd_sc_hd__clkbuf_4 in cell user_project_wrapper
Note:  Implicit pin X in instance clkload788 of sky130_fd_sc_hd__clkbuf_4 in cell user_project_wrapper
Note:  Implicit pin X in instance clkload789 of sky130_fd_sc_hd__clkbuf_8 in cell user_project_wrapper
Note:  Implicit pin X in instance clkload790 of sky130_fd_sc_hd__clkbuf_8 in cell user_project_wrapper
Note:  Implicit pin X in instance clkload791 of sky130_fd_sc_hd__clkbuf_8 in cell user_project_wrapper
Note:  Implicit pin X in instance clkload792 of sky130_fd_sc_hd__clkbuf_8 in cell user_project_wrapper
Note:  Implicit pin X in instance clkload793 of sky130_fd_sc_hd__clkbuf_4 in cell user_project_wrapper
Note:  Implicit pin Y in instance clkload794 of sky130_fd_sc_hd__clkinv_2 in cell user_project_wrapper
Note:  Implicit pin Y in instance clkload795 of sky130_fd_sc_hd__clkinv_2 in cell user_project_wrapper
Note:  Implicit pin Y in instance clkload796 of sky130_fd_sc_hd__clkinv_2 in cell user_project_wrapper
Note:  Implicit pin Y in instance clkload797 of sky130_fd_sc_hd__clkinv_2 in cell user_project_wrapper
Note:  Implicit pin X in instance clkload798 of sky130_fd_sc_hd__clkbuf_8 in cell user_project_wrapper
Note:  Implicit pin X in instance clkload799 of sky130_fd_sc_hd__clkbuf_8 in cell user_project_wrapper
Note:  Implicit pin X in instance clkload800 of sky130_fd_sc_hd__clkbuf_8 in cell user_project_wrapper
Note:  Implicit pin X in instance clkload801 of sky130_fd_sc_hd__clkbuf_4 in cell user_project_wrapper
Note:  Implicit pin X in instance clkload802 of sky130_fd_sc_hd__clkbuf_4 in cell user_project_wrapper
Note:  Implicit pin X in instance clkload803 of sky130_fd_sc_hd__clkbuf_4 in cell user_project_wrapper
Note:  Implicit pin X in instance clkload804 of sky130_fd_sc_hd__clkbuf_8 in cell user_project_wrapper
Note:  Implicit pin X in instance clkload805 of sky130_fd_sc_hd__clkbuf_8 in cell user_project_wrapper
Note:  Implicit pin X in instance clkload806 of sky130_fd_sc_hd__clkbuf_8 in cell user_project_wrapper
Note:  Implicit pin X in instance clkload807 of sky130_fd_sc_hd__clkbuf_8 in cell user_project_wrapper
Note:  Implicit pin X in instance clkload808 of sky130_fd_sc_hd__clkbuf_8 in cell user_project_wrapper
Note:  Implicit pin X in instance clkload809 of sky130_fd_sc_hd__clkbuf_4 in cell user_project_wrapper
Note:  Implicit pin X in instance clkload810 of sky130_fd_sc_hd__clkbuf_8 in cell user_project_wrapper
Note:  Implicit pin X in instance clkload811 of sky130_fd_sc_hd__clkbuf_4 in cell user_project_wrapper
Note:  Implicit pin X in instance clkload812 of sky130_fd_sc_hd__clkbuf_4 in cell user_project_wrapper
Note:  Implicit pin X in instance clkload813 of sky130_fd_sc_hd__clkbuf_8 in cell user_project_wrapper
Note:  Implicit pin X in instance clkload814 of sky130_fd_sc_hd__clkbuf_4 in cell user_project_wrapper
Note:  Implicit pin X in instance clkload815 of sky130_fd_sc_hd__clkbuf_4 in cell user_project_wrapper
Note:  Implicit pin X in instance clkload816 of sky130_fd_sc_hd__clkbuf_8 in cell user_project_wrapper
Note:  Implicit pin Y in instance clkload817 of sky130_fd_sc_hd__clkinv_2 in cell user_project_wrapper
Note:  Implicit pin Y in instance clkload818 of sky130_fd_sc_hd__bufinv_16 in cell user_project_wrapper
Note:  Implicit pin Y in instance clkload819 of sky130_fd_sc_hd__clkinv_2 in cell user_project_wrapper
Note:  Implicit pin Y in instance clkload820 of sky130_fd_sc_hd__bufinv_16 in cell user_project_wrapper
Note:  Implicit pin Y in instance clkload821 of sky130_fd_sc_hd__bufinv_16 in cell user_project_wrapper
Note:  Implicit pin Y in instance clkload822 of sky130_fd_sc_hd__bufinv_16 in cell user_project_wrapper
Note:  Implicit pin Y in instance clkload823 of sky130_fd_sc_hd__bufinv_16 in cell user_project_wrapper
Note:  Implicit pin Y in instance clkload824 of sky130_fd_sc_hd__bufinv_16 in cell user_project_wrapper
Note:  Implicit pin X in instance clkload825 of sky130_fd_sc_hd__clkbuf_8 in cell user_project_wrapper
Note:  Implicit pin Y in instance clkload826 of sky130_fd_sc_hd__bufinv_16 in cell user_project_wrapper
Note:  Implicit pin X in instance clkload827 of sky130_fd_sc_hd__clkbuf_4 in cell user_project_wrapper
Note:  Implicit pin Y in instance clkload828 of sky130_fd_sc_hd__clkinv_2 in cell user_project_wrapper
Note:  Implicit pin X in instance clkload829 of sky130_fd_sc_hd__clkbuf_8 in cell user_project_wrapper
Note:  Implicit pin X in instance clkload830 of sky130_fd_sc_hd__clkbuf_4 in cell user_project_wrapper
Note:  Implicit pin Y in instance clkload831 of sky130_fd_sc_hd__clkinv_2 in cell user_project_wrapper
Note:  Implicit pin X in instance clkload832 of sky130_fd_sc_hd__clkbuf_8 in cell user_project_wrapper
Note:  Implicit pin X in instance clkload833 of sky130_fd_sc_hd__clkbuf_4 in cell user_project_wrapper
Note:  Implicit pin X in instance clkload834 of sky130_fd_sc_hd__clkbuf_8 in cell user_project_wrapper
Note:  Implicit pin X in instance clkload835 of sky130_fd_sc_hd__clkbuf_8 in cell user_project_wrapper
Note:  Implicit pin X in instance clkload836 of sky130_fd_sc_hd__clkbuf_8 in cell user_project_wrapper
Note:  Implicit pin X in instance clkload837 of sky130_fd_sc_hd__clkbuf_4 in cell user_project_wrapper
Note:  Implicit pin X in instance clkload838 of sky130_fd_sc_hd__clkbuf_8 in cell user_project_wrapper
Note:  Implicit pin Y in instance clkload839 of sky130_fd_sc_hd__clkinv_2 in cell user_project_wrapper
Note:  Implicit pin Y in instance clkload840 of sky130_fd_sc_hd__bufinv_16 in cell user_project_wrapper
Note:  Implicit pin X in instance clkload841 of sky130_fd_sc_hd__clkbuf_4 in cell user_project_wrapper
Note:  Implicit pin Y in instance clkload842 of sky130_fd_sc_hd__clkinv_2 in cell user_project_wrapper
Note:  Implicit pin Y in instance clkload843 of sky130_fd_sc_hd__clkinv_2 in cell user_project_wrapper
Note:  Implicit pin X in instance clkload844 of sky130_fd_sc_hd__clkbuf_8 in cell user_project_wrapper
Note:  Implicit pin Y in instance clkload845 of sky130_fd_sc_hd__clkinv_2 in cell user_project_wrapper
Note:  Implicit pin X in instance clkload846 of sky130_fd_sc_hd__clkbuf_4 in cell user_project_wrapper
Note:  Implicit pin X in instance clkload847 of sky130_fd_sc_hd__clkbuf_4 in cell user_project_wrapper
Note:  Implicit pin Y in instance clkload848 of sky130_fd_sc_hd__clkinv_2 in cell user_project_wrapper
Note:  Implicit pin Y in instance clkload849 of sky130_fd_sc_hd__clkinv_2 in cell user_project_wrapper
Note:  Implicit pin X in instance clkload850 of sky130_fd_sc_hd__clkbuf_8 in cell user_project_wrapper
Note:  Implicit pin X in instance clkload851 of sky130_fd_sc_hd__clkbuf_4 in cell user_project_wrapper
Note:  Implicit pin X in instance clkload852 of sky130_fd_sc_hd__clkbuf_8 in cell user_project_wrapper
Note:  Implicit pin X in instance clkload853 of sky130_fd_sc_hd__clkbuf_8 in cell user_project_wrapper
Note:  Implicit pin Y in instance clkload854 of sky130_fd_sc_hd__clkinv_2 in cell user_project_wrapper
Note:  Implicit pin X in instance clkload855 of sky130_fd_sc_hd__clkbuf_8 in cell user_project_wrapper
Note:  Implicit pin Y in instance clkload856 of sky130_fd_sc_hd__clkinv_2 in cell user_project_wrapper
Note:  Implicit pin X in instance clkload857 of sky130_fd_sc_hd__clkbuf_8 in cell user_project_wrapper
Note:  Implicit pin Y in instance clkload858 of sky130_fd_sc_hd__clkinv_2 in cell user_project_wrapper
Note:  Implicit pin X in instance clkload859 of sky130_fd_sc_hd__clkbuf_8 in cell user_project_wrapper
Note:  Implicit pin Y in instance clkload860 of sky130_fd_sc_hd__clkinv_2 in cell user_project_wrapper
Note:  Implicit pin X in instance clkload861 of sky130_fd_sc_hd__clkbuf_4 in cell user_project_wrapper
Note:  Implicit pin X in instance clkload862 of sky130_fd_sc_hd__clkbuf_4 in cell user_project_wrapper
Note:  Implicit pin X in instance clkload863 of sky130_fd_sc_hd__clkbuf_4 in cell user_project_wrapper
Note:  Implicit pin X in instance clkload864 of sky130_fd_sc_hd__clkbuf_4 in cell user_project_wrapper
Note:  Implicit pin X in instance clkload865 of sky130_fd_sc_hd__clkbuf_4 in cell user_project_wrapper
Note:  Implicit pin X in instance clkload866 of sky130_fd_sc_hd__clkbuf_8 in cell user_project_wrapper
Note:  Implicit pin X in instance clkload867 of sky130_fd_sc_hd__clkbuf_4 in cell user_project_wrapper
Note:  Implicit pin X in instance clkload868 of sky130_fd_sc_hd__clkbuf_8 in cell user_project_wrapper
Note:  Implicit pin X in instance clkload869 of sky130_fd_sc_hd__clkbuf_4 in cell user_project_wrapper
Note:  Implicit pin X in instance clkload870 of sky130_fd_sc_hd__clkbuf_8 in cell user_project_wrapper
Note:  Implicit pin X in instance clkload871 of sky130_fd_sc_hd__clkbuf_8 in cell user_project_wrapper
Note:  Implicit pin X in instance clkload872 of sky130_fd_sc_hd__clkbuf_4 in cell user_project_wrapper
Note:  Implicit pin Y in instance clkload873 of sky130_fd_sc_hd__clkinv_2 in cell user_project_wrapper
Note:  Implicit pin Y in instance clkload874 of sky130_fd_sc_hd__clkinv_2 in cell user_project_wrapper
Note:  Implicit pin X in instance clkload875 of sky130_fd_sc_hd__clkbuf_8 in cell user_project_wrapper
Note:  Implicit pin Y in instance clkload876 of sky130_fd_sc_hd__clkinv_2 in cell user_project_wrapper
Note:  Implicit pin Y in instance clkload877 of sky130_fd_sc_hd__clkinv_2 in cell user_project_wrapper
Note:  Implicit pin X in instance clkload878 of sky130_fd_sc_hd__clkbuf_4 in cell user_project_wrapper
Note:  Implicit pin Y in instance clkload879 of sky130_fd_sc_hd__clkinv_2 in cell user_project_wrapper
Note:  Implicit pin X in instance clkload880 of sky130_fd_sc_hd__clkbuf_8 in cell user_project_wrapper
Note:  Implicit pin X in instance clkload881 of sky130_fd_sc_hd__clkbuf_4 in cell user_project_wrapper
Note:  Implicit pin X in instance clkload882 of sky130_fd_sc_hd__clkbuf_4 in cell user_project_wrapper
Note:  Implicit pin X in instance clkload883 of sky130_fd_sc_hd__clkbuf_4 in cell user_project_wrapper
Note:  Implicit pin X in instance clkload884 of sky130_fd_sc_hd__clkbuf_8 in cell user_project_wrapper
Note:  Implicit pin Y in instance clkload885 of sky130_fd_sc_hd__clkinv_2 in cell user_project_wrapper
Note:  Implicit pin Y in instance clkload886 of sky130_fd_sc_hd__clkinv_2 in cell user_project_wrapper
Note:  Implicit pin Y in instance clkload887 of sky130_fd_sc_hd__clkinv_2 in cell user_project_wrapper
Note:  Implicit pin X in instance clkload888 of sky130_fd_sc_hd__clkbuf_4 in cell user_project_wrapper
Note:  Implicit pin X in instance clkload889 of sky130_fd_sc_hd__clkbuf_8 in cell user_project_wrapper
Note:  Implicit pin X in instance clkload890 of sky130_fd_sc_hd__clkbuf_8 in cell user_project_wrapper
Note:  Implicit pin Y in instance clkload891 of sky130_fd_sc_hd__clkinv_2 in cell user_project_wrapper
Note:  Implicit pin X in instance clkload892 of sky130_fd_sc_hd__clkbuf_8 in cell user_project_wrapper
Note:  Implicit pin X in instance clkload893 of sky130_fd_sc_hd__clkbuf_4 in cell user_project_wrapper
Note:  Implicit pin X in instance clkload894 of sky130_fd_sc_hd__clkbuf_4 in cell user_project_wrapper
Note:  Implicit pin X in instance clkload895 of sky130_fd_sc_hd__clkbuf_8 in cell user_project_wrapper
Note:  Implicit pin X in instance clkload896 of sky130_fd_sc_hd__clkbuf_8 in cell user_project_wrapper
Note:  Implicit pin X in instance clkload897 of sky130_fd_sc_hd__clkbuf_4 in cell user_project_wrapper
Note:  Implicit pin X in instance clkload898 of sky130_fd_sc_hd__clkbuf_4 in cell user_project_wrapper
Note:  Implicit pin X in instance clkload899 of sky130_fd_sc_hd__clkbuf_8 in cell user_project_wrapper
Note:  Implicit pin X in instance clkload900 of sky130_fd_sc_hd__clkbuf_4 in cell user_project_wrapper
Note:  Implicit pin X in instance clkload901 of sky130_fd_sc_hd__clkbuf_8 in cell user_project_wrapper
Note:  Implicit pin X in instance clkload902 of sky130_fd_sc_hd__clkbuf_4 in cell user_project_wrapper
Note:  Implicit pin X in instance clkload903 of sky130_fd_sc_hd__clkbuf_4 in cell user_project_wrapper
Note:  Implicit pin X in instance clkload904 of sky130_fd_sc_hd__clkbuf_8 in cell user_project_wrapper
Note:  Implicit pin X in instance clkload905 of sky130_fd_sc_hd__clkbuf_4 in cell user_project_wrapper
Note:  Implicit pin X in instance clkload906 of sky130_fd_sc_hd__clkbuf_4 in cell user_project_wrapper
Note:  Implicit pin X in instance clkload907 of sky130_fd_sc_hd__clkbuf_4 in cell user_project_wrapper
Note:  Implicit pin X in instance clkload908 of sky130_fd_sc_hd__clkbuf_8 in cell user_project_wrapper
Note:  Implicit pin X in instance clkload909 of sky130_fd_sc_hd__clkbuf_8 in cell user_project_wrapper
Note:  Implicit pin X in instance clkload910 of sky130_fd_sc_hd__clkbuf_4 in cell user_project_wrapper
Note:  Implicit pin X in instance clkload911 of sky130_fd_sc_hd__clkbuf_4 in cell user_project_wrapper
Note:  Implicit pin X in instance clkload912 of sky130_fd_sc_hd__clkbuf_8 in cell user_project_wrapper
Note:  Implicit pin Y in instance clkload913 of sky130_fd_sc_hd__clkinv_2 in cell user_project_wrapper
Note:  Implicit pin X in instance clkload914 of sky130_fd_sc_hd__clkbuf_8 in cell user_project_wrapper
Note:  Implicit pin Y in instance clkload915 of sky130_fd_sc_hd__clkinv_2 in cell user_project_wrapper
Note:  Implicit pin X in instance clkload916 of sky130_fd_sc_hd__clkbuf_8 in cell user_project_wrapper
Note:  Implicit pin X in instance clkload917 of sky130_fd_sc_hd__clkbuf_8 in cell user_project_wrapper
Note:  Implicit pin X in instance clkload918 of sky130_fd_sc_hd__clkbuf_4 in cell user_project_wrapper
Note:  Implicit pin X in instance clkload919 of sky130_fd_sc_hd__clkbuf_4 in cell user_project_wrapper
Note:  Implicit pin X in instance clkload920 of sky130_fd_sc_hd__clkbuf_8 in cell user_project_wrapper
Note:  Implicit pin Y in instance clkload921 of sky130_fd_sc_hd__clkinv_2 in cell user_project_wrapper
Note:  Implicit pin X in instance clkload922 of sky130_fd_sc_hd__clkbuf_4 in cell user_project_wrapper
Note:  Implicit pin X in instance clkload923 of sky130_fd_sc_hd__clkbuf_8 in cell user_project_wrapper
Note:  Implicit pin X in instance clkload924 of sky130_fd_sc_hd__clkbuf_8 in cell user_project_wrapper
Note:  Implicit pin Y in instance clkload925 of sky130_fd_sc_hd__clkinv_2 in cell user_project_wrapper
Note:  Implicit pin X in instance clkload926 of sky130_fd_sc_hd__clkbuf_4 in cell user_project_wrapper
Note:  Implicit pin X in instance clkload927 of sky130_fd_sc_hd__clkbuf_4 in cell user_project_wrapper
Note:  Implicit pin X in instance clkload928 of sky130_fd_sc_hd__clkbuf_8 in cell user_project_wrapper
Note:  Implicit pin Y in instance clkload929 of sky130_fd_sc_hd__clkinv_2 in cell user_project_wrapper
Treating empty subcircuits as black-box cells
Generating JSON file result

Reading setup file /nix/store/wn1fdnkvfs0r3b197kgsf2fwavmsn82c-python3.11-librelane-2.4.6/lib/python3.11/site-packages/librelane/scripts/netgen/setup.tcl

Model sky130_fd_pr__res_generic_po pin 1 == 2
No property value found for device sky130_fd_pr__res_generic_po
No property mult found for device sky130_fd_pr__res_generic_po
Model sky130_fd_pr__nfet_01v8 pin 1 == 3
No property mult found for device sky130_fd_pr__nfet_01v8
No property sa found for device sky130_fd_pr__nfet_01v8
No property sb found for device sky130_fd_pr__nfet_01v8
No property sd found for device sky130_fd_pr__nfet_01v8
No property nf found for device sky130_fd_pr__nfet_01v8
No property nrd found for device sky130_fd_pr__nfet_01v8
No property nrs found for device sky130_fd_pr__nfet_01v8
No property area found for device sky130_fd_pr__nfet_01v8
No property perim found for device sky130_fd_pr__nfet_01v8
No property topography found for device sky130_fd_pr__nfet_01v8
Model sky130_fd_pr__pfet_01v8_hvt pin 1 == 3
No property mult found for device sky130_fd_pr__pfet_01v8_hvt
No property sa found for device sky130_fd_pr__pfet_01v8_hvt
No property sb found for device sky130_fd_pr__pfet_01v8_hvt
No property sd found for device sky130_fd_pr__pfet_01v8_hvt
No property nf found for device sky130_fd_pr__pfet_01v8_hvt
No property nrd found for device sky130_fd_pr__pfet_01v8_hvt
No property nrs found for device sky130_fd_pr__pfet_01v8_hvt
No property area found for device sky130_fd_pr__pfet_01v8_hvt
No property perim found for device sky130_fd_pr__pfet_01v8_hvt
No property topography found for device sky130_fd_pr__pfet_01v8_hvt
Model sky130_fd_pr__special_nfet_01v8 pin 1 == 3
No property as found for device sky130_fd_pr__special_nfet_01v8
No property ad found for device sky130_fd_pr__special_nfet_01v8
No property ps found for device sky130_fd_pr__special_nfet_01v8
No property pd found for device sky130_fd_pr__special_nfet_01v8
No property mult found for device sky130_fd_pr__special_nfet_01v8
No property sa found for device sky130_fd_pr__special_nfet_01v8
No property sb found for device sky130_fd_pr__special_nfet_01v8
No property sd found for device sky130_fd_pr__special_nfet_01v8
No property nf found for device sky130_fd_pr__special_nfet_01v8
No property nrd found for device sky130_fd_pr__special_nfet_01v8
No property nrs found for device sky130_fd_pr__special_nfet_01v8
No property area found for device sky130_fd_pr__special_nfet_01v8
No property perim found for device sky130_fd_pr__special_nfet_01v8
No property topography found for device sky130_fd_pr__special_nfet_01v8
Model sky130_fd_pr__special_pfet_01v8_hvt pin 1 == 3
No property as found for device sky130_fd_pr__special_pfet_01v8_hvt
No property ad found for device sky130_fd_pr__special_pfet_01v8_hvt
No property ps found for device sky130_fd_pr__special_pfet_01v8_hvt
No property pd found for device sky130_fd_pr__special_pfet_01v8_hvt
No property mult found for device sky130_fd_pr__special_pfet_01v8_hvt
No property sa found for device sky130_fd_pr__special_pfet_01v8_hvt
No property sb found for device sky130_fd_pr__special_pfet_01v8_hvt
No property sd found for device sky130_fd_pr__special_pfet_01v8_hvt
No property nf found for device sky130_fd_pr__special_pfet_01v8_hvt
No property nrd found for device sky130_fd_pr__special_pfet_01v8_hvt
No property nrs found for device sky130_fd_pr__special_pfet_01v8_hvt
No property area found for device sky130_fd_pr__special_pfet_01v8_hvt
No property perim found for device sky130_fd_pr__special_pfet_01v8_hvt
No property topography found for device sky130_fd_pr__special_pfet_01v8_hvt
No property value found for device sky130_fd_pr__diode_pw2nd_05v5
No property mult found for device sky130_fd_pr__diode_pw2nd_05v5
Comparison output logged to file /home/baungarten/Desktop/lacerta_march/openlane/user_project_wrapper/runs/26_05_01_21_41/70-netgen-lvs/reports/lvs.netgen.rpt
Logging to file "/home/baungarten/Desktop/lacerta_march/openlane/user_project_wrapper/runs/26_05_01_21_41/70-netgen-lvs/reports/lvs.netgen.rpt" enabled

Contents of circuit 1:  Circuit: 'sky130_ef_sc_hd__decap_40_12'
Circuit sky130_ef_sc_hd__decap_40_12 contains 0 device instances.
Circuit contains 0 nets, and 4 disconnected pins.
Contents of circuit 2:  Circuit: 'sky130_ef_sc_hd__decap_40_12'
Circuit sky130_ef_sc_hd__decap_40_12 contains 2 device instances.
  Class: sky130_fd_pr__nfet_01v8 instances:   1
  Class: sky130_fd_pr__pfet_01v8_hvt instances:   1
Circuit contains 4 nets.

Circuit sky130_ef_sc_hd__decap_40_12 contains no devices.

Contents of circuit 1:  Circuit: 'sky130_fd_sc_hd__fill_1'
Circuit sky130_fd_sc_hd__fill_1 contains 0 device instances.
Circuit contains 0 nets, and 4 disconnected pins.
Contents of circuit 2:  Circuit: 'sky130_fd_sc_hd__fill_1'
Circuit sky130_fd_sc_hd__fill_1 contains 0 device instances.
Circuit contains 0 nets, and 4 disconnected pins.

Circuit sky130_fd_sc_hd__fill_1 contains no devices.

Contents of circuit 1:  Circuit: 'sky130_fd_sc_hd__fill_2'
Circuit sky130_fd_sc_hd__fill_2 contains 0 device instances.
Circuit contains 0 nets, and 4 disconnected pins.
Contents of circuit 2:  Circuit: 'sky130_fd_sc_hd__fill_2'
Circuit sky130_fd_sc_hd__fill_2 contains 0 device instances.
Circuit contains 0 nets, and 4 disconnected pins.

Circuit sky130_fd_sc_hd__fill_2 contains no devices.

Contents of circuit 1:  Circuit: 'sky130_fd_sc_hd__tapvpwrvgnd_1'
Circuit sky130_fd_sc_hd__tapvpwrvgnd_1 contains 0 device instances.
Circuit contains 0 nets, and 2 disconnected pins.
Contents of circuit 2:  Circuit: 'sky130_fd_sc_hd__tapvpwrvgnd_1'
Circuit sky130_fd_sc_hd__tapvpwrvgnd_1 contains 0 device instances.
Circuit contains 0 nets, and 2 disconnected pins.

Circuit sky130_fd_sc_hd__tapvpwrvgnd_1 contains no devices.

Contents of circuit 1:  Circuit: 'sky130_fd_sc_hd__fill_4'
Circuit sky130_fd_sc_hd__fill_4 contains 0 device instances.
Circuit contains 0 nets, and 4 disconnected pins.
Contents of circuit 2:  Circuit: 'sky130_fd_sc_hd__fill_4'
Circuit sky130_fd_sc_hd__fill_4 contains 0 device instances.
Circuit contains 0 nets, and 4 disconnected pins.

Circuit sky130_fd_sc_hd__fill_4 contains no devices.

Contents of circuit 1:  Circuit: 'sky130_fd_sc_hd__fill_8'
Circuit sky130_fd_sc_hd__fill_8 contains 0 device instances.
Circuit contains 0 nets, and 4 disconnected pins.
Contents of circuit 2:  Circuit: 'sky130_fd_sc_hd__fill_8'
Circuit sky130_fd_sc_hd__fill_8 contains 0 device instances.
Circuit contains 0 nets, and 4 disconnected pins.

Circuit sky130_fd_sc_hd__fill_8 contains no devices.

Contents of circuit 1:  Circuit: 'sky130_fd_sc_hd__mux2_1'
Circuit sky130_fd_sc_hd__mux2_1 contains 0 device instances.
Circuit contains 0 nets, and 8 disconnected pins.
Contents of circuit 2:  Circuit: 'sky130_fd_sc_hd__mux2_1'
Circuit sky130_fd_sc_hd__mux2_1 contains 12 device instances.
  Class: sky130_fd_pr__nfet_01v8 instances:   6
  Class: sky130_fd_pr__pfet_01v8_hvt instances:   6
Circuit contains 14 nets.

Circuit sky130_fd_sc_hd__mux2_1 contains no devices.

Contents of circuit 1:  Circuit: 'sky130_fd_sc_hd__a31o_1'
Circuit sky130_fd_sc_hd__a31o_1 contains 0 device instances.
Circuit contains 0 nets, and 9 disconnected pins.
Contents of circuit 2:  Circuit: 'sky130_fd_sc_hd__a31o_1'
Circuit sky130_fd_sc_hd__a31o_1 contains 10 device instances.
  Class: sky130_fd_pr__nfet_01v8 instances:   5
  Class: sky130_fd_pr__pfet_01v8_hvt instances:   5
Circuit contains 13 nets.

Circuit sky130_fd_sc_hd__a31o_1 contains no devices.

Contents of circuit 1:  Circuit: 'sky130_fd_sc_hd__inv_2'
Circuit sky130_fd_sc_hd__inv_2 contains 0 device instances.
Circuit contains 0 nets, and 6 disconnected pins.
Contents of circuit 2:  Circuit: 'sky130_fd_sc_hd__inv_2'
Circuit sky130_fd_sc_hd__inv_2 contains 4 device instances.
  Class: sky130_fd_pr__nfet_01v8 instances:   2
  Class: sky130_fd_pr__pfet_01v8_hvt instances:   2
Circuit contains 6 nets.

Circuit sky130_fd_sc_hd__inv_2 contains no devices.

Contents of circuit 1:  Circuit: 'sky130_fd_sc_hd__o211a_1'
Circuit sky130_fd_sc_hd__o211a_1 contains 0 device instances.
Circuit contains 0 nets, and 9 disconnected pins.
Contents of circuit 2:  Circuit: 'sky130_fd_sc_hd__o211a_1'
Circuit sky130_fd_sc_hd__o211a_1 contains 10 device instances.
  Class: sky130_fd_pr__nfet_01v8 instances:   5
  Class: sky130_fd_pr__pfet_01v8_hvt instances:   5
Circuit contains 13 nets.

Circuit sky130_fd_sc_hd__o211a_1 contains no devices.

Contents of circuit 1:  Circuit: 'sky130_fd_sc_hd__dfxtp_1'
Circuit sky130_fd_sc_hd__dfxtp_1 contains 0 device instances.
Circuit contains 0 nets, and 7 disconnected pins.
Contents of circuit 2:  Circuit: 'sky130_fd_sc_hd__dfxtp_1'
Circuit sky130_fd_sc_hd__dfxtp_1 contains 24 device instances.
  Class: sky130_fd_pr__nfet_01v8 instances:   8
  Class: sky130_fd_pr__pfet_01v8_hvt instances:  12
  Class: sky130_fd_pr__special_nfet_01v8 instances:   4
Circuit contains 18 nets.

Circuit sky130_fd_sc_hd__dfxtp_1 contains no devices.

Contents of circuit 1:  Circuit: 'sky130_fd_sc_hd__decap_3'
Circuit sky130_fd_sc_hd__decap_3 contains 0 device instances.
Circuit contains 0 nets, and 4 disconnected pins.
Contents of circuit 2:  Circuit: 'sky130_fd_sc_hd__decap_3'
Circuit sky130_fd_sc_hd__decap_3 contains 2 device instances.
  Class: sky130_fd_pr__nfet_01v8 instances:   1
  Class: sky130_fd_pr__pfet_01v8_hvt instances:   1
Circuit contains 4 nets.

Circuit sky130_fd_sc_hd__decap_3 contains no devices.

Contents of circuit 1:  Circuit: 'sky130_fd_sc_hd__clkbuf_8'
Circuit sky130_fd_sc_hd__clkbuf_8 contains 0 device instances.
Circuit contains 0 nets, and 6 disconnected pins.
Contents of circuit 2:  Circuit: 'sky130_fd_sc_hd__clkbuf_8'
Circuit sky130_fd_sc_hd__clkbuf_8 contains 20 device instances.
  Class: sky130_fd_pr__nfet_01v8 instances:  10
  Class: sky130_fd_pr__pfet_01v8_hvt instances:  10
Circuit contains 7 nets.

Circuit sky130_fd_sc_hd__clkbuf_8 contains no devices.

Contents of circuit 1:  Circuit: 'sky130_fd_sc_hd__dfrtp_1'
Circuit sky130_fd_sc_hd__dfrtp_1 contains 0 device instances.
Circuit contains 0 nets, and 8 disconnected pins.
Contents of circuit 2:  Circuit: 'sky130_fd_sc_hd__dfrtp_1'
Circuit sky130_fd_sc_hd__dfrtp_1 contains 28 device instances.
  Class: sky130_fd_pr__nfet_01v8 instances:  10
  Class: sky130_fd_pr__pfet_01v8_hvt instances:  14
  Class: sky130_fd_pr__special_nfet_01v8 instances:   4
Circuit contains 21 nets.

Circuit sky130_fd_sc_hd__dfrtp_1 contains no devices.

Contents of circuit 1:  Circuit: 'sky130_fd_sc_hd__dfrtp_2'
Circuit sky130_fd_sc_hd__dfrtp_2 contains 0 device instances.
Circuit contains 0 nets, and 8 disconnected pins.
Contents of circuit 2:  Circuit: 'sky130_fd_sc_hd__dfrtp_2'
Circuit sky130_fd_sc_hd__dfrtp_2 contains 30 device instances.
  Class: sky130_fd_pr__nfet_01v8 instances:  11
  Class: sky130_fd_pr__pfet_01v8_hvt instances:  15
  Class: sky130_fd_pr__special_nfet_01v8 instances:   4
Circuit contains 21 nets.

Circuit sky130_fd_sc_hd__dfrtp_2 contains no devices.

Contents of circuit 1:  Circuit: 'sky130_fd_sc_hd__dfrtp_4'
Circuit sky130_fd_sc_hd__dfrtp_4 contains 0 device instances.
Circuit contains 0 nets, and 8 disconnected pins.
Contents of circuit 2:  Circuit: 'sky130_fd_sc_hd__dfrtp_4'
Circuit sky130_fd_sc_hd__dfrtp_4 contains 34 device instances.
  Class: sky130_fd_pr__nfet_01v8 instances:  13
  Class: sky130_fd_pr__pfet_01v8_hvt instances:  17
  Class: sky130_fd_pr__special_nfet_01v8 instances:   4
Circuit contains 21 nets.

Circuit sky130_fd_sc_hd__dfrtp_4 contains no devices.

Contents of circuit 1:  Circuit: 'sky130_fd_sc_hd__dlygate4sd3_1'
Circuit sky130_fd_sc_hd__dlygate4sd3_1 contains 0 device instances.
Circuit contains 0 nets, and 6 disconnected pins.
Contents of circuit 2:  Circuit: 'sky130_fd_sc_hd__dlygate4sd3_1'
Circuit sky130_fd_sc_hd__dlygate4sd3_1 contains 8 device instances.
  Class: sky130_fd_pr__nfet_01v8 instances:   4
  Class: sky130_fd_pr__pfet_01v8_hvt instances:   4
Circuit contains 9 nets.

Circuit sky130_fd_sc_hd__dlygate4sd3_1 contains no devices.

Contents of circuit 1:  Circuit: 'sky130_fd_sc_hd__buf_4'
Circuit sky130_fd_sc_hd__buf_4 contains 0 device instances.
Circuit contains 0 nets, and 6 disconnected pins.
Contents of circuit 2:  Circuit: 'sky130_fd_sc_hd__buf_4'
Circuit sky130_fd_sc_hd__buf_4 contains 10 device instances.
  Class: sky130_fd_pr__nfet_01v8 instances:   5
  Class: sky130_fd_pr__pfet_01v8_hvt instances:   5
Circuit contains 7 nets.

Circuit sky130_fd_sc_hd__buf_4 contains no devices.

Contents of circuit 1:  Circuit: 'sky130_fd_sc_hd__clkbuf_4'
Circuit sky130_fd_sc_hd__clkbuf_4 contains 0 device instances.
Circuit contains 0 nets, and 6 disconnected pins.
Contents of circuit 2:  Circuit: 'sky130_fd_sc_hd__clkbuf_4'
Circuit sky130_fd_sc_hd__clkbuf_4 contains 10 device instances.
  Class: sky130_fd_pr__nfet_01v8 instances:   5
  Class: sky130_fd_pr__pfet_01v8_hvt instances:   5
Circuit contains 7 nets.

Circuit sky130_fd_sc_hd__clkbuf_4 contains no devices.

Contents of circuit 1:  Circuit: 'sky130_fd_sc_hd__buf_2'
Circuit sky130_fd_sc_hd__buf_2 contains 0 device instances.
Circuit contains 0 nets, and 6 disconnected pins.
Contents of circuit 2:  Circuit: 'sky130_fd_sc_hd__buf_2'
Circuit sky130_fd_sc_hd__buf_2 contains 6 device instances.
  Class: sky130_fd_pr__nfet_01v8 instances:   3
  Class: sky130_fd_pr__pfet_01v8_hvt instances:   3
Circuit contains 7 nets.

Circuit sky130_fd_sc_hd__buf_2 contains no devices.

Contents of circuit 1:  Circuit: 'sky130_fd_sc_hd__buf_8'
Circuit sky130_fd_sc_hd__buf_8 contains 0 device instances.
Circuit contains 0 nets, and 6 disconnected pins.
Contents of circuit 2:  Circuit: 'sky130_fd_sc_hd__buf_8'
Circuit sky130_fd_sc_hd__buf_8 contains 22 device instances.
  Class: sky130_fd_pr__nfet_01v8 instances:  11
  Class: sky130_fd_pr__pfet_01v8_hvt instances:  11
Circuit contains 7 nets.

Circuit sky130_fd_sc_hd__buf_8 contains no devices.

Contents of circuit 1:  Circuit: 'sky130_fd_sc_hd__a41o_1'
Circuit sky130_fd_sc_hd__a41o_1 contains 0 device instances.
Circuit contains 0 nets, and 10 disconnected pins.
Contents of circuit 2:  Circuit: 'sky130_fd_sc_hd__a41o_1'
Circuit sky130_fd_sc_hd__a41o_1 contains 12 device instances.
  Class: sky130_fd_pr__nfet_01v8 instances:   6
  Class: sky130_fd_pr__pfet_01v8_hvt instances:   6
Circuit contains 15 nets.

Circuit sky130_fd_sc_hd__a41o_1 contains no devices.

Contents of circuit 1:  Circuit: 'sky130_fd_sc_hd__diode_2'
Circuit sky130_fd_sc_hd__diode_2 contains 0 device instances.
Circuit contains 0 nets, and 5 disconnected pins.
Contents of circuit 2:  Circuit: 'sky130_fd_sc_hd__diode_2'
Circuit sky130_fd_sc_hd__diode_2 contains 1 device instances.
  Class: sky130_fd_pr__diode_pw2nd_05v5 instances:   1
Circuit contains 2 nets, and 3 disconnected pins.

Circuit sky130_fd_sc_hd__diode_2 contains no devices.

Contents of circuit 1:  Circuit: 'sky130_fd_sc_hd__nand4_1'
Circuit sky130_fd_sc_hd__nand4_1 contains 0 device instances.
Circuit contains 0 nets, and 9 disconnected pins.
Contents of circuit 2:  Circuit: 'sky130_fd_sc_hd__nand4_1'
Circuit sky130_fd_sc_hd__nand4_1 contains 8 device instances.
  Class: sky130_fd_pr__nfet_01v8 instances:   4
  Class: sky130_fd_pr__pfet_01v8_hvt instances:   4
Circuit contains 12 nets.

Circuit sky130_fd_sc_hd__nand4_1 contains no devices.

Contents of circuit 1:  Circuit: 'sky130_fd_sc_hd__and3b_1'
Circuit sky130_fd_sc_hd__and3b_1 contains 0 device instances.
Circuit contains 0 nets, and 8 disconnected pins.
Contents of circuit 2:  Circuit: 'sky130_fd_sc_hd__and3b_1'
Circuit sky130_fd_sc_hd__and3b_1 contains 10 device instances.
  Class: sky130_fd_pr__nfet_01v8 instances:   5
  Class: sky130_fd_pr__pfet_01v8_hvt instances:   5
Circuit contains 12 nets.

Circuit sky130_fd_sc_hd__and3b_1 contains no devices.

Contents of circuit 1:  Circuit: 'sky130_fd_sc_hd__clkbuf_1'
Circuit sky130_fd_sc_hd__clkbuf_1 contains 0 device instances.
Circuit contains 0 nets, and 6 disconnected pins.
Contents of circuit 2:  Circuit: 'sky130_fd_sc_hd__clkbuf_1'
Circuit sky130_fd_sc_hd__clkbuf_1 contains 4 device instances.
  Class: sky130_fd_pr__nfet_01v8 instances:   2
  Class: sky130_fd_pr__pfet_01v8_hvt instances:   2
Circuit contains 7 nets.

Circuit sky130_fd_sc_hd__clkbuf_1 contains no devices.

Contents of circuit 1:  Circuit: 'sky130_fd_sc_hd__nand2_1'
Circuit sky130_fd_sc_hd__nand2_1 contains 0 device instances.
Circuit contains 0 nets, and 7 disconnected pins.
Contents of circuit 2:  Circuit: 'sky130_fd_sc_hd__nand2_1'
Circuit sky130_fd_sc_hd__nand2_1 contains 4 device instances.
  Class: sky130_fd_pr__nfet_01v8 instances:   2
  Class: sky130_fd_pr__pfet_01v8_hvt instances:   2
Circuit contains 8 nets.

Circuit sky130_fd_sc_hd__nand2_1 contains no devices.

Contents of circuit 1:  Circuit: 'sky130_fd_sc_hd__a21oi_1'
Circuit sky130_fd_sc_hd__a21oi_1 contains 0 device instances.
Circuit contains 0 nets, and 8 disconnected pins.
Contents of circuit 2:  Circuit: 'sky130_fd_sc_hd__a21oi_1'
Circuit sky130_fd_sc_hd__a21oi_1 contains 6 device instances.
  Class: sky130_fd_pr__nfet_01v8 instances:   3
  Class: sky130_fd_pr__pfet_01v8_hvt instances:   3
Circuit contains 10 nets.

Circuit sky130_fd_sc_hd__a21oi_1 contains no devices.

Contents of circuit 1:  Circuit: 'sky130_fd_sc_hd__a22oi_1'
Circuit sky130_fd_sc_hd__a22oi_1 contains 0 device instances.
Circuit contains 0 nets, and 9 disconnected pins.
Contents of circuit 2:  Circuit: 'sky130_fd_sc_hd__a22oi_1'
Circuit sky130_fd_sc_hd__a22oi_1 contains 8 device instances.
  Class: sky130_fd_pr__nfet_01v8 instances:   4
  Class: sky130_fd_pr__pfet_01v8_hvt instances:   4
Circuit contains 12 nets.

Circuit sky130_fd_sc_hd__a22oi_1 contains no devices.

Contents of circuit 1:  Circuit: 'sky130_fd_sc_hd__and3_1'
Circuit sky130_fd_sc_hd__and3_1 contains 0 device instances.
Circuit contains 0 nets, and 8 disconnected pins.
Contents of circuit 2:  Circuit: 'sky130_fd_sc_hd__and3_1'
Circuit sky130_fd_sc_hd__and3_1 contains 8 device instances.
  Class: sky130_fd_pr__nfet_01v8 instances:   4
  Class: sky130_fd_pr__pfet_01v8_hvt instances:   4
Circuit contains 11 nets.

Circuit sky130_fd_sc_hd__and3_1 contains no devices.

Contents of circuit 1:  Circuit: 'sky130_fd_sc_hd__a221o_1'
Circuit sky130_fd_sc_hd__a221o_1 contains 0 device instances.
Circuit contains 0 nets, and 10 disconnected pins.
Contents of circuit 2:  Circuit: 'sky130_fd_sc_hd__a221o_1'
Circuit sky130_fd_sc_hd__a221o_1 contains 12 device instances.
  Class: sky130_fd_pr__nfet_01v8 instances:   6
  Class: sky130_fd_pr__pfet_01v8_hvt instances:   6
Circuit contains 15 nets.

Circuit sky130_fd_sc_hd__a221o_1 contains no devices.

Contents of circuit 1:  Circuit: 'sky130_fd_sc_hd__nand4_4'
Circuit sky130_fd_sc_hd__nand4_4 contains 0 device instances.
Circuit contains 0 nets, and 9 disconnected pins.
Contents of circuit 2:  Circuit: 'sky130_fd_sc_hd__nand4_4'
Circuit sky130_fd_sc_hd__nand4_4 contains 32 device instances.
  Class: sky130_fd_pr__nfet_01v8 instances:  16
  Class: sky130_fd_pr__pfet_01v8_hvt instances:  16
Circuit contains 12 nets.

Circuit sky130_fd_sc_hd__nand4_4 contains no devices.

Contents of circuit 1:  Circuit: 'sky130_fd_sc_hd__and4b_2'
Circuit sky130_fd_sc_hd__and4b_2 contains 0 device instances.
Circuit contains 0 nets, and 9 disconnected pins.
Contents of circuit 2:  Circuit: 'sky130_fd_sc_hd__and4b_2'
Circuit sky130_fd_sc_hd__and4b_2 contains 14 device instances.
  Class: sky130_fd_pr__nfet_01v8 instances:   7
  Class: sky130_fd_pr__pfet_01v8_hvt instances:   7
Circuit contains 14 nets.

Circuit sky130_fd_sc_hd__and4b_2 contains no devices.

Contents of circuit 1:  Circuit: 'sky130_fd_sc_hd__and4b_1'
Circuit sky130_fd_sc_hd__and4b_1 contains 0 device instances.
Circuit contains 0 nets, and 9 disconnected pins.
Contents of circuit 2:  Circuit: 'sky130_fd_sc_hd__and4b_1'
Circuit sky130_fd_sc_hd__and4b_1 contains 12 device instances.
  Class: sky130_fd_pr__nfet_01v8 instances:   6
  Class: sky130_fd_pr__pfet_01v8_hvt instances:   6
Circuit contains 14 nets.

Circuit sky130_fd_sc_hd__and4b_1 contains no devices.

Contents of circuit 1:  Circuit: 'sky130_fd_sc_hd__a2bb2o_1'
Circuit sky130_fd_sc_hd__a2bb2o_1 contains 0 device instances.
Circuit contains 0 nets, and 9 disconnected pins.
Contents of circuit 2:  Circuit: 'sky130_fd_sc_hd__a2bb2o_1'
Circuit sky130_fd_sc_hd__a2bb2o_1 contains 12 device instances.
  Class: sky130_fd_pr__nfet_01v8 instances:   6
  Class: sky130_fd_pr__pfet_01v8_hvt instances:   6
Circuit contains 14 nets.

Circuit sky130_fd_sc_hd__a2bb2o_1 contains no devices.

Contents of circuit 1:  Circuit: 'sky130_fd_sc_hd__nor4_1'
Circuit sky130_fd_sc_hd__nor4_1 contains 0 device instances.
Circuit contains 0 nets, and 9 disconnected pins.
Contents of circuit 2:  Circuit: 'sky130_fd_sc_hd__nor4_1'
Circuit sky130_fd_sc_hd__nor4_1 contains 8 device instances.
  Class: sky130_fd_pr__nfet_01v8 instances:   4
  Class: sky130_fd_pr__pfet_01v8_hvt instances:   4
Circuit contains 12 nets.

Circuit sky130_fd_sc_hd__nor4_1 contains no devices.

Contents of circuit 1:  Circuit: 'sky130_fd_sc_hd__o22a_4'
Circuit sky130_fd_sc_hd__o22a_4 contains 0 device instances.
Circuit contains 0 nets, and 9 disconnected pins.
Contents of circuit 2:  Circuit: 'sky130_fd_sc_hd__o22a_4'
Circuit sky130_fd_sc_hd__o22a_4 contains 24 device instances.
  Class: sky130_fd_pr__nfet_01v8 instances:  12
  Class: sky130_fd_pr__pfet_01v8_hvt instances:  12
Circuit contains 13 nets.

Circuit sky130_fd_sc_hd__o22a_4 contains no devices.

Contents of circuit 1:  Circuit: 'sky130_fd_sc_hd__a221o_2'
Circuit sky130_fd_sc_hd__a221o_2 contains 0 device instances.
Circuit contains 0 nets, and 10 disconnected pins.
Contents of circuit 2:  Circuit: 'sky130_fd_sc_hd__a221o_2'
Circuit sky130_fd_sc_hd__a221o_2 contains 14 device instances.
  Class: sky130_fd_pr__nfet_01v8 instances:   7
  Class: sky130_fd_pr__pfet_01v8_hvt instances:   7
Circuit contains 15 nets.

Circuit sky130_fd_sc_hd__a221o_2 contains no devices.

Contents of circuit 1:  Circuit: 'sky130_fd_sc_hd__and2b_1'
Circuit sky130_fd_sc_hd__and2b_1 contains 0 device instances.
Circuit contains 0 nets, and 7 disconnected pins.
Contents of circuit 2:  Circuit: 'sky130_fd_sc_hd__and2b_1'
Circuit sky130_fd_sc_hd__and2b_1 contains 8 device instances.
  Class: sky130_fd_pr__nfet_01v8 instances:   4
  Class: sky130_fd_pr__pfet_01v8_hvt instances:   4
Circuit contains 10 nets.

Circuit sky130_fd_sc_hd__and2b_1 contains no devices.

Contents of circuit 1:  Circuit: 'sky130_fd_sc_hd__clkinv_2'
Circuit sky130_fd_sc_hd__clkinv_2 contains 0 device instances.
Circuit contains 0 nets, and 6 disconnected pins.
Contents of circuit 2:  Circuit: 'sky130_fd_sc_hd__clkinv_2'
Circuit sky130_fd_sc_hd__clkinv_2 contains 5 device instances.
  Class: sky130_fd_pr__nfet_01v8 instances:   2
  Class: sky130_fd_pr__pfet_01v8_hvt instances:   3
Circuit contains 6 nets.

Circuit sky130_fd_sc_hd__clkinv_2 contains no devices.

Contents of circuit 1:  Circuit: 'sky130_fd_sc_hd__bufinv_16'
Circuit sky130_fd_sc_hd__bufinv_16 contains 0 device instances.
Circuit contains 0 nets, and 6 disconnected pins.
Contents of circuit 2:  Circuit: 'sky130_fd_sc_hd__bufinv_16'
Circuit sky130_fd_sc_hd__bufinv_16 contains 50 device instances.
  Class: sky130_fd_pr__nfet_01v8 instances:  25
  Class: sky130_fd_pr__pfet_01v8_hvt instances:  25
Circuit contains 8 nets.

Circuit sky130_fd_sc_hd__bufinv_16 contains no devices.

Contents of circuit 1:  Circuit: 'sky130_fd_sc_hd__or4b_4'
Circuit sky130_fd_sc_hd__or4b_4 contains 0 device instances.
Circuit contains 0 nets, and 9 disconnected pins.
Contents of circuit 2:  Circuit: 'sky130_fd_sc_hd__or4b_4'
Circuit sky130_fd_sc_hd__or4b_4 contains 18 device instances.
  Class: sky130_fd_pr__nfet_01v8 instances:   9
  Class: sky130_fd_pr__pfet_01v8_hvt instances:   9
Circuit contains 14 nets.

Circuit sky130_fd_sc_hd__or4b_4 contains no devices.

Contents of circuit 1:  Circuit: 'sky130_fd_sc_hd__buf_1'
Circuit sky130_fd_sc_hd__buf_1 contains 0 device instances.
Circuit contains 0 nets, and 6 disconnected pins.
Contents of circuit 2:  Circuit: 'sky130_fd_sc_hd__buf_1'
Circuit sky130_fd_sc_hd__buf_1 contains 4 device instances.
  Class: sky130_fd_pr__nfet_01v8 instances:   2
  Class: sky130_fd_pr__pfet_01v8_hvt instances:   2
Circuit contains 7 nets.

Circuit sky130_fd_sc_hd__buf_1 contains no devices.

Contents of circuit 1:  Circuit: 'sky130_fd_sc_hd__nand3_2'
Circuit sky130_fd_sc_hd__nand3_2 contains 0 device instances.
Circuit contains 0 nets, and 8 disconnected pins.
Contents of circuit 2:  Circuit: 'sky130_fd_sc_hd__nand3_2'
Circuit sky130_fd_sc_hd__nand3_2 contains 12 device instances.
  Class: sky130_fd_pr__nfet_01v8 instances:   6
  Class: sky130_fd_pr__pfet_01v8_hvt instances:   6
Circuit contains 10 nets.

Circuit sky130_fd_sc_hd__nand3_2 contains no devices.

Contents of circuit 1:  Circuit: 'sky130_fd_sc_hd__o211ai_1'
Circuit sky130_fd_sc_hd__o211ai_1 contains 0 device instances.
Circuit contains 0 nets, and 9 disconnected pins.
Contents of circuit 2:  Circuit: 'sky130_fd_sc_hd__o211ai_1'
Circuit sky130_fd_sc_hd__o211ai_1 contains 8 device instances.
  Class: sky130_fd_pr__nfet_01v8 instances:   4
  Class: sky130_fd_pr__pfet_01v8_hvt instances:   4
Circuit contains 12 nets.

Circuit sky130_fd_sc_hd__o211ai_1 contains no devices.

Contents of circuit 1:  Circuit: 'sky130_fd_sc_hd__a32oi_1'
Circuit sky130_fd_sc_hd__a32oi_1 contains 0 device instances.
Circuit contains 0 nets, and 10 disconnected pins.
Contents of circuit 2:  Circuit: 'sky130_fd_sc_hd__a32oi_1'
Circuit sky130_fd_sc_hd__a32oi_1 contains 10 device instances.
  Class: sky130_fd_pr__nfet_01v8 instances:   5
  Class: sky130_fd_pr__pfet_01v8_hvt instances:   5
Circuit contains 14 nets.

Circuit sky130_fd_sc_hd__a32oi_1 contains no devices.

Contents of circuit 1:  Circuit: 'sky130_fd_sc_hd__a32o_1'
Circuit sky130_fd_sc_hd__a32o_1 contains 0 device instances.
Circuit contains 0 nets, and 10 disconnected pins.
Contents of circuit 2:  Circuit: 'sky130_fd_sc_hd__a32o_1'
Circuit sky130_fd_sc_hd__a32o_1 contains 12 device instances.
  Class: sky130_fd_pr__nfet_01v8 instances:   6
  Class: sky130_fd_pr__pfet_01v8_hvt instances:   6
Circuit contains 15 nets.

Circuit sky130_fd_sc_hd__a32o_1 contains no devices.

Contents of circuit 1:  Circuit: 'sky130_fd_sc_hd__a22o_1'
Circuit sky130_fd_sc_hd__a22o_1 contains 0 device instances.
Circuit contains 0 nets, and 9 disconnected pins.
Contents of circuit 2:  Circuit: 'sky130_fd_sc_hd__a22o_1'
Circuit sky130_fd_sc_hd__a22o_1 contains 10 device instances.
  Class: sky130_fd_pr__nfet_01v8 instances:   5
  Class: sky130_fd_pr__pfet_01v8_hvt instances:   5
Circuit contains 13 nets.

Circuit sky130_fd_sc_hd__a22o_1 contains no devices.

Contents of circuit 1:  Circuit: 'sky130_fd_sc_hd__a2bb2oi_1'
Circuit sky130_fd_sc_hd__a2bb2oi_1 contains 0 device instances.
Circuit contains 0 nets, and 9 disconnected pins.
Contents of circuit 2:  Circuit: 'sky130_fd_sc_hd__a2bb2oi_1'
Circuit sky130_fd_sc_hd__a2bb2oi_1 contains 10 device instances.
  Class: sky130_fd_pr__nfet_01v8 instances:   5
  Class: sky130_fd_pr__pfet_01v8_hvt instances:   5
Circuit contains 13 nets.

Circuit sky130_fd_sc_hd__a2bb2oi_1 contains no devices.

Contents of circuit 1:  Circuit: 'sky130_fd_sc_hd__or4_2'
Circuit sky130_fd_sc_hd__or4_2 contains 0 device instances.
Circuit contains 0 nets, and 9 disconnected pins.
Contents of circuit 2:  Circuit: 'sky130_fd_sc_hd__or4_2'
Circuit sky130_fd_sc_hd__or4_2 contains 12 device instances.
  Class: sky130_fd_pr__nfet_01v8 instances:   6
  Class: sky130_fd_pr__pfet_01v8_hvt instances:   6
Circuit contains 13 nets.

Circuit sky130_fd_sc_hd__or4_2 contains no devices.

Contents of circuit 1:  Circuit: 'sky130_fd_sc_hd__o21ba_1'
Circuit sky130_fd_sc_hd__o21ba_1 contains 0 device instances.
Circuit contains 0 nets, and 8 disconnected pins.
Contents of circuit 2:  Circuit: 'sky130_fd_sc_hd__o21ba_1'
Circuit sky130_fd_sc_hd__o21ba_1 contains 10 device instances.
  Class: sky130_fd_pr__nfet_01v8 instances:   5
  Class: sky130_fd_pr__pfet_01v8_hvt instances:   5
Circuit contains 12 nets.

Circuit sky130_fd_sc_hd__o21ba_1 contains no devices.

Contents of circuit 1:  Circuit: 'sky130_fd_sc_hd__o21ai_1'
Circuit sky130_fd_sc_hd__o21ai_1 contains 0 device instances.
Circuit contains 0 nets, and 8 disconnected pins.
Contents of circuit 2:  Circuit: 'sky130_fd_sc_hd__o21ai_1'
Circuit sky130_fd_sc_hd__o21ai_1 contains 6 device instances.
  Class: sky130_fd_pr__nfet_01v8 instances:   3
  Class: sky130_fd_pr__pfet_01v8_hvt instances:   3
Circuit contains 10 nets.

Circuit sky130_fd_sc_hd__o21ai_1 contains no devices.

Contents of circuit 1:  Circuit: 'sky130_fd_sc_hd__or4b_1'
Circuit sky130_fd_sc_hd__or4b_1 contains 0 device instances.
Circuit contains 0 nets, and 9 disconnected pins.
Contents of circuit 2:  Circuit: 'sky130_fd_sc_hd__or4b_1'
Circuit sky130_fd_sc_hd__or4b_1 contains 12 device instances.
  Class: sky130_fd_pr__nfet_01v8 instances:   6
  Class: sky130_fd_pr__pfet_01v8_hvt instances:   6
Circuit contains 14 nets.

Circuit sky130_fd_sc_hd__or4b_1 contains no devices.

Contents of circuit 1:  Circuit: 'sky130_fd_sc_hd__mux4_1'
Circuit sky130_fd_sc_hd__mux4_1 contains 0 device instances.
Circuit contains 0 nets, and 11 disconnected pins.
Contents of circuit 2:  Circuit: 'sky130_fd_sc_hd__mux4_1'
Circuit sky130_fd_sc_hd__mux4_1 contains 26 device instances.
  Class: sky130_fd_pr__nfet_01v8 instances:  13
  Class: sky130_fd_pr__pfet_01v8_hvt instances:  13
Circuit contains 24 nets.

Circuit sky130_fd_sc_hd__mux4_1 contains no devices.

Contents of circuit 1:  Circuit: 'sky130_fd_sc_hd__clkbuf_2'
Circuit sky130_fd_sc_hd__clkbuf_2 contains 0 device instances.
Circuit contains 0 nets, and 6 disconnected pins.
Contents of circuit 2:  Circuit: 'sky130_fd_sc_hd__clkbuf_2'
Circuit sky130_fd_sc_hd__clkbuf_2 contains 6 device instances.
  Class: sky130_fd_pr__nfet_01v8 instances:   3
  Class: sky130_fd_pr__pfet_01v8_hvt instances:   3
Circuit contains 7 nets.

Circuit sky130_fd_sc_hd__clkbuf_2 contains no devices.

Contents of circuit 1:  Circuit: 'sky130_fd_sc_hd__a21o_1'
Circuit sky130_fd_sc_hd__a21o_1 contains 0 device instances.
Circuit contains 0 nets, and 8 disconnected pins.
Contents of circuit 2:  Circuit: 'sky130_fd_sc_hd__a21o_1'
Circuit sky130_fd_sc_hd__a21o_1 contains 8 device instances.
  Class: sky130_fd_pr__nfet_01v8 instances:   4
  Class: sky130_fd_pr__pfet_01v8_hvt instances:   4
Circuit contains 11 nets.

Circuit sky130_fd_sc_hd__a21o_1 contains no devices.

Contents of circuit 1:  Circuit: 'sky130_fd_sc_hd__or3b_4'
Circuit sky130_fd_sc_hd__or3b_4 contains 0 device instances.
Circuit contains 0 nets, and 8 disconnected pins.
Contents of circuit 2:  Circuit: 'sky130_fd_sc_hd__or3b_4'
Circuit sky130_fd_sc_hd__or3b_4 contains 16 device instances.
  Class: sky130_fd_pr__nfet_01v8 instances:   8
  Class: sky130_fd_pr__pfet_01v8_hvt instances:   8
Circuit contains 12 nets.

Circuit sky130_fd_sc_hd__or3b_4 contains no devices.

Contents of circuit 1:  Circuit: 'sky130_fd_sc_hd__nor3_1'
Circuit sky130_fd_sc_hd__nor3_1 contains 0 device instances.
Circuit contains 0 nets, and 8 disconnected pins.
Contents of circuit 2:  Circuit: 'sky130_fd_sc_hd__nor3_1'
Circuit sky130_fd_sc_hd__nor3_1 contains 6 device instances.
  Class: sky130_fd_pr__nfet_01v8 instances:   3
  Class: sky130_fd_pr__pfet_01v8_hvt instances:   3
Circuit contains 10 nets.

Circuit sky130_fd_sc_hd__nor3_1 contains no devices.

Contents of circuit 1:  Circuit: 'sky130_fd_sc_hd__o2bb2ai_1'
Circuit sky130_fd_sc_hd__o2bb2ai_1 contains 0 device instances.
Circuit contains 0 nets, and 9 disconnected pins.
Contents of circuit 2:  Circuit: 'sky130_fd_sc_hd__o2bb2ai_1'
Circuit sky130_fd_sc_hd__o2bb2ai_1 contains 10 device instances.
  Class: sky130_fd_pr__nfet_01v8 instances:   5
  Class: sky130_fd_pr__pfet_01v8_hvt instances:   5
Circuit contains 13 nets.

Circuit sky130_fd_sc_hd__o2bb2ai_1 contains no devices.

Contents of circuit 1:  Circuit: 'sky130_fd_sc_hd__and4_2'
Circuit sky130_fd_sc_hd__and4_2 contains 0 device instances.
Circuit contains 0 nets, and 9 disconnected pins.
Contents of circuit 2:  Circuit: 'sky130_fd_sc_hd__and4_2'
Circuit sky130_fd_sc_hd__and4_2 contains 12 device instances.
  Class: sky130_fd_pr__nfet_01v8 instances:   6
  Class: sky130_fd_pr__pfet_01v8_hvt instances:   6
Circuit contains 13 nets.

Circuit sky130_fd_sc_hd__and4_2 contains no devices.

Contents of circuit 1:  Circuit: 'sky130_fd_sc_hd__and2_1'
Circuit sky130_fd_sc_hd__and2_1 contains 0 device instances.
Circuit contains 0 nets, and 7 disconnected pins.
Contents of circuit 2:  Circuit: 'sky130_fd_sc_hd__and2_1'
Circuit sky130_fd_sc_hd__and2_1 contains 6 device instances.
  Class: sky130_fd_pr__nfet_01v8 instances:   3
  Class: sky130_fd_pr__pfet_01v8_hvt instances:   3
Circuit contains 9 nets.

Circuit sky130_fd_sc_hd__and2_1 contains no devices.

Contents of circuit 1:  Circuit: 'sky130_fd_sc_hd__nor2_1'
Circuit sky130_fd_sc_hd__nor2_1 contains 0 device instances.
Circuit contains 0 nets, and 7 disconnected pins.
Contents of circuit 2:  Circuit: 'sky130_fd_sc_hd__nor2_1'
Circuit sky130_fd_sc_hd__nor2_1 contains 4 device instances.
  Class: sky130_fd_pr__nfet_01v8 instances:   2
  Class: sky130_fd_pr__pfet_01v8_hvt instances:   2
Circuit contains 8 nets.

Circuit sky130_fd_sc_hd__nor2_1 contains no devices.

Contents of circuit 1:  Circuit: 'sky130_fd_sc_hd__nand3b_4'
Circuit sky130_fd_sc_hd__nand3b_4 contains 0 device instances.
Circuit contains 0 nets, and 8 disconnected pins.
Contents of circuit 2:  Circuit: 'sky130_fd_sc_hd__nand3b_4'
Circuit sky130_fd_sc_hd__nand3b_4 contains 26 device instances.
  Class: sky130_fd_pr__nfet_01v8 instances:  13
  Class: sky130_fd_pr__pfet_01v8_hvt instances:  13
Circuit contains 11 nets.

Circuit sky130_fd_sc_hd__nand3b_4 contains no devices.

Contents of circuit 1:  Circuit: 'sky130_fd_sc_hd__or2_1'
Circuit sky130_fd_sc_hd__or2_1 contains 0 device instances.
Circuit contains 0 nets, and 7 disconnected pins.
Contents of circuit 2:  Circuit: 'sky130_fd_sc_hd__or2_1'
Circuit sky130_fd_sc_hd__or2_1 contains 6 device instances.
  Class: sky130_fd_pr__nfet_01v8 instances:   3
  Class: sky130_fd_pr__pfet_01v8_hvt instances:   3
Circuit contains 9 nets.

Circuit sky130_fd_sc_hd__or2_1 contains no devices.

Contents of circuit 1:  Circuit: 'sky130_fd_sc_hd__clkbuf_16'
Circuit sky130_fd_sc_hd__clkbuf_16 contains 0 device instances.
Circuit contains 0 nets, and 6 disconnected pins.
Contents of circuit 2:  Circuit: 'sky130_fd_sc_hd__clkbuf_16'
Circuit sky130_fd_sc_hd__clkbuf_16 contains 40 device instances.
  Class: sky130_fd_pr__nfet_01v8 instances:  20
  Class: sky130_fd_pr__pfet_01v8_hvt instances:  20
Circuit contains 7 nets.

Circuit sky130_fd_sc_hd__clkbuf_16 contains no devices.

Contents of circuit 1:  Circuit: 'sky130_fd_sc_hd__and3_2'
Circuit sky130_fd_sc_hd__and3_2 contains 0 device instances.
Circuit contains 0 nets, and 8 disconnected pins.
Contents of circuit 2:  Circuit: 'sky130_fd_sc_hd__and3_2'
Circuit sky130_fd_sc_hd__and3_2 contains 10 device instances.
  Class: sky130_fd_pr__nfet_01v8 instances:   5
  Class: sky130_fd_pr__pfet_01v8_hvt instances:   5
Circuit contains 11 nets.

Circuit sky130_fd_sc_hd__and3_2 contains no devices.

Contents of circuit 1:  Circuit: 'sky130_fd_sc_hd__o21a_1'
Circuit sky130_fd_sc_hd__o21a_1 contains 0 device instances.
Circuit contains 0 nets, and 8 disconnected pins.
Contents of circuit 2:  Circuit: 'sky130_fd_sc_hd__o21a_1'
Circuit sky130_fd_sc_hd__o21a_1 contains 8 device instances.
  Class: sky130_fd_pr__nfet_01v8 instances:   4
  Class: sky130_fd_pr__pfet_01v8_hvt instances:   4
Circuit contains 11 nets.

Circuit sky130_fd_sc_hd__o21a_1 contains no devices.

Contents of circuit 1:  Circuit: 'sky130_fd_sc_hd__or3_2'
Circuit sky130_fd_sc_hd__or3_2 contains 0 device instances.
Circuit contains 0 nets, and 8 disconnected pins.
Contents of circuit 2:  Circuit: 'sky130_fd_sc_hd__or3_2'
Circuit sky130_fd_sc_hd__or3_2 contains 10 device instances.
  Class: sky130_fd_pr__nfet_01v8 instances:   5
  Class: sky130_fd_pr__pfet_01v8_hvt instances:   5
Circuit contains 11 nets.

Circuit sky130_fd_sc_hd__or3_2 contains no devices.

Contents of circuit 1:  Circuit: 'sky130_fd_sc_hd__conb_1'
Circuit sky130_fd_sc_hd__conb_1 contains 0 device instances.
Circuit contains 0 nets, and 6 disconnected pins.
Contents of circuit 2:  Circuit: 'sky130_fd_sc_hd__conb_1'
Circuit sky130_fd_sc_hd__conb_1 contains 2 device instances.
  Class: sky130_fd_pr__res_generic_po instances:   2
Circuit contains 4 nets, and 2 disconnected pins.

Circuit sky130_fd_sc_hd__conb_1 contains no devices.

Contents of circuit 1:  Circuit: 'sky130_fd_sc_hd__and3b_4'
Circuit sky130_fd_sc_hd__and3b_4 contains 0 device instances.
Circuit contains 0 nets, and 8 disconnected pins.
Contents of circuit 2:  Circuit: 'sky130_fd_sc_hd__and3b_4'
Circuit sky130_fd_sc_hd__and3b_4 contains 16 device instances.
  Class: sky130_fd_pr__nfet_01v8 instances:   8
  Class: sky130_fd_pr__pfet_01v8_hvt instances:   8
Circuit contains 12 nets.

Circuit sky130_fd_sc_hd__and3b_4 contains no devices.

Contents of circuit 1:  Circuit: 'sky130_fd_sc_hd__clkinvlp_4'
Circuit sky130_fd_sc_hd__clkinvlp_4 contains 0 device instances.
Circuit contains 0 nets, and 6 disconnected pins.
Contents of circuit 2:  Circuit: 'sky130_fd_sc_hd__clkinvlp_4'
Circuit sky130_fd_sc_hd__clkinvlp_4 contains 8 device instances.
  Class: sky130_fd_pr__nfet_01v8 instances:   4
  Class: sky130_fd_pr__pfet_01v8_hvt instances:   4
Circuit contains 8 nets.

Circuit sky130_fd_sc_hd__clkinvlp_4 contains no devices.

Contents of circuit 1:  Circuit: 'sky130_fd_sc_hd__a211o_1'
Circuit sky130_fd_sc_hd__a211o_1 contains 0 device instances.
Circuit contains 0 nets, and 9 disconnected pins.
Contents of circuit 2:  Circuit: 'sky130_fd_sc_hd__a211o_1'
Circuit sky130_fd_sc_hd__a211o_1 contains 10 device instances.
  Class: sky130_fd_pr__nfet_01v8 instances:   5
  Class: sky130_fd_pr__pfet_01v8_hvt instances:   5
Circuit contains 13 nets.

Circuit sky130_fd_sc_hd__a211o_1 contains no devices.

Contents of circuit 1:  Circuit: 'sky130_fd_sc_hd__or4_1'
Circuit sky130_fd_sc_hd__or4_1 contains 0 device instances.
Circuit contains 0 nets, and 9 disconnected pins.
Contents of circuit 2:  Circuit: 'sky130_fd_sc_hd__or4_1'
Circuit sky130_fd_sc_hd__or4_1 contains 10 device instances.
  Class: sky130_fd_pr__nfet_01v8 instances:   5
  Class: sky130_fd_pr__pfet_01v8_hvt instances:   5
Circuit contains 13 nets.

Circuit sky130_fd_sc_hd__or4_1 contains no devices.

Contents of circuit 1:  Circuit: 'sky130_fd_sc_hd__o311a_1'
Circuit sky130_fd_sc_hd__o311a_1 contains 0 device instances.
Circuit contains 0 nets, and 10 disconnected pins.
Contents of circuit 2:  Circuit: 'sky130_fd_sc_hd__o311a_1'
Circuit sky130_fd_sc_hd__o311a_1 contains 12 device instances.
  Class: sky130_fd_pr__nfet_01v8 instances:   6
  Class: sky130_fd_pr__pfet_01v8_hvt instances:   6
Circuit contains 15 nets.

Circuit sky130_fd_sc_hd__o311a_1 contains no devices.

Contents of circuit 1:  Circuit: 'sky130_fd_sc_hd__buf_6'
Circuit sky130_fd_sc_hd__buf_6 contains 0 device instances.
Circuit contains 0 nets, and 6 disconnected pins.
Contents of circuit 2:  Circuit: 'sky130_fd_sc_hd__buf_6'
Circuit sky130_fd_sc_hd__buf_6 contains 16 device instances.
  Class: sky130_fd_pr__nfet_01v8 instances:   8
  Class: sky130_fd_pr__pfet_01v8_hvt instances:   8
Circuit contains 7 nets.

Circuit sky130_fd_sc_hd__buf_6 contains no devices.

Contents of circuit 1:  Circuit: 'sky130_fd_sc_hd__and3_4'
Circuit sky130_fd_sc_hd__and3_4 contains 0 device instances.
Circuit contains 0 nets, and 8 disconnected pins.
Contents of circuit 2:  Circuit: 'sky130_fd_sc_hd__and3_4'
Circuit sky130_fd_sc_hd__and3_4 contains 14 device instances.
  Class: sky130_fd_pr__nfet_01v8 instances:   7
  Class: sky130_fd_pr__pfet_01v8_hvt instances:   7
Circuit contains 11 nets.

Circuit sky130_fd_sc_hd__and3_4 contains no devices.

Contents of circuit 1:  Circuit: 'sky130_fd_sc_hd__mux2_2'
Circuit sky130_fd_sc_hd__mux2_2 contains 0 device instances.
Circuit contains 0 nets, and 8 disconnected pins.
Contents of circuit 2:  Circuit: 'sky130_fd_sc_hd__mux2_2'
Circuit sky130_fd_sc_hd__mux2_2 contains 14 device instances.
  Class: sky130_fd_pr__nfet_01v8 instances:   7
  Class: sky130_fd_pr__pfet_01v8_hvt instances:   7
Circuit contains 14 nets.

Circuit sky130_fd_sc_hd__mux2_2 contains no devices.

Contents of circuit 1:  Circuit: 'sky130_fd_sc_hd__o21ai_2'
Circuit sky130_fd_sc_hd__o21ai_2 contains 0 device instances.
Circuit contains 0 nets, and 8 disconnected pins.
Contents of circuit 2:  Circuit: 'sky130_fd_sc_hd__o21ai_2'
Circuit sky130_fd_sc_hd__o21ai_2 contains 12 device instances.
  Class: sky130_fd_pr__nfet_01v8 instances:   6
  Class: sky130_fd_pr__pfet_01v8_hvt instances:   6
Circuit contains 10 nets.

Circuit sky130_fd_sc_hd__o21ai_2 contains no devices.

Contents of circuit 1:  Circuit: 'sky130_fd_sc_hd__or4_4'
Circuit sky130_fd_sc_hd__or4_4 contains 0 device instances.
Circuit contains 0 nets, and 9 disconnected pins.
Contents of circuit 2:  Circuit: 'sky130_fd_sc_hd__or4_4'
Circuit sky130_fd_sc_hd__or4_4 contains 16 device instances.
  Class: sky130_fd_pr__nfet_01v8 instances:   8
  Class: sky130_fd_pr__pfet_01v8_hvt instances:   8
Circuit contains 13 nets.

Circuit sky130_fd_sc_hd__or4_4 contains no devices.

Contents of circuit 1:  Circuit: 'sky130_fd_sc_hd__a311o_1'
Circuit sky130_fd_sc_hd__a311o_1 contains 0 device instances.
Circuit contains 0 nets, and 10 disconnected pins.
Contents of circuit 2:  Circuit: 'sky130_fd_sc_hd__a311o_1'
Circuit sky130_fd_sc_hd__a311o_1 contains 12 device instances.
  Class: sky130_fd_pr__nfet_01v8 instances:   6
  Class: sky130_fd_pr__pfet_01v8_hvt instances:   6
Circuit contains 15 nets.

Circuit sky130_fd_sc_hd__a311o_1 contains no devices.

Contents of circuit 1:  Circuit: 'sky130_fd_sc_hd__o31a_1'
Circuit sky130_fd_sc_hd__o31a_1 contains 0 device instances.
Circuit contains 0 nets, and 9 disconnected pins.
Contents of circuit 2:  Circuit: 'sky130_fd_sc_hd__o31a_1'
Circuit sky130_fd_sc_hd__o31a_1 contains 10 device instances.
  Class: sky130_fd_pr__nfet_01v8 instances:   5
  Class: sky130_fd_pr__pfet_01v8_hvt instances:   5
Circuit contains 13 nets.

Circuit sky130_fd_sc_hd__o31a_1 contains no devices.

Contents of circuit 1:  Circuit: 'sky130_fd_sc_hd__o41a_1'
Circuit sky130_fd_sc_hd__o41a_1 contains 0 device instances.
Circuit contains 0 nets, and 10 disconnected pins.
Contents of circuit 2:  Circuit: 'sky130_fd_sc_hd__o41a_1'
Circuit sky130_fd_sc_hd__o41a_1 contains 12 device instances.
  Class: sky130_fd_pr__nfet_01v8 instances:   6
  Class: sky130_fd_pr__pfet_01v8_hvt instances:   6
Circuit contains 15 nets.

Circuit sky130_fd_sc_hd__o41a_1 contains no devices.

Contents of circuit 1:  Circuit: 'sky130_fd_sc_hd__nand2b_1'
Circuit sky130_fd_sc_hd__nand2b_1 contains 0 device instances.
Circuit contains 0 nets, and 7 disconnected pins.
Contents of circuit 2:  Circuit: 'sky130_fd_sc_hd__nand2b_1'
Circuit sky130_fd_sc_hd__nand2b_1 contains 6 device instances.
  Class: sky130_fd_pr__nfet_01v8 instances:   3
  Class: sky130_fd_pr__pfet_01v8_hvt instances:   3
Circuit contains 9 nets.

Circuit sky130_fd_sc_hd__nand2b_1 contains no devices.

Contents of circuit 1:  Circuit: 'sky130_fd_sc_hd__and4_4'
Circuit sky130_fd_sc_hd__and4_4 contains 0 device instances.
Circuit contains 0 nets, and 9 disconnected pins.
Contents of circuit 2:  Circuit: 'sky130_fd_sc_hd__and4_4'
Circuit sky130_fd_sc_hd__and4_4 contains 16 device instances.
  Class: sky130_fd_pr__nfet_01v8 instances:   8
  Class: sky130_fd_pr__pfet_01v8_hvt instances:   8
Circuit contains 13 nets.

Circuit sky130_fd_sc_hd__and4_4 contains no devices.

Contents of circuit 1:  Circuit: 'sky130_fd_sc_hd__or3_1'
Circuit sky130_fd_sc_hd__or3_1 contains 0 device instances.
Circuit contains 0 nets, and 8 disconnected pins.
Contents of circuit 2:  Circuit: 'sky130_fd_sc_hd__or3_1'
Circuit sky130_fd_sc_hd__or3_1 contains 8 device instances.
  Class: sky130_fd_pr__nfet_01v8 instances:   4
  Class: sky130_fd_pr__pfet_01v8_hvt instances:   4
Circuit contains 11 nets.

Circuit sky130_fd_sc_hd__or3_1 contains no devices.

Contents of circuit 1:  Circuit: 'sky130_fd_sc_hd__or3_4'
Circuit sky130_fd_sc_hd__or3_4 contains 0 device instances.
Circuit contains 0 nets, and 8 disconnected pins.
Contents of circuit 2:  Circuit: 'sky130_fd_sc_hd__or3_4'
Circuit sky130_fd_sc_hd__or3_4 contains 14 device instances.
  Class: sky130_fd_pr__nfet_01v8 instances:   7
  Class: sky130_fd_pr__pfet_01v8_hvt instances:   7
Circuit contains 11 nets.

Circuit sky130_fd_sc_hd__or3_4 contains no devices.

Contents of circuit 1:  Circuit: 'sky130_fd_sc_hd__o2111ai_2'
Circuit sky130_fd_sc_hd__o2111ai_2 contains 0 device instances.
Circuit contains 0 nets, and 10 disconnected pins.
Contents of circuit 2:  Circuit: 'sky130_fd_sc_hd__o2111ai_2'
Circuit sky130_fd_sc_hd__o2111ai_2 contains 20 device instances.
  Class: sky130_fd_pr__nfet_01v8 instances:  10
  Class: sky130_fd_pr__pfet_01v8_hvt instances:  10
Circuit contains 14 nets.

Circuit sky130_fd_sc_hd__o2111ai_2 contains no devices.

Contents of circuit 1:  Circuit: 'sky130_fd_sc_hd__o22a_1'
Circuit sky130_fd_sc_hd__o22a_1 contains 0 device instances.
Circuit contains 0 nets, and 9 disconnected pins.
Contents of circuit 2:  Circuit: 'sky130_fd_sc_hd__o22a_1'
Circuit sky130_fd_sc_hd__o22a_1 contains 10 device instances.
  Class: sky130_fd_pr__nfet_01v8 instances:   5
  Class: sky130_fd_pr__pfet_01v8_hvt instances:   5
Circuit contains 13 nets.

Circuit sky130_fd_sc_hd__o22a_1 contains no devices.

Contents of circuit 1:  Circuit: 'sky130_fd_sc_hd__buf_12'
Circuit sky130_fd_sc_hd__buf_12 contains 0 device instances.
Circuit contains 0 nets, and 6 disconnected pins.
Contents of circuit 2:  Circuit: 'sky130_fd_sc_hd__buf_12'
Circuit sky130_fd_sc_hd__buf_12 contains 32 device instances.
  Class: sky130_fd_pr__nfet_01v8 instances:  16
  Class: sky130_fd_pr__pfet_01v8_hvt instances:  16
Circuit contains 7 nets.

Circuit sky130_fd_sc_hd__buf_12 contains no devices.

Contents of circuit 1:  Circuit: 'sky130_fd_sc_hd__a31oi_1'
Circuit sky130_fd_sc_hd__a31oi_1 contains 0 device instances.
Circuit contains 0 nets, and 9 disconnected pins.
Contents of circuit 2:  Circuit: 'sky130_fd_sc_hd__a31oi_1'
Circuit sky130_fd_sc_hd__a31oi_1 contains 8 device instances.
  Class: sky130_fd_pr__nfet_01v8 instances:   4
  Class: sky130_fd_pr__pfet_01v8_hvt instances:   4
Circuit contains 12 nets.

Circuit sky130_fd_sc_hd__a31oi_1 contains no devices.

Contents of circuit 1:  Circuit: 'sky130_fd_sc_hd__o22ai_1'
Circuit sky130_fd_sc_hd__o22ai_1 contains 0 device instances.
Circuit contains 0 nets, and 9 disconnected pins.
Contents of circuit 2:  Circuit: 'sky130_fd_sc_hd__o22ai_1'
Circuit sky130_fd_sc_hd__o22ai_1 contains 8 device instances.
  Class: sky130_fd_pr__nfet_01v8 instances:   4
  Class: sky130_fd_pr__pfet_01v8_hvt instances:   4
Circuit contains 12 nets.

Circuit sky130_fd_sc_hd__o22ai_1 contains no devices.

Contents of circuit 1:  Circuit: 'sky130_fd_sc_hd__o2bb2a_1'
Circuit sky130_fd_sc_hd__o2bb2a_1 contains 0 device instances.
Circuit contains 0 nets, and 9 disconnected pins.
Contents of circuit 2:  Circuit: 'sky130_fd_sc_hd__o2bb2a_1'
Circuit sky130_fd_sc_hd__o2bb2a_1 contains 12 device instances.
  Class: sky130_fd_pr__nfet_01v8 instances:   6
  Class: sky130_fd_pr__pfet_01v8_hvt instances:   6
Circuit contains 14 nets.

Circuit sky130_fd_sc_hd__o2bb2a_1 contains no devices.

Contents of circuit 1:  Circuit: 'sky130_fd_sc_hd__mux4_2'
Circuit sky130_fd_sc_hd__mux4_2 contains 0 device instances.
Circuit contains 0 nets, and 11 disconnected pins.
Contents of circuit 2:  Circuit: 'sky130_fd_sc_hd__mux4_2'
Circuit sky130_fd_sc_hd__mux4_2 contains 28 device instances.
  Class: sky130_fd_pr__nfet_01v8 instances:  10
  Class: sky130_fd_pr__pfet_01v8_hvt instances:  14
  Class: sky130_fd_pr__special_nfet_01v8 instances:   4
Circuit contains 24 nets.

Circuit sky130_fd_sc_hd__mux4_2 contains no devices.

Contents of circuit 1:  Circuit: 'sky130_fd_sc_hd__nand4b_2'
Circuit sky130_fd_sc_hd__nand4b_2 contains 0 device instances.
Circuit contains 0 nets, and 9 disconnected pins.
Contents of circuit 2:  Circuit: 'sky130_fd_sc_hd__nand4b_2'
Circuit sky130_fd_sc_hd__nand4b_2 contains 18 device instances.
  Class: sky130_fd_pr__nfet_01v8 instances:   9
  Class: sky130_fd_pr__pfet_01v8_hvt instances:   9
Circuit contains 13 nets.

Circuit sky130_fd_sc_hd__nand4b_2 contains no devices.

Contents of circuit 1:  Circuit: 'sky130_fd_sc_hd__a221oi_1'
Circuit sky130_fd_sc_hd__a221oi_1 contains 0 device instances.
Circuit contains 0 nets, and 10 disconnected pins.
Contents of circuit 2:  Circuit: 'sky130_fd_sc_hd__a221oi_1'
Circuit sky130_fd_sc_hd__a221oi_1 contains 10 device instances.
  Class: sky130_fd_pr__nfet_01v8 instances:   5
  Class: sky130_fd_pr__pfet_01v8_hvt instances:   5
Circuit contains 14 nets.

Circuit sky130_fd_sc_hd__a221oi_1 contains no devices.

Contents of circuit 1:  Circuit: 'sky130_fd_sc_hd__o221a_1'
Circuit sky130_fd_sc_hd__o221a_1 contains 0 device instances.
Circuit contains 0 nets, and 10 disconnected pins.
Contents of circuit 2:  Circuit: 'sky130_fd_sc_hd__o221a_1'
Circuit sky130_fd_sc_hd__o221a_1 contains 12 device instances.
  Class: sky130_fd_pr__nfet_01v8 instances:   6
  Class: sky130_fd_pr__pfet_01v8_hvt instances:   6
Circuit contains 15 nets.

Circuit sky130_fd_sc_hd__o221a_1 contains no devices.

Contents of circuit 1:  Circuit: 'sky130_fd_sc_hd__nand3_1'
Circuit sky130_fd_sc_hd__nand3_1 contains 0 device instances.
Circuit contains 0 nets, and 8 disconnected pins.
Contents of circuit 2:  Circuit: 'sky130_fd_sc_hd__nand3_1'
Circuit sky130_fd_sc_hd__nand3_1 contains 6 device instances.
  Class: sky130_fd_pr__nfet_01v8 instances:   3
  Class: sky130_fd_pr__pfet_01v8_hvt instances:   3
Circuit contains 10 nets.

Circuit sky130_fd_sc_hd__nand3_1 contains no devices.

Contents of circuit 1:  Circuit: 'sky130_fd_sc_hd__a32oi_4'
Circuit sky130_fd_sc_hd__a32oi_4 contains 0 device instances.
Circuit contains 0 nets, and 10 disconnected pins.
Contents of circuit 2:  Circuit: 'sky130_fd_sc_hd__a32oi_4'
Circuit sky130_fd_sc_hd__a32oi_4 contains 40 device instances.
  Class: sky130_fd_pr__nfet_01v8 instances:  20
  Class: sky130_fd_pr__pfet_01v8_hvt instances:  20
Circuit contains 14 nets.

Circuit sky130_fd_sc_hd__a32oi_4 contains no devices.

Contents of circuit 1:  Circuit: 'sky130_fd_sc_hd__nor3b_1'
Circuit sky130_fd_sc_hd__nor3b_1 contains 0 device instances.
Circuit contains 0 nets, and 8 disconnected pins.
Contents of circuit 2:  Circuit: 'sky130_fd_sc_hd__nor3b_1'
Circuit sky130_fd_sc_hd__nor3b_1 contains 8 device instances.
  Class: sky130_fd_pr__nfet_01v8 instances:   4
  Class: sky130_fd_pr__pfet_01v8_hvt instances:   4
Circuit contains 11 nets.

Circuit sky130_fd_sc_hd__nor3b_1 contains no devices.

Contents of circuit 1:  Circuit: 'sky130_fd_sc_hd__o32a_1'
Circuit sky130_fd_sc_hd__o32a_1 contains 0 device instances.
Circuit contains 0 nets, and 10 disconnected pins.
Contents of circuit 2:  Circuit: 'sky130_fd_sc_hd__o32a_1'
Circuit sky130_fd_sc_hd__o32a_1 contains 12 device instances.
  Class: sky130_fd_pr__nfet_01v8 instances:   6
  Class: sky130_fd_pr__pfet_01v8_hvt instances:   6
Circuit contains 15 nets.

Circuit sky130_fd_sc_hd__o32a_1 contains no devices.

Contents of circuit 1:  Circuit: 'sky130_fd_sc_hd__a221o_4'
Circuit sky130_fd_sc_hd__a221o_4 contains 0 device instances.
Circuit contains 0 nets, and 10 disconnected pins.
Contents of circuit 2:  Circuit: 'sky130_fd_sc_hd__a221o_4'
Circuit sky130_fd_sc_hd__a221o_4 contains 28 device instances.
  Class: sky130_fd_pr__nfet_01v8 instances:  14
  Class: sky130_fd_pr__pfet_01v8_hvt instances:  14
Circuit contains 15 nets.

Circuit sky130_fd_sc_hd__a221o_4 contains no devices.

Contents of circuit 1:  Circuit: 'sky130_fd_sc_hd__dfstp_1'
Circuit sky130_fd_sc_hd__dfstp_1 contains 0 device instances.
Circuit contains 0 nets, and 8 disconnected pins.
Contents of circuit 2:  Circuit: 'sky130_fd_sc_hd__dfstp_1'
Circuit sky130_fd_sc_hd__dfstp_1 contains 32 device instances.
  Class: sky130_fd_pr__nfet_01v8 instances:  14
  Class: sky130_fd_pr__pfet_01v8_hvt instances:  16
  Class: sky130_fd_pr__special_nfet_01v8 instances:   2
Circuit contains 24 nets.

Circuit sky130_fd_sc_hd__dfstp_1 contains no devices.

Contents of circuit 1:  Circuit: 'sky130_fd_sc_hd__or4bb_1'
Circuit sky130_fd_sc_hd__or4bb_1 contains 0 device instances.
Circuit contains 0 nets, and 9 disconnected pins.
Contents of circuit 2:  Circuit: 'sky130_fd_sc_hd__or4bb_1'
Circuit sky130_fd_sc_hd__or4bb_1 contains 14 device instances.
  Class: sky130_fd_pr__nfet_01v8 instances:   7
  Class: sky130_fd_pr__pfet_01v8_hvt instances:   7
Circuit contains 15 nets.

Circuit sky130_fd_sc_hd__or4bb_1 contains no devices.

Contents of circuit 1:  Circuit: 'sky130_fd_sc_hd__nand4b_1'
Circuit sky130_fd_sc_hd__nand4b_1 contains 0 device instances.
Circuit contains 0 nets, and 9 disconnected pins.
Contents of circuit 2:  Circuit: 'sky130_fd_sc_hd__nand4b_1'
Circuit sky130_fd_sc_hd__nand4b_1 contains 10 device instances.
  Class: sky130_fd_pr__nfet_01v8 instances:   5
  Class: sky130_fd_pr__pfet_01v8_hvt instances:   5
Circuit contains 13 nets.

Circuit sky130_fd_sc_hd__nand4b_1 contains no devices.

Contents of circuit 1:  Circuit: 'sky130_fd_sc_hd__a21bo_1'
Circuit sky130_fd_sc_hd__a21bo_1 contains 0 device instances.
Circuit contains 0 nets, and 8 disconnected pins.
Contents of circuit 2:  Circuit: 'sky130_fd_sc_hd__a21bo_1'
Circuit sky130_fd_sc_hd__a21bo_1 contains 10 device instances.
  Class: sky130_fd_pr__nfet_01v8 instances:   5
  Class: sky130_fd_pr__pfet_01v8_hvt instances:   5
Circuit contains 12 nets.

Circuit sky130_fd_sc_hd__a21bo_1 contains no devices.

Contents of circuit 1:  Circuit: 'sky130_fd_sc_hd__dfstp_4'
Circuit sky130_fd_sc_hd__dfstp_4 contains 0 device instances.
Circuit contains 0 nets, and 8 disconnected pins.
Contents of circuit 2:  Circuit: 'sky130_fd_sc_hd__dfstp_4'
Circuit sky130_fd_sc_hd__dfstp_4 contains 40 device instances.
  Class: sky130_fd_pr__nfet_01v8 instances:  18
  Class: sky130_fd_pr__pfet_01v8_hvt instances:  20
  Class: sky130_fd_pr__special_nfet_01v8 instances:   2
Circuit contains 24 nets.

Circuit sky130_fd_sc_hd__dfstp_4 contains no devices.

Contents of circuit 1:  Circuit: 'sky130_fd_sc_hd__nand4_2'
Circuit sky130_fd_sc_hd__nand4_2 contains 0 device instances.
Circuit contains 0 nets, and 9 disconnected pins.
Contents of circuit 2:  Circuit: 'sky130_fd_sc_hd__nand4_2'
Circuit sky130_fd_sc_hd__nand4_2 contains 16 device instances.
  Class: sky130_fd_pr__nfet_01v8 instances:   8
  Class: sky130_fd_pr__pfet_01v8_hvt instances:   8
Circuit contains 12 nets.

Circuit sky130_fd_sc_hd__nand4_2 contains no devices.

Contents of circuit 1:  Circuit: 'sky130_fd_sc_hd__a21boi_4'
Circuit sky130_fd_sc_hd__a21boi_4 contains 0 device instances.
Circuit contains 0 nets, and 8 disconnected pins.
Contents of circuit 2:  Circuit: 'sky130_fd_sc_hd__a21boi_4'
Circuit sky130_fd_sc_hd__a21boi_4 contains 26 device instances.
  Class: sky130_fd_pr__nfet_01v8 instances:  13
  Class: sky130_fd_pr__pfet_01v8_hvt instances:  13
Circuit contains 11 nets.

Circuit sky130_fd_sc_hd__a21boi_4 contains no devices.

Contents of circuit 1:  Circuit: 'sky130_fd_sc_hd__and4_1'
Circuit sky130_fd_sc_hd__and4_1 contains 0 device instances.
Circuit contains 0 nets, and 9 disconnected pins.
Contents of circuit 2:  Circuit: 'sky130_fd_sc_hd__and4_1'
Circuit sky130_fd_sc_hd__and4_1 contains 10 device instances.
  Class: sky130_fd_pr__nfet_01v8 instances:   5
  Class: sky130_fd_pr__pfet_01v8_hvt instances:   5
Circuit contains 13 nets.

Circuit sky130_fd_sc_hd__and4_1 contains no devices.

Contents of circuit 1:  Circuit: 'sky130_fd_sc_hd__nor4b_1'
Circuit sky130_fd_sc_hd__nor4b_1 contains 0 device instances.
Circuit contains 0 nets, and 9 disconnected pins.
Contents of circuit 2:  Circuit: 'sky130_fd_sc_hd__nor4b_1'
Circuit sky130_fd_sc_hd__nor4b_1 contains 10 device instances.
  Class: sky130_fd_pr__nfet_01v8 instances:   5
  Class: sky130_fd_pr__pfet_01v8_hvt instances:   5
Circuit contains 13 nets.

Circuit sky130_fd_sc_hd__nor4b_1 contains no devices.

Contents of circuit 1:  Circuit: 'sky130_fd_sc_hd__xnor2_1'
Circuit sky130_fd_sc_hd__xnor2_1 contains 0 device instances.
Circuit contains 0 nets, and 7 disconnected pins.
Contents of circuit 2:  Circuit: 'sky130_fd_sc_hd__xnor2_1'
Circuit sky130_fd_sc_hd__xnor2_1 contains 10 device instances.
  Class: sky130_fd_pr__nfet_01v8 instances:   5
  Class: sky130_fd_pr__pfet_01v8_hvt instances:   5
Circuit contains 11 nets.

Circuit sky130_fd_sc_hd__xnor2_1 contains no devices.

Contents of circuit 1:  Circuit: 'sky130_fd_sc_hd__or4bb_4'
Circuit sky130_fd_sc_hd__or4bb_4 contains 0 device instances.
Circuit contains 0 nets, and 9 disconnected pins.
Contents of circuit 2:  Circuit: 'sky130_fd_sc_hd__or4bb_4'
Circuit sky130_fd_sc_hd__or4bb_4 contains 20 device instances.
  Class: sky130_fd_pr__nfet_01v8 instances:  10
  Class: sky130_fd_pr__pfet_01v8_hvt instances:  10
Circuit contains 15 nets.

Circuit sky130_fd_sc_hd__or4bb_4 contains no devices.

Contents of circuit 1:  Circuit: 'sky130_fd_sc_hd__mux2_8'
Circuit sky130_fd_sc_hd__mux2_8 contains 0 device instances.
Circuit contains 0 nets, and 8 disconnected pins.
Contents of circuit 2:  Circuit: 'sky130_fd_sc_hd__mux2_8'
Circuit sky130_fd_sc_hd__mux2_8 contains 34 device instances.
  Class: sky130_fd_pr__nfet_01v8 instances:  17
  Class: sky130_fd_pr__pfet_01v8_hvt instances:  17
Circuit contains 14 nets.

Circuit sky130_fd_sc_hd__mux2_8 contains no devices.

Contents of circuit 1:  Circuit: 'sky130_fd_sc_hd__nand3b_2'
Circuit sky130_fd_sc_hd__nand3b_2 contains 0 device instances.
Circuit contains 0 nets, and 8 disconnected pins.
Contents of circuit 2:  Circuit: 'sky130_fd_sc_hd__nand3b_2'
Circuit sky130_fd_sc_hd__nand3b_2 contains 14 device instances.
  Class: sky130_fd_pr__nfet_01v8 instances:   7
  Class: sky130_fd_pr__pfet_01v8_hvt instances:   7
Circuit contains 11 nets.

Circuit sky130_fd_sc_hd__nand3b_2 contains no devices.

Contents of circuit 1:  Circuit: 'sky130_fd_sc_hd__and4bb_1'
Circuit sky130_fd_sc_hd__and4bb_1 contains 0 device instances.
Circuit contains 0 nets, and 9 disconnected pins.
Contents of circuit 2:  Circuit: 'sky130_fd_sc_hd__and4bb_1'
Circuit sky130_fd_sc_hd__and4bb_1 contains 14 device instances.
  Class: sky130_fd_pr__nfet_01v8 instances:   7
  Class: sky130_fd_pr__pfet_01v8_hvt instances:   7
Circuit contains 15 nets.

Circuit sky130_fd_sc_hd__and4bb_1 contains no devices.

Contents of circuit 1:  Circuit: 'sky130_fd_sc_hd__o21bai_1'
Circuit sky130_fd_sc_hd__o21bai_1 contains 0 device instances.
Circuit contains 0 nets, and 8 disconnected pins.
Contents of circuit 2:  Circuit: 'sky130_fd_sc_hd__o21bai_1'
Circuit sky130_fd_sc_hd__o21bai_1 contains 8 device instances.
  Class: sky130_fd_pr__nfet_01v8 instances:   4
  Class: sky130_fd_pr__pfet_01v8_hvt instances:   4
Circuit contains 11 nets.

Circuit sky130_fd_sc_hd__o21bai_1 contains no devices.

Contents of circuit 1:  Circuit: 'sky130_fd_sc_hd__and4b_4'
Circuit sky130_fd_sc_hd__and4b_4 contains 0 device instances.
Circuit contains 0 nets, and 9 disconnected pins.
Contents of circuit 2:  Circuit: 'sky130_fd_sc_hd__and4b_4'
Circuit sky130_fd_sc_hd__and4b_4 contains 18 device instances.
  Class: sky130_fd_pr__nfet_01v8 instances:   9
  Class: sky130_fd_pr__pfet_01v8_hvt instances:   9
Circuit contains 14 nets.

Circuit sky130_fd_sc_hd__and4b_4 contains no devices.

Contents of circuit 1:  Circuit: 'sky130_fd_sc_hd__o31ai_2'
Circuit sky130_fd_sc_hd__o31ai_2 contains 0 device instances.
Circuit contains 0 nets, and 9 disconnected pins.
Contents of circuit 2:  Circuit: 'sky130_fd_sc_hd__o31ai_2'
Circuit sky130_fd_sc_hd__o31ai_2 contains 16 device instances.
  Class: sky130_fd_pr__nfet_01v8 instances:   8
  Class: sky130_fd_pr__pfet_01v8_hvt instances:   8
Circuit contains 12 nets.

Circuit sky130_fd_sc_hd__o31ai_2 contains no devices.

Contents of circuit 1:  Circuit: 'sky130_fd_sc_hd__o211ai_4'
Circuit sky130_fd_sc_hd__o211ai_4 contains 0 device instances.
Circuit contains 0 nets, and 9 disconnected pins.
Contents of circuit 2:  Circuit: 'sky130_fd_sc_hd__o211ai_4'
Circuit sky130_fd_sc_hd__o211ai_4 contains 32 device instances.
  Class: sky130_fd_pr__nfet_01v8 instances:  16
  Class: sky130_fd_pr__pfet_01v8_hvt instances:  16
Circuit contains 14 nets.

Circuit sky130_fd_sc_hd__o211ai_4 contains no devices.

Contents of circuit 1:  Circuit: 'sky130_fd_sc_hd__a2bb2o_2'
Circuit sky130_fd_sc_hd__a2bb2o_2 contains 0 device instances.
Circuit contains 0 nets, and 9 disconnected pins.
Contents of circuit 2:  Circuit: 'sky130_fd_sc_hd__a2bb2o_2'
Circuit sky130_fd_sc_hd__a2bb2o_2 contains 14 device instances.
  Class: sky130_fd_pr__nfet_01v8 instances:   7
  Class: sky130_fd_pr__pfet_01v8_hvt instances:   7
Circuit contains 14 nets.

Circuit sky130_fd_sc_hd__a2bb2o_2 contains no devices.

Contents of circuit 1:  Circuit: 'sky130_fd_sc_hd__o31ai_1'
Circuit sky130_fd_sc_hd__o31ai_1 contains 0 device instances.
Circuit contains 0 nets, and 9 disconnected pins.
Contents of circuit 2:  Circuit: 'sky130_fd_sc_hd__o31ai_1'
Circuit sky130_fd_sc_hd__o31ai_1 contains 8 device instances.
  Class: sky130_fd_pr__nfet_01v8 instances:   4
  Class: sky130_fd_pr__pfet_01v8_hvt instances:   4
Circuit contains 12 nets.

Circuit sky130_fd_sc_hd__o31ai_1 contains no devices.

Contents of circuit 1:  Circuit: 'sky130_fd_sc_hd__or2_4'
Circuit sky130_fd_sc_hd__or2_4 contains 0 device instances.
Circuit contains 0 nets, and 7 disconnected pins.
Contents of circuit 2:  Circuit: 'sky130_fd_sc_hd__or2_4'
Circuit sky130_fd_sc_hd__or2_4 contains 12 device instances.
  Class: sky130_fd_pr__nfet_01v8 instances:   6
  Class: sky130_fd_pr__pfet_01v8_hvt instances:   6
Circuit contains 9 nets.

Circuit sky130_fd_sc_hd__or2_4 contains no devices.

Contents of circuit 1:  Circuit: 'sky130_fd_sc_hd__o221ai_1'
Circuit sky130_fd_sc_hd__o221ai_1 contains 0 device instances.
Circuit contains 0 nets, and 10 disconnected pins.
Contents of circuit 2:  Circuit: 'sky130_fd_sc_hd__o221ai_1'
Circuit sky130_fd_sc_hd__o221ai_1 contains 10 device instances.
  Class: sky130_fd_pr__nfet_01v8 instances:   5
  Class: sky130_fd_pr__pfet_01v8_hvt instances:   5
Circuit contains 14 nets.

Circuit sky130_fd_sc_hd__o221ai_1 contains no devices.

Contents of circuit 1:  Circuit: 'sky130_fd_sc_hd__or3b_1'
Circuit sky130_fd_sc_hd__or3b_1 contains 0 device instances.
Circuit contains 0 nets, and 8 disconnected pins.
Contents of circuit 2:  Circuit: 'sky130_fd_sc_hd__or3b_1'
Circuit sky130_fd_sc_hd__or3b_1 contains 10 device instances.
  Class: sky130_fd_pr__nfet_01v8 instances:   5
  Class: sky130_fd_pr__pfet_01v8_hvt instances:   5
Circuit contains 12 nets.

Circuit sky130_fd_sc_hd__or3b_1 contains no devices.

Contents of circuit 1:  Circuit: 'sky130_fd_sc_hd__o22ai_2'
Circuit sky130_fd_sc_hd__o22ai_2 contains 0 device instances.
Circuit contains 0 nets, and 9 disconnected pins.
Contents of circuit 2:  Circuit: 'sky130_fd_sc_hd__o22ai_2'
Circuit sky130_fd_sc_hd__o22ai_2 contains 16 device instances.
  Class: sky130_fd_pr__nfet_01v8 instances:   8
  Class: sky130_fd_pr__pfet_01v8_hvt instances:   8
Circuit contains 12 nets.

Circuit sky130_fd_sc_hd__o22ai_2 contains no devices.

Contents of circuit 1:  Circuit: 'sky130_fd_sc_hd__a21boi_1'
Circuit sky130_fd_sc_hd__a21boi_1 contains 0 device instances.
Circuit contains 0 nets, and 8 disconnected pins.
Contents of circuit 2:  Circuit: 'sky130_fd_sc_hd__a21boi_1'
Circuit sky130_fd_sc_hd__a21boi_1 contains 8 device instances.
  Class: sky130_fd_pr__nfet_01v8 instances:   4
  Class: sky130_fd_pr__pfet_01v8_hvt instances:   4
Circuit contains 11 nets.

Circuit sky130_fd_sc_hd__a21boi_1 contains no devices.

Contents of circuit 1:  Circuit: 'sky130_fd_sc_hd__a211oi_1'
Circuit sky130_fd_sc_hd__a211oi_1 contains 0 device instances.
Circuit contains 0 nets, and 9 disconnected pins.
Contents of circuit 2:  Circuit: 'sky130_fd_sc_hd__a211oi_1'
Circuit sky130_fd_sc_hd__a211oi_1 contains 8 device instances.
  Class: sky130_fd_pr__nfet_01v8 instances:   4
  Class: sky130_fd_pr__pfet_01v8_hvt instances:   4
Circuit contains 12 nets.

Circuit sky130_fd_sc_hd__a211oi_1 contains no devices.

Contents of circuit 1:  Circuit: 'sky130_fd_sc_hd__o221ai_4'
Circuit sky130_fd_sc_hd__o221ai_4 contains 0 device instances.
Circuit contains 0 nets, and 10 disconnected pins.
Contents of circuit 2:  Circuit: 'sky130_fd_sc_hd__o221ai_4'
Circuit sky130_fd_sc_hd__o221ai_4 contains 40 device instances.
  Class: sky130_fd_pr__nfet_01v8 instances:  20
  Class: sky130_fd_pr__pfet_01v8_hvt instances:  20
Circuit contains 14 nets.

Circuit sky130_fd_sc_hd__o221ai_4 contains no devices.

Contents of circuit 1:  Circuit: 'sky130_fd_sc_hd__nand4b_4'
Circuit sky130_fd_sc_hd__nand4b_4 contains 0 device instances.
Circuit contains 0 nets, and 9 disconnected pins.
Contents of circuit 2:  Circuit: 'sky130_fd_sc_hd__nand4b_4'
Circuit sky130_fd_sc_hd__nand4b_4 contains 34 device instances.
  Class: sky130_fd_pr__nfet_01v8 instances:  17
  Class: sky130_fd_pr__pfet_01v8_hvt instances:  17
Circuit contains 13 nets.

Circuit sky130_fd_sc_hd__nand4b_4 contains no devices.

Contents of circuit 1:  Circuit: 'sky130_fd_sc_hd__o21ba_2'
Circuit sky130_fd_sc_hd__o21ba_2 contains 0 device instances.
Circuit contains 0 nets, and 8 disconnected pins.
Contents of circuit 2:  Circuit: 'sky130_fd_sc_hd__o21ba_2'
Circuit sky130_fd_sc_hd__o21ba_2 contains 12 device instances.
  Class: sky130_fd_pr__nfet_01v8 instances:   6
  Class: sky130_fd_pr__pfet_01v8_hvt instances:   6
Circuit contains 12 nets.

Circuit sky130_fd_sc_hd__o21ba_2 contains no devices.

Contents of circuit 1:  Circuit: 'sky130_fd_sc_hd__a31o_2'
Circuit sky130_fd_sc_hd__a31o_2 contains 0 device instances.
Circuit contains 0 nets, and 9 disconnected pins.
Contents of circuit 2:  Circuit: 'sky130_fd_sc_hd__a31o_2'
Circuit sky130_fd_sc_hd__a31o_2 contains 12 device instances.
  Class: sky130_fd_pr__nfet_01v8 instances:   6
  Class: sky130_fd_pr__pfet_01v8_hvt instances:   6
Circuit contains 13 nets.

Circuit sky130_fd_sc_hd__a31o_2 contains no devices.

Contents of circuit 1:  Circuit: 'sky130_fd_sc_hd__o22a_2'
Circuit sky130_fd_sc_hd__o22a_2 contains 0 device instances.
Circuit contains 0 nets, and 9 disconnected pins.
Contents of circuit 2:  Circuit: 'sky130_fd_sc_hd__o22a_2'
Circuit sky130_fd_sc_hd__o22a_2 contains 12 device instances.
  Class: sky130_fd_pr__nfet_01v8 instances:   6
  Class: sky130_fd_pr__pfet_01v8_hvt instances:   6
Circuit contains 13 nets.

Circuit sky130_fd_sc_hd__o22a_2 contains no devices.

Contents of circuit 1:  Circuit: 'sky130_fd_sc_hd__o2111a_1'
Circuit sky130_fd_sc_hd__o2111a_1 contains 0 device instances.
Circuit contains 0 nets, and 10 disconnected pins.
Contents of circuit 2:  Circuit: 'sky130_fd_sc_hd__o2111a_1'
Circuit sky130_fd_sc_hd__o2111a_1 contains 12 device instances.
  Class: sky130_fd_pr__nfet_01v8 instances:   6
  Class: sky130_fd_pr__pfet_01v8_hvt instances:   6
Circuit contains 15 nets.

Circuit sky130_fd_sc_hd__o2111a_1 contains no devices.

Contents of circuit 1:  Circuit: 'sky130_fd_sc_hd__nor2_2'
Circuit sky130_fd_sc_hd__nor2_2 contains 0 device instances.
Circuit contains 0 nets, and 7 disconnected pins.
Contents of circuit 2:  Circuit: 'sky130_fd_sc_hd__nor2_2'
Circuit sky130_fd_sc_hd__nor2_2 contains 8 device instances.
  Class: sky130_fd_pr__nfet_01v8 instances:   4
  Class: sky130_fd_pr__pfet_01v8_hvt instances:   4
Circuit contains 8 nets.

Circuit sky130_fd_sc_hd__nor2_2 contains no devices.

Contents of circuit 1:  Circuit: 'sky130_fd_sc_hd__a221oi_2'
Circuit sky130_fd_sc_hd__a221oi_2 contains 0 device instances.
Circuit contains 0 nets, and 10 disconnected pins.
Contents of circuit 2:  Circuit: 'sky130_fd_sc_hd__a221oi_2'
Circuit sky130_fd_sc_hd__a221oi_2 contains 20 device instances.
  Class: sky130_fd_pr__nfet_01v8 instances:  10
  Class: sky130_fd_pr__pfet_01v8_hvt instances:  10
Circuit contains 14 nets.

Circuit sky130_fd_sc_hd__a221oi_2 contains no devices.

Contents of circuit 1:  Circuit: 'sky130_fd_sc_hd__a2111oi_1'
Circuit sky130_fd_sc_hd__a2111oi_1 contains 0 device instances.
Circuit contains 0 nets, and 10 disconnected pins.
Contents of circuit 2:  Circuit: 'sky130_fd_sc_hd__a2111oi_1'
Circuit sky130_fd_sc_hd__a2111oi_1 contains 10 device instances.
  Class: sky130_fd_pr__nfet_01v8 instances:   5
  Class: sky130_fd_pr__pfet_01v8_hvt instances:   5
Circuit contains 14 nets.

Circuit sky130_fd_sc_hd__a2111oi_1 contains no devices.

Contents of circuit 1:  Circuit: 'sky130_fd_sc_hd__dlymetal6s2s_1'
Circuit sky130_fd_sc_hd__dlymetal6s2s_1 contains 0 device instances.
Circuit contains 0 nets, and 6 disconnected pins.
Contents of circuit 2:  Circuit: 'sky130_fd_sc_hd__dlymetal6s2s_1'
Circuit sky130_fd_sc_hd__dlymetal6s2s_1 contains 12 device instances.
  Class: sky130_fd_pr__nfet_01v8 instances:   6
  Class: sky130_fd_pr__pfet_01v8_hvt instances:   6
Circuit contains 11 nets.

Circuit sky130_fd_sc_hd__dlymetal6s2s_1 contains no devices.

Contents of circuit 1:  Circuit: 'sky130_fd_sc_hd__a2111o_4'
Circuit sky130_fd_sc_hd__a2111o_4 contains 0 device instances.
Circuit contains 0 nets, and 10 disconnected pins.
Contents of circuit 2:  Circuit: 'sky130_fd_sc_hd__a2111o_4'
Circuit sky130_fd_sc_hd__a2111o_4 contains 28 device instances.
  Class: sky130_fd_pr__nfet_01v8 instances:  14
  Class: sky130_fd_pr__pfet_01v8_hvt instances:  14
Circuit contains 15 nets.

Circuit sky130_fd_sc_hd__a2111o_4 contains no devices.

Contents of circuit 1:  Circuit: 'sky130_fd_sc_hd__and4bb_2'
Circuit sky130_fd_sc_hd__and4bb_2 contains 0 device instances.
Circuit contains 0 nets, and 9 disconnected pins.
Contents of circuit 2:  Circuit: 'sky130_fd_sc_hd__and4bb_2'
Circuit sky130_fd_sc_hd__and4bb_2 contains 16 device instances.
  Class: sky130_fd_pr__nfet_01v8 instances:   8
  Class: sky130_fd_pr__pfet_01v8_hvt instances:   8
Circuit contains 15 nets.

Circuit sky130_fd_sc_hd__and4bb_2 contains no devices.

Contents of circuit 1:  Circuit: 'sky130_fd_sc_hd__clkinv_4'
Circuit sky130_fd_sc_hd__clkinv_4 contains 0 device instances.
Circuit contains 0 nets, and 6 disconnected pins.
Contents of circuit 2:  Circuit: 'sky130_fd_sc_hd__clkinv_4'
Circuit sky130_fd_sc_hd__clkinv_4 contains 10 device instances.
  Class: sky130_fd_pr__nfet_01v8 instances:   4
  Class: sky130_fd_pr__pfet_01v8_hvt instances:   6
Circuit contains 6 nets.

Circuit sky130_fd_sc_hd__clkinv_4 contains no devices.

Contents of circuit 1:  Circuit: 'sky130_fd_sc_hd__o2111ai_4'
Circuit sky130_fd_sc_hd__o2111ai_4 contains 0 device instances.
Circuit contains 0 nets, and 10 disconnected pins.
Contents of circuit 2:  Circuit: 'sky130_fd_sc_hd__o2111ai_4'
Circuit sky130_fd_sc_hd__o2111ai_4 contains 40 device instances.
  Class: sky130_fd_pr__nfet_01v8 instances:  20
  Class: sky130_fd_pr__pfet_01v8_hvt instances:  20
Circuit contains 14 nets.

Circuit sky130_fd_sc_hd__o2111ai_4 contains no devices.

Contents of circuit 1:  Circuit: 'sky130_fd_sc_hd__o211a_2'
Circuit sky130_fd_sc_hd__o211a_2 contains 0 device instances.
Circuit contains 0 nets, and 9 disconnected pins.
Contents of circuit 2:  Circuit: 'sky130_fd_sc_hd__o211a_2'
Circuit sky130_fd_sc_hd__o211a_2 contains 12 device instances.
  Class: sky130_fd_pr__nfet_01v8 instances:   6
  Class: sky130_fd_pr__pfet_01v8_hvt instances:   6
Circuit contains 13 nets.

Circuit sky130_fd_sc_hd__o211a_2 contains no devices.

Contents of circuit 1:  Circuit: 'sky130_fd_sc_hd__a2111o_1'
Circuit sky130_fd_sc_hd__a2111o_1 contains 0 device instances.
Circuit contains 0 nets, and 10 disconnected pins.
Contents of circuit 2:  Circuit: 'sky130_fd_sc_hd__a2111o_1'
Circuit sky130_fd_sc_hd__a2111o_1 contains 12 device instances.
  Class: sky130_fd_pr__nfet_01v8 instances:   6
  Class: sky130_fd_pr__pfet_01v8_hvt instances:   6
Circuit contains 15 nets.

Circuit sky130_fd_sc_hd__a2111o_1 contains no devices.

Contents of circuit 1:  Circuit: 'sky130_fd_sc_hd__xor2_1'
Circuit sky130_fd_sc_hd__xor2_1 contains 0 device instances.
Circuit contains 0 nets, and 7 disconnected pins.
Contents of circuit 2:  Circuit: 'sky130_fd_sc_hd__xor2_1'
Circuit sky130_fd_sc_hd__xor2_1 contains 10 device instances.
  Class: sky130_fd_pr__nfet_01v8 instances:   5
  Class: sky130_fd_pr__pfet_01v8_hvt instances:   5
Circuit contains 11 nets.

Circuit sky130_fd_sc_hd__xor2_1 contains no devices.

Contents of circuit 1:  Circuit: 'sky130_fd_sc_hd__or4b_2'
Circuit sky130_fd_sc_hd__or4b_2 contains 0 device instances.
Circuit contains 0 nets, and 9 disconnected pins.
Contents of circuit 2:  Circuit: 'sky130_fd_sc_hd__or4b_2'
Circuit sky130_fd_sc_hd__or4b_2 contains 14 device instances.
  Class: sky130_fd_pr__nfet_01v8 instances:   7
  Class: sky130_fd_pr__pfet_01v8_hvt instances:   7
Circuit contains 14 nets.

Circuit sky130_fd_sc_hd__or4b_2 contains no devices.

Contents of circuit 1:  Circuit: 'sky130_fd_sc_hd__a22o_4'
Circuit sky130_fd_sc_hd__a22o_4 contains 0 device instances.
Circuit contains 0 nets, and 9 disconnected pins.
Contents of circuit 2:  Circuit: 'sky130_fd_sc_hd__a22o_4'
Circuit sky130_fd_sc_hd__a22o_4 contains 24 device instances.
  Class: sky130_fd_pr__nfet_01v8 instances:  12
  Class: sky130_fd_pr__pfet_01v8_hvt instances:  12
Circuit contains 13 nets.

Circuit sky130_fd_sc_hd__a22o_4 contains no devices.

Contents of circuit 1:  Circuit: 'sky130_fd_sc_hd__or4bb_2'
Circuit sky130_fd_sc_hd__or4bb_2 contains 0 device instances.
Circuit contains 0 nets, and 9 disconnected pins.
Contents of circuit 2:  Circuit: 'sky130_fd_sc_hd__or4bb_2'
Circuit sky130_fd_sc_hd__or4bb_2 contains 16 device instances.
  Class: sky130_fd_pr__nfet_01v8 instances:   8
  Class: sky130_fd_pr__pfet_01v8_hvt instances:   8
Circuit contains 15 nets.

Circuit sky130_fd_sc_hd__or4bb_2 contains no devices.

Contents of circuit 1:  Circuit: 'sky130_fd_sc_hd__o221ai_2'
Circuit sky130_fd_sc_hd__o221ai_2 contains 0 device instances.
Circuit contains 0 nets, and 10 disconnected pins.
Contents of circuit 2:  Circuit: 'sky130_fd_sc_hd__o221ai_2'
Circuit sky130_fd_sc_hd__o221ai_2 contains 20 device instances.
  Class: sky130_fd_pr__nfet_01v8 instances:  10
  Class: sky130_fd_pr__pfet_01v8_hvt instances:  10
Circuit contains 14 nets.

Circuit sky130_fd_sc_hd__o221ai_2 contains no devices.

Contents of circuit 1:  Circuit: 'sky130_fd_sc_hd__o21bai_2'
Circuit sky130_fd_sc_hd__o21bai_2 contains 0 device instances.
Circuit contains 0 nets, and 8 disconnected pins.
Contents of circuit 2:  Circuit: 'sky130_fd_sc_hd__o21bai_2'
Circuit sky130_fd_sc_hd__o21bai_2 contains 14 device instances.
  Class: sky130_fd_pr__nfet_01v8 instances:   7
  Class: sky130_fd_pr__pfet_01v8_hvt instances:   7
Circuit contains 11 nets.

Circuit sky130_fd_sc_hd__o21bai_2 contains no devices.

Contents of circuit 1:  Circuit: 'sky130_fd_sc_hd__nand2_2'
Circuit sky130_fd_sc_hd__nand2_2 contains 0 device instances.
Circuit contains 0 nets, and 7 disconnected pins.
Contents of circuit 2:  Circuit: 'sky130_fd_sc_hd__nand2_2'
Circuit sky130_fd_sc_hd__nand2_2 contains 8 device instances.
  Class: sky130_fd_pr__nfet_01v8 instances:   4
  Class: sky130_fd_pr__pfet_01v8_hvt instances:   4
Circuit contains 8 nets.

Circuit sky130_fd_sc_hd__nand2_2 contains no devices.

Contents of circuit 1:  Circuit: 'sky130_fd_sc_hd__o21ai_4'
Circuit sky130_fd_sc_hd__o21ai_4 contains 0 device instances.
Circuit contains 0 nets, and 8 disconnected pins.
Contents of circuit 2:  Circuit: 'sky130_fd_sc_hd__o21ai_4'
Circuit sky130_fd_sc_hd__o21ai_4 contains 24 device instances.
  Class: sky130_fd_pr__nfet_01v8 instances:  12
  Class: sky130_fd_pr__pfet_01v8_hvt instances:  12
Circuit contains 10 nets.

Circuit sky130_fd_sc_hd__o21ai_4 contains no devices.

Contents of circuit 1:  Circuit: 'sky130_fd_sc_hd__or2_2'
Circuit sky130_fd_sc_hd__or2_2 contains 0 device instances.
Circuit contains 0 nets, and 7 disconnected pins.
Contents of circuit 2:  Circuit: 'sky130_fd_sc_hd__or2_2'
Circuit sky130_fd_sc_hd__or2_2 contains 8 device instances.
  Class: sky130_fd_pr__nfet_01v8 instances:   4
  Class: sky130_fd_pr__pfet_01v8_hvt instances:   4
Circuit contains 9 nets.

Circuit sky130_fd_sc_hd__or2_2 contains no devices.

Contents of circuit 1:  Circuit: 'sky130_fd_sc_hd__and2_2'
Circuit sky130_fd_sc_hd__and2_2 contains 0 device instances.
Circuit contains 0 nets, and 7 disconnected pins.
Contents of circuit 2:  Circuit: 'sky130_fd_sc_hd__and2_2'
Circuit sky130_fd_sc_hd__and2_2 contains 8 device instances.
  Class: sky130_fd_pr__nfet_01v8 instances:   4
  Class: sky130_fd_pr__pfet_01v8_hvt instances:   4
Circuit contains 9 nets.

Circuit sky130_fd_sc_hd__and2_2 contains no devices.

Contents of circuit 1:  Circuit: 'sky130_fd_sc_hd__inv_8'
Circuit sky130_fd_sc_hd__inv_8 contains 0 device instances.
Circuit contains 0 nets, and 6 disconnected pins.
Contents of circuit 2:  Circuit: 'sky130_fd_sc_hd__inv_8'
Circuit sky130_fd_sc_hd__inv_8 contains 16 device instances.
  Class: sky130_fd_pr__nfet_01v8 instances:   8
  Class: sky130_fd_pr__pfet_01v8_hvt instances:   8
Circuit contains 6 nets.

Circuit sky130_fd_sc_hd__inv_8 contains no devices.

Contents of circuit 1:  Circuit: 'sky130_fd_sc_hd__a22oi_4'
Circuit sky130_fd_sc_hd__a22oi_4 contains 0 device instances.
Circuit contains 0 nets, and 9 disconnected pins.
Contents of circuit 2:  Circuit: 'sky130_fd_sc_hd__a22oi_4'
Circuit sky130_fd_sc_hd__a22oi_4 contains 32 device instances.
  Class: sky130_fd_pr__nfet_01v8 instances:  16
  Class: sky130_fd_pr__pfet_01v8_hvt instances:  16
Circuit contains 12 nets.

Circuit sky130_fd_sc_hd__a22oi_4 contains no devices.

Contents of circuit 1:  Circuit: 'sky130_fd_sc_hd__nand3b_1'
Circuit sky130_fd_sc_hd__nand3b_1 contains 0 device instances.
Circuit contains 0 nets, and 8 disconnected pins.
Contents of circuit 2:  Circuit: 'sky130_fd_sc_hd__nand3b_1'
Circuit sky130_fd_sc_hd__nand3b_1 contains 8 device instances.
  Class: sky130_fd_pr__nfet_01v8 instances:   4
  Class: sky130_fd_pr__pfet_01v8_hvt instances:   4
Circuit contains 11 nets.

Circuit sky130_fd_sc_hd__nand3b_1 contains no devices.

Contents of circuit 1:  Circuit: 'sky130_fd_sc_hd__nor2_4'
Circuit sky130_fd_sc_hd__nor2_4 contains 0 device instances.
Circuit contains 0 nets, and 7 disconnected pins.
Contents of circuit 2:  Circuit: 'sky130_fd_sc_hd__nor2_4'
Circuit sky130_fd_sc_hd__nor2_4 contains 16 device instances.
  Class: sky130_fd_pr__nfet_01v8 instances:   8
  Class: sky130_fd_pr__pfet_01v8_hvt instances:   8
Circuit contains 8 nets.

Circuit sky130_fd_sc_hd__nor2_4 contains no devices.

Contents of circuit 1:  Circuit: 'sky130_fd_sc_hd__nand3_4'
Circuit sky130_fd_sc_hd__nand3_4 contains 0 device instances.
Circuit contains 0 nets, and 8 disconnected pins.
Contents of circuit 2:  Circuit: 'sky130_fd_sc_hd__nand3_4'
Circuit sky130_fd_sc_hd__nand3_4 contains 24 device instances.
  Class: sky130_fd_pr__nfet_01v8 instances:  12
  Class: sky130_fd_pr__pfet_01v8_hvt instances:  12
Circuit contains 10 nets.

Circuit sky130_fd_sc_hd__nand3_4 contains no devices.

Contents of circuit 1:  Circuit: 'sky130_fd_sc_hd__o2111ai_1'
Circuit sky130_fd_sc_hd__o2111ai_1 contains 0 device instances.
Circuit contains 0 nets, and 10 disconnected pins.
Contents of circuit 2:  Circuit: 'sky130_fd_sc_hd__o2111ai_1'
Circuit sky130_fd_sc_hd__o2111ai_1 contains 10 device instances.
  Class: sky130_fd_pr__nfet_01v8 instances:   5
  Class: sky130_fd_pr__pfet_01v8_hvt instances:   5
Circuit contains 14 nets.

Circuit sky130_fd_sc_hd__o2111ai_1 contains no devices.

Contents of circuit 1:  Circuit: 'sky130_fd_sc_hd__or3b_2'
Circuit sky130_fd_sc_hd__or3b_2 contains 0 device instances.
Circuit contains 0 nets, and 8 disconnected pins.
Contents of circuit 2:  Circuit: 'sky130_fd_sc_hd__or3b_2'
Circuit sky130_fd_sc_hd__or3b_2 contains 12 device instances.
  Class: sky130_fd_pr__nfet_01v8 instances:   6
  Class: sky130_fd_pr__pfet_01v8_hvt instances:   6
Circuit contains 12 nets.

Circuit sky130_fd_sc_hd__or3b_2 contains no devices.

Contents of circuit 1:  Circuit: 'sky130_fd_sc_hd__a22oi_2'
Circuit sky130_fd_sc_hd__a22oi_2 contains 0 device instances.
Circuit contains 0 nets, and 9 disconnected pins.
Contents of circuit 2:  Circuit: 'sky130_fd_sc_hd__a22oi_2'
Circuit sky130_fd_sc_hd__a22oi_2 contains 16 device instances.
  Class: sky130_fd_pr__nfet_01v8 instances:   8
  Class: sky130_fd_pr__pfet_01v8_hvt instances:   8
Circuit contains 12 nets.

Circuit sky130_fd_sc_hd__a22oi_2 contains no devices.

Contents of circuit 1:  Circuit: 'sky130_fd_sc_hd__a311oi_2'
Circuit sky130_fd_sc_hd__a311oi_2 contains 0 device instances.
Circuit contains 0 nets, and 10 disconnected pins.
Contents of circuit 2:  Circuit: 'sky130_fd_sc_hd__a311oi_2'
Circuit sky130_fd_sc_hd__a311oi_2 contains 20 device instances.
  Class: sky130_fd_pr__nfet_01v8 instances:  10
  Class: sky130_fd_pr__pfet_01v8_hvt instances:  10
Circuit contains 14 nets.

Circuit sky130_fd_sc_hd__a311oi_2 contains no devices.

Contents of circuit 1:  Circuit: 'sky130_fd_sc_hd__xor2_2'
Circuit sky130_fd_sc_hd__xor2_2 contains 0 device instances.
Circuit contains 0 nets, and 7 disconnected pins.
Contents of circuit 2:  Circuit: 'sky130_fd_sc_hd__xor2_2'
Circuit sky130_fd_sc_hd__xor2_2 contains 20 device instances.
  Class: sky130_fd_pr__nfet_01v8 instances:  10
  Class: sky130_fd_pr__pfet_01v8_hvt instances:  10
Circuit contains 11 nets.

Circuit sky130_fd_sc_hd__xor2_2 contains no devices.

Contents of circuit 1:  Circuit: 'sky130_fd_sc_hd__inv_12'
Circuit sky130_fd_sc_hd__inv_12 contains 0 device instances.
Circuit contains 0 nets, and 6 disconnected pins.
Contents of circuit 2:  Circuit: 'sky130_fd_sc_hd__inv_12'
Circuit sky130_fd_sc_hd__inv_12 contains 24 device instances.
  Class: sky130_fd_pr__nfet_01v8 instances:  12
  Class: sky130_fd_pr__pfet_01v8_hvt instances:  12
Circuit contains 6 nets.

Circuit sky130_fd_sc_hd__inv_12 contains no devices.

Contents of circuit 1:  Circuit: 'sky130_fd_sc_hd__and4bb_4'
Circuit sky130_fd_sc_hd__and4bb_4 contains 0 device instances.
Circuit contains 0 nets, and 9 disconnected pins.
Contents of circuit 2:  Circuit: 'sky130_fd_sc_hd__and4bb_4'
Circuit sky130_fd_sc_hd__and4bb_4 contains 20 device instances.
  Class: sky130_fd_pr__nfet_01v8 instances:  10
  Class: sky130_fd_pr__pfet_01v8_hvt instances:  10
Circuit contains 15 nets.

Circuit sky130_fd_sc_hd__and4bb_4 contains no devices.

Contents of circuit 1:  Circuit: 'sky130_fd_sc_hd__a41oi_1'
Circuit sky130_fd_sc_hd__a41oi_1 contains 0 device instances.
Circuit contains 0 nets, and 10 disconnected pins.
Contents of circuit 2:  Circuit: 'sky130_fd_sc_hd__a41oi_1'
Circuit sky130_fd_sc_hd__a41oi_1 contains 10 device instances.
  Class: sky130_fd_pr__nfet_01v8 instances:   5
  Class: sky130_fd_pr__pfet_01v8_hvt instances:   5
Circuit contains 14 nets.

Circuit sky130_fd_sc_hd__a41oi_1 contains no devices.

Contents of circuit 1:  Circuit: 'sky130_fd_sc_hd__o22ai_4'
Circuit sky130_fd_sc_hd__o22ai_4 contains 0 device instances.
Circuit contains 0 nets, and 9 disconnected pins.
Contents of circuit 2:  Circuit: 'sky130_fd_sc_hd__o22ai_4'
Circuit sky130_fd_sc_hd__o22ai_4 contains 32 device instances.
  Class: sky130_fd_pr__nfet_01v8 instances:  16
  Class: sky130_fd_pr__pfet_01v8_hvt instances:  16
Circuit contains 12 nets.

Circuit sky130_fd_sc_hd__o22ai_4 contains no devices.

Contents of circuit 1:  Circuit: 'sky130_fd_sc_hd__a21oi_2'
Circuit sky130_fd_sc_hd__a21oi_2 contains 0 device instances.
Circuit contains 0 nets, and 8 disconnected pins.
Contents of circuit 2:  Circuit: 'sky130_fd_sc_hd__a21oi_2'
Circuit sky130_fd_sc_hd__a21oi_2 contains 12 device instances.
  Class: sky130_fd_pr__nfet_01v8 instances:   6
  Class: sky130_fd_pr__pfet_01v8_hvt instances:   6
Circuit contains 11 nets.

Circuit sky130_fd_sc_hd__a21oi_2 contains no devices.

Contents of circuit 1:  Circuit: 'sky130_fd_sc_hd__inv_6'
Circuit sky130_fd_sc_hd__inv_6 contains 0 device instances.
Circuit contains 0 nets, and 6 disconnected pins.
Contents of circuit 2:  Circuit: 'sky130_fd_sc_hd__inv_6'
Circuit sky130_fd_sc_hd__inv_6 contains 12 device instances.
  Class: sky130_fd_pr__nfet_01v8 instances:   6
  Class: sky130_fd_pr__pfet_01v8_hvt instances:   6
Circuit contains 6 nets.

Circuit sky130_fd_sc_hd__inv_6 contains no devices.

Contents of circuit 1:  Circuit: 'sky130_fd_sc_hd__o31a_2'
Circuit sky130_fd_sc_hd__o31a_2 contains 0 device instances.
Circuit contains 0 nets, and 9 disconnected pins.
Contents of circuit 2:  Circuit: 'sky130_fd_sc_hd__o31a_2'
Circuit sky130_fd_sc_hd__o31a_2 contains 12 device instances.
  Class: sky130_fd_pr__nfet_01v8 instances:   6
  Class: sky130_fd_pr__pfet_01v8_hvt instances:   6
Circuit contains 13 nets.

Circuit sky130_fd_sc_hd__o31a_2 contains no devices.

Contents of circuit 1:  Circuit: 'sky130_fd_sc_hd__o2bb2a_2'
Circuit sky130_fd_sc_hd__o2bb2a_2 contains 0 device instances.
Circuit contains 0 nets, and 9 disconnected pins.
Contents of circuit 2:  Circuit: 'sky130_fd_sc_hd__o2bb2a_2'
Circuit sky130_fd_sc_hd__o2bb2a_2 contains 14 device instances.
  Class: sky130_fd_pr__nfet_01v8 instances:   7
  Class: sky130_fd_pr__pfet_01v8_hvt instances:   7
Circuit contains 14 nets.

Circuit sky130_fd_sc_hd__o2bb2a_2 contains no devices.

Contents of circuit 1:  Circuit: 'sky130_fd_sc_hd__and2_4'
Circuit sky130_fd_sc_hd__and2_4 contains 0 device instances.
Circuit contains 0 nets, and 7 disconnected pins.
Contents of circuit 2:  Circuit: 'sky130_fd_sc_hd__and2_4'
Circuit sky130_fd_sc_hd__and2_4 contains 12 device instances.
  Class: sky130_fd_pr__nfet_01v8 instances:   6
  Class: sky130_fd_pr__pfet_01v8_hvt instances:   6
Circuit contains 9 nets.

Circuit sky130_fd_sc_hd__and2_4 contains no devices.

Contents of circuit 1:  Circuit: 'sky130_fd_sc_hd__o211ai_2'
Circuit sky130_fd_sc_hd__o211ai_2 contains 0 device instances.
Circuit contains 0 nets, and 9 disconnected pins.
Contents of circuit 2:  Circuit: 'sky130_fd_sc_hd__o211ai_2'
Circuit sky130_fd_sc_hd__o211ai_2 contains 16 device instances.
  Class: sky130_fd_pr__nfet_01v8 instances:   8
  Class: sky130_fd_pr__pfet_01v8_hvt instances:   8
Circuit contains 12 nets.

Circuit sky130_fd_sc_hd__o211ai_2 contains no devices.

Contents of circuit 1:  Circuit: 'sky130_fd_sc_hd__nor4_2'
Circuit sky130_fd_sc_hd__nor4_2 contains 0 device instances.
Circuit contains 0 nets, and 9 disconnected pins.
Contents of circuit 2:  Circuit: 'sky130_fd_sc_hd__nor4_2'
Circuit sky130_fd_sc_hd__nor4_2 contains 16 device instances.
  Class: sky130_fd_pr__nfet_01v8 instances:   8
  Class: sky130_fd_pr__pfet_01v8_hvt instances:   8
Circuit contains 12 nets.

Circuit sky130_fd_sc_hd__nor4_2 contains no devices.

Contents of circuit 1:  Circuit: 'sky130_fd_sc_hd__o21bai_4'
Circuit sky130_fd_sc_hd__o21bai_4 contains 0 device instances.
Circuit contains 0 nets, and 8 disconnected pins.
Contents of circuit 2:  Circuit: 'sky130_fd_sc_hd__o21bai_4'
Circuit sky130_fd_sc_hd__o21bai_4 contains 26 device instances.
  Class: sky130_fd_pr__nfet_01v8 instances:  13
  Class: sky130_fd_pr__pfet_01v8_hvt instances:  13
Circuit contains 11 nets.

Circuit sky130_fd_sc_hd__o21bai_4 contains no devices.

Contents of circuit 1:  Circuit: 'sky130_fd_sc_hd__and2b_2'
Circuit sky130_fd_sc_hd__and2b_2 contains 0 device instances.
Circuit contains 0 nets, and 7 disconnected pins.
Contents of circuit 2:  Circuit: 'sky130_fd_sc_hd__and2b_2'
Circuit sky130_fd_sc_hd__and2b_2 contains 10 device instances.
  Class: sky130_fd_pr__nfet_01v8 instances:   5
  Class: sky130_fd_pr__pfet_01v8_hvt instances:   5
Circuit contains 10 nets.

Circuit sky130_fd_sc_hd__and2b_2 contains no devices.

Contents of circuit 1:  Circuit: 'sky130_fd_sc_hd__o41ai_1'
Circuit sky130_fd_sc_hd__o41ai_1 contains 0 device instances.
Circuit contains 0 nets, and 10 disconnected pins.
Contents of circuit 2:  Circuit: 'sky130_fd_sc_hd__o41ai_1'
Circuit sky130_fd_sc_hd__o41ai_1 contains 10 device instances.
  Class: sky130_fd_pr__nfet_01v8 instances:   5
  Class: sky130_fd_pr__pfet_01v8_hvt instances:   5
Circuit contains 14 nets.

Circuit sky130_fd_sc_hd__o41ai_1 contains no devices.

Contents of circuit 1:  Circuit: 'sky130_fd_sc_hd__o221a_2'
Circuit sky130_fd_sc_hd__o221a_2 contains 0 device instances.
Circuit contains 0 nets, and 10 disconnected pins.
Contents of circuit 2:  Circuit: 'sky130_fd_sc_hd__o221a_2'
Circuit sky130_fd_sc_hd__o221a_2 contains 14 device instances.
  Class: sky130_fd_pr__nfet_01v8 instances:   7
  Class: sky130_fd_pr__pfet_01v8_hvt instances:   7
Circuit contains 15 nets.

Circuit sky130_fd_sc_hd__o221a_2 contains no devices.

Contents of circuit 1:  Circuit: 'sky130_fd_sc_hd__a311o_2'
Circuit sky130_fd_sc_hd__a311o_2 contains 0 device instances.
Circuit contains 0 nets, and 10 disconnected pins.
Contents of circuit 2:  Circuit: 'sky130_fd_sc_hd__a311o_2'
Circuit sky130_fd_sc_hd__a311o_2 contains 14 device instances.
  Class: sky130_fd_pr__nfet_01v8 instances:   7
  Class: sky130_fd_pr__pfet_01v8_hvt instances:   7
Circuit contains 15 nets.

Circuit sky130_fd_sc_hd__a311o_2 contains no devices.

Contents of circuit 1:  Circuit: 'sky130_fd_sc_hd__o311ai_2'
Circuit sky130_fd_sc_hd__o311ai_2 contains 0 device instances.
Circuit contains 0 nets, and 10 disconnected pins.
Contents of circuit 2:  Circuit: 'sky130_fd_sc_hd__o311ai_2'
Circuit sky130_fd_sc_hd__o311ai_2 contains 20 device instances.
  Class: sky130_fd_pr__nfet_01v8 instances:  10
  Class: sky130_fd_pr__pfet_01v8_hvt instances:  10
Circuit contains 14 nets.

Circuit sky130_fd_sc_hd__o311ai_2 contains no devices.

Contents of circuit 1:  Circuit: 'sky130_fd_sc_hd__dfxtp_4'
Circuit sky130_fd_sc_hd__dfxtp_4 contains 0 device instances.
Circuit contains 0 nets, and 7 disconnected pins.
Contents of circuit 2:  Circuit: 'sky130_fd_sc_hd__dfxtp_4'
Circuit sky130_fd_sc_hd__dfxtp_4 contains 30 device instances.
  Class: sky130_fd_pr__nfet_01v8 instances:  11
  Class: sky130_fd_pr__pfet_01v8_hvt instances:  15
  Class: sky130_fd_pr__special_nfet_01v8 instances:   4
Circuit contains 18 nets.

Circuit sky130_fd_sc_hd__dfxtp_4 contains no devices.

Contents of circuit 1:  Circuit: 'sky130_fd_sc_hd__and3b_2'
Circuit sky130_fd_sc_hd__and3b_2 contains 0 device instances.
Circuit contains 0 nets, and 8 disconnected pins.
Contents of circuit 2:  Circuit: 'sky130_fd_sc_hd__and3b_2'
Circuit sky130_fd_sc_hd__and3b_2 contains 12 device instances.
  Class: sky130_fd_pr__nfet_01v8 instances:   6
  Class: sky130_fd_pr__pfet_01v8_hvt instances:   6
Circuit contains 12 nets.

Circuit sky130_fd_sc_hd__and3b_2 contains no devices.

Contents of circuit 1:  Circuit: 'sky130_fd_sc_hd__nand2b_2'
Circuit sky130_fd_sc_hd__nand2b_2 contains 0 device instances.
Circuit contains 0 nets, and 7 disconnected pins.
Contents of circuit 2:  Circuit: 'sky130_fd_sc_hd__nand2b_2'
Circuit sky130_fd_sc_hd__nand2b_2 contains 10 device instances.
  Class: sky130_fd_pr__nfet_01v8 instances:   5
  Class: sky130_fd_pr__pfet_01v8_hvt instances:   5
Circuit contains 9 nets.

Circuit sky130_fd_sc_hd__nand2b_2 contains no devices.

Contents of circuit 1:  Circuit: 'sky130_fd_sc_hd__a22o_2'
Circuit sky130_fd_sc_hd__a22o_2 contains 0 device instances.
Circuit contains 0 nets, and 9 disconnected pins.
Contents of circuit 2:  Circuit: 'sky130_fd_sc_hd__a22o_2'
Circuit sky130_fd_sc_hd__a22o_2 contains 12 device instances.
  Class: sky130_fd_pr__nfet_01v8 instances:   6
  Class: sky130_fd_pr__pfet_01v8_hvt instances:   6
Circuit contains 13 nets.

Circuit sky130_fd_sc_hd__a22o_2 contains no devices.

Contents of circuit 1:  Circuit: 'sky130_fd_sc_hd__clkinv_8'
Circuit sky130_fd_sc_hd__clkinv_8 contains 0 device instances.
Circuit contains 0 nets, and 6 disconnected pins.
Contents of circuit 2:  Circuit: 'sky130_fd_sc_hd__clkinv_8'
Circuit sky130_fd_sc_hd__clkinv_8 contains 20 device instances.
  Class: sky130_fd_pr__nfet_01v8 instances:   8
  Class: sky130_fd_pr__pfet_01v8_hvt instances:  12
Circuit contains 6 nets.

Circuit sky130_fd_sc_hd__clkinv_8 contains no devices.

Contents of circuit 1:  Circuit: 'sky130_fd_sc_hd__xnor2_2'
Circuit sky130_fd_sc_hd__xnor2_2 contains 0 device instances.
Circuit contains 0 nets, and 7 disconnected pins.
Contents of circuit 2:  Circuit: 'sky130_fd_sc_hd__xnor2_2'
Circuit sky130_fd_sc_hd__xnor2_2 contains 20 device instances.
  Class: sky130_fd_pr__nfet_01v8 instances:  10
  Class: sky130_fd_pr__pfet_01v8_hvt instances:  10
Circuit contains 11 nets.

Circuit sky130_fd_sc_hd__xnor2_2 contains no devices.

Contents of circuit 1:  Circuit: 'sky130_fd_sc_hd__o311a_4'
Circuit sky130_fd_sc_hd__o311a_4 contains 0 device instances.
Circuit contains 0 nets, and 10 disconnected pins.
Contents of circuit 2:  Circuit: 'sky130_fd_sc_hd__o311a_4'
Circuit sky130_fd_sc_hd__o311a_4 contains 28 device instances.
  Class: sky130_fd_pr__nfet_01v8 instances:  14
  Class: sky130_fd_pr__pfet_01v8_hvt instances:  14
Circuit contains 15 nets.

Circuit sky130_fd_sc_hd__o311a_4 contains no devices.

Contents of circuit 1:  Circuit: 'sky130_fd_sc_hd__and2b_4'
Circuit sky130_fd_sc_hd__and2b_4 contains 0 device instances.
Circuit contains 0 nets, and 7 disconnected pins.
Contents of circuit 2:  Circuit: 'sky130_fd_sc_hd__and2b_4'
Circuit sky130_fd_sc_hd__and2b_4 contains 14 device instances.
  Class: sky130_fd_pr__nfet_01v8 instances:   7
  Class: sky130_fd_pr__pfet_01v8_hvt instances:   7
Circuit contains 10 nets.

Circuit sky130_fd_sc_hd__and2b_4 contains no devices.

Contents of circuit 1:  Circuit: 'sky130_fd_sc_hd__nand2_4'
Circuit sky130_fd_sc_hd__nand2_4 contains 0 device instances.
Circuit contains 0 nets, and 7 disconnected pins.
Contents of circuit 2:  Circuit: 'sky130_fd_sc_hd__nand2_4'
Circuit sky130_fd_sc_hd__nand2_4 contains 16 device instances.
  Class: sky130_fd_pr__nfet_01v8 instances:   8
  Class: sky130_fd_pr__pfet_01v8_hvt instances:   8
Circuit contains 8 nets.

Circuit sky130_fd_sc_hd__nand2_4 contains no devices.

Contents of circuit 1:  Circuit: 'sky130_fd_sc_hd__dfxtp_2'
Circuit sky130_fd_sc_hd__dfxtp_2 contains 0 device instances.
Circuit contains 0 nets, and 7 disconnected pins.
Contents of circuit 2:  Circuit: 'sky130_fd_sc_hd__dfxtp_2'
Circuit sky130_fd_sc_hd__dfxtp_2 contains 26 device instances.
  Class: sky130_fd_pr__nfet_01v8 instances:   9
  Class: sky130_fd_pr__pfet_01v8_hvt instances:  13
  Class: sky130_fd_pr__special_nfet_01v8 instances:   4
Circuit contains 18 nets.

Circuit sky130_fd_sc_hd__dfxtp_2 contains no devices.

Contents of circuit 1:  Circuit: 'sky130_fd_sc_hd__o221a_4'
Circuit sky130_fd_sc_hd__o221a_4 contains 0 device instances.
Circuit contains 0 nets, and 10 disconnected pins.
Contents of circuit 2:  Circuit: 'sky130_fd_sc_hd__o221a_4'
Circuit sky130_fd_sc_hd__o221a_4 contains 28 device instances.
  Class: sky130_fd_pr__nfet_01v8 instances:  14
  Class: sky130_fd_pr__pfet_01v8_hvt instances:  14
Circuit contains 15 nets.

Circuit sky130_fd_sc_hd__o221a_4 contains no devices.

Contents of circuit 1:  Circuit: 'sky130_fd_sc_hd__a31oi_2'
Circuit sky130_fd_sc_hd__a31oi_2 contains 0 device instances.
Circuit contains 0 nets, and 9 disconnected pins.
Contents of circuit 2:  Circuit: 'sky130_fd_sc_hd__a31oi_2'
Circuit sky130_fd_sc_hd__a31oi_2 contains 16 device instances.
  Class: sky130_fd_pr__nfet_01v8 instances:   8
  Class: sky130_fd_pr__pfet_01v8_hvt instances:   8
Circuit contains 12 nets.

Circuit sky130_fd_sc_hd__a31oi_2 contains no devices.

Contents of circuit 1:  Circuit: 'sky130_fd_sc_hd__inv_4'
Circuit sky130_fd_sc_hd__inv_4 contains 0 device instances.
Circuit contains 0 nets, and 6 disconnected pins.
Contents of circuit 2:  Circuit: 'sky130_fd_sc_hd__inv_4'
Circuit sky130_fd_sc_hd__inv_4 contains 8 device instances.
  Class: sky130_fd_pr__nfet_01v8 instances:   4
  Class: sky130_fd_pr__pfet_01v8_hvt instances:   4
Circuit contains 6 nets.

Circuit sky130_fd_sc_hd__inv_4 contains no devices.

Contents of circuit 1:  Circuit: 'sky130_fd_sc_hd__a21boi_2'
Circuit sky130_fd_sc_hd__a21boi_2 contains 0 device instances.
Circuit contains 0 nets, and 8 disconnected pins.
Contents of circuit 2:  Circuit: 'sky130_fd_sc_hd__a21boi_2'
Circuit sky130_fd_sc_hd__a21boi_2 contains 14 device instances.
  Class: sky130_fd_pr__nfet_01v8 instances:   7
  Class: sky130_fd_pr__pfet_01v8_hvt instances:   7
Circuit contains 12 nets.

Circuit sky130_fd_sc_hd__a21boi_2 contains no devices.

Contents of circuit 1:  Circuit: 'sky130_fd_sc_hd__dfstp_2'
Circuit sky130_fd_sc_hd__dfstp_2 contains 0 device instances.
Circuit contains 0 nets, and 8 disconnected pins.
Contents of circuit 2:  Circuit: 'sky130_fd_sc_hd__dfstp_2'
Circuit sky130_fd_sc_hd__dfstp_2 contains 34 device instances.
  Class: sky130_fd_pr__nfet_01v8 instances:  15
  Class: sky130_fd_pr__pfet_01v8_hvt instances:  17
  Class: sky130_fd_pr__special_nfet_01v8 instances:   2
Circuit contains 24 nets.

Circuit sky130_fd_sc_hd__dfstp_2 contains no devices.

Contents of circuit 1:  Circuit: 'sky130_fd_sc_hd__nor3_2'
Circuit sky130_fd_sc_hd__nor3_2 contains 0 device instances.
Circuit contains 0 nets, and 8 disconnected pins.
Contents of circuit 2:  Circuit: 'sky130_fd_sc_hd__nor3_2'
Circuit sky130_fd_sc_hd__nor3_2 contains 12 device instances.
  Class: sky130_fd_pr__nfet_01v8 instances:   6
  Class: sky130_fd_pr__pfet_01v8_hvt instances:   6
Circuit contains 10 nets.

Circuit sky130_fd_sc_hd__nor3_2 contains no devices.

Contents of circuit 1:  Circuit: 'sky130_fd_sc_hd__o2111a_2'
Circuit sky130_fd_sc_hd__o2111a_2 contains 0 device instances.
Circuit contains 0 nets, and 10 disconnected pins.
Contents of circuit 2:  Circuit: 'sky130_fd_sc_hd__o2111a_2'
Circuit sky130_fd_sc_hd__o2111a_2 contains 14 device instances.
  Class: sky130_fd_pr__nfet_01v8 instances:   7
  Class: sky130_fd_pr__pfet_01v8_hvt instances:   7
Circuit contains 15 nets.

Circuit sky130_fd_sc_hd__o2111a_2 contains no devices.

Contents of circuit 1:  Circuit: 'sky130_fd_sc_hd__nand2b_4'
Circuit sky130_fd_sc_hd__nand2b_4 contains 0 device instances.
Circuit contains 0 nets, and 7 disconnected pins.
Contents of circuit 2:  Circuit: 'sky130_fd_sc_hd__nand2b_4'
Circuit sky130_fd_sc_hd__nand2b_4 contains 18 device instances.
  Class: sky130_fd_pr__nfet_01v8 instances:   9
  Class: sky130_fd_pr__pfet_01v8_hvt instances:   9
Circuit contains 9 nets.

Circuit sky130_fd_sc_hd__nand2b_4 contains no devices.

Contents of circuit 1:  Circuit: 'sky130_fd_sc_hd__o41ai_2'
Circuit sky130_fd_sc_hd__o41ai_2 contains 0 device instances.
Circuit contains 0 nets, and 10 disconnected pins.
Contents of circuit 2:  Circuit: 'sky130_fd_sc_hd__o41ai_2'
Circuit sky130_fd_sc_hd__o41ai_2 contains 20 device instances.
  Class: sky130_fd_pr__nfet_01v8 instances:  10
  Class: sky130_fd_pr__pfet_01v8_hvt instances:  10
Circuit contains 14 nets.

Circuit sky130_fd_sc_hd__o41ai_2 contains no devices.

Contents of circuit 1:  Circuit: 'sky130_fd_sc_hd__nand2_8'
Circuit sky130_fd_sc_hd__nand2_8 contains 0 device instances.
Circuit contains 0 nets, and 7 disconnected pins.
Contents of circuit 2:  Circuit: 'sky130_fd_sc_hd__nand2_8'
Circuit sky130_fd_sc_hd__nand2_8 contains 32 device instances.
  Class: sky130_fd_pr__nfet_01v8 instances:  16
  Class: sky130_fd_pr__pfet_01v8_hvt instances:  16
Circuit contains 8 nets.

Circuit sky130_fd_sc_hd__nand2_8 contains no devices.

Contents of circuit 1:  Circuit: 'sky130_fd_sc_hd__nor3b_2'
Circuit sky130_fd_sc_hd__nor3b_2 contains 0 device instances.
Circuit contains 0 nets, and 8 disconnected pins.
Contents of circuit 2:  Circuit: 'sky130_fd_sc_hd__nor3b_2'
Circuit sky130_fd_sc_hd__nor3b_2 contains 14 device instances.
  Class: sky130_fd_pr__nfet_01v8 instances:   7
  Class: sky130_fd_pr__pfet_01v8_hvt instances:   7
Circuit contains 11 nets.

Circuit sky130_fd_sc_hd__nor3b_2 contains no devices.

Contents of circuit 1:  Circuit: 'sky130_fd_sc_hd__a311o_4'
Circuit sky130_fd_sc_hd__a311o_4 contains 0 device instances.
Circuit contains 0 nets, and 10 disconnected pins.
Contents of circuit 2:  Circuit: 'sky130_fd_sc_hd__a311o_4'
Circuit sky130_fd_sc_hd__a311o_4 contains 28 device instances.
  Class: sky130_fd_pr__nfet_01v8 instances:  14
  Class: sky130_fd_pr__pfet_01v8_hvt instances:  14
Circuit contains 15 nets.

Circuit sky130_fd_sc_hd__a311o_4 contains no devices.

Contents of circuit 1:  Circuit: 'sky130_fd_sc_hd__a21o_4'
Circuit sky130_fd_sc_hd__a21o_4 contains 0 device instances.
Circuit contains 0 nets, and 8 disconnected pins.
Contents of circuit 2:  Circuit: 'sky130_fd_sc_hd__a21o_4'
Circuit sky130_fd_sc_hd__a21o_4 contains 20 device instances.
  Class: sky130_fd_pr__nfet_01v8 instances:  10
  Class: sky130_fd_pr__pfet_01v8_hvt instances:  10
Circuit contains 12 nets.

Circuit sky130_fd_sc_hd__a21o_4 contains no devices.

Contents of circuit 1:  Circuit: 'sky130_fd_sc_hd__a32o_2'
Circuit sky130_fd_sc_hd__a32o_2 contains 0 device instances.
Circuit contains 0 nets, and 10 disconnected pins.
Contents of circuit 2:  Circuit: 'sky130_fd_sc_hd__a32o_2'
Circuit sky130_fd_sc_hd__a32o_2 contains 14 device instances.
  Class: sky130_fd_pr__nfet_01v8 instances:   7
  Class: sky130_fd_pr__pfet_01v8_hvt instances:   7
Circuit contains 15 nets.

Circuit sky130_fd_sc_hd__a32o_2 contains no devices.

Contents of circuit 1:  Circuit: 'sky130_fd_sc_hd__a31o_4'
Circuit sky130_fd_sc_hd__a31o_4 contains 0 device instances.
Circuit contains 0 nets, and 9 disconnected pins.
Contents of circuit 2:  Circuit: 'sky130_fd_sc_hd__a31o_4'
Circuit sky130_fd_sc_hd__a31o_4 contains 24 device instances.
  Class: sky130_fd_pr__nfet_01v8 instances:  12
  Class: sky130_fd_pr__pfet_01v8_hvt instances:  12
Circuit contains 15 nets.

Circuit sky130_fd_sc_hd__a31o_4 contains no devices.

Contents of circuit 1:  Circuit: 'sky130_fd_sc_hd__a311oi_1'
Circuit sky130_fd_sc_hd__a311oi_1 contains 0 device instances.
Circuit contains 0 nets, and 10 disconnected pins.
Contents of circuit 2:  Circuit: 'sky130_fd_sc_hd__a311oi_1'
Circuit sky130_fd_sc_hd__a311oi_1 contains 10 device instances.
  Class: sky130_fd_pr__nfet_01v8 instances:   5
  Class: sky130_fd_pr__pfet_01v8_hvt instances:   5
Circuit contains 14 nets.

Circuit sky130_fd_sc_hd__a311oi_1 contains no devices.

Contents of circuit 1:  Circuit: 'sky130_fd_sc_hd__o21a_2'
Circuit sky130_fd_sc_hd__o21a_2 contains 0 device instances.
Circuit contains 0 nets, and 8 disconnected pins.
Contents of circuit 2:  Circuit: 'sky130_fd_sc_hd__o21a_2'
Circuit sky130_fd_sc_hd__o21a_2 contains 10 device instances.
  Class: sky130_fd_pr__nfet_01v8 instances:   5
  Class: sky130_fd_pr__pfet_01v8_hvt instances:   5
Circuit contains 11 nets.

Circuit sky130_fd_sc_hd__o21a_2 contains no devices.

Contents of circuit 1:  Circuit: 'sky130_fd_sc_hd__nor4_4'
Circuit sky130_fd_sc_hd__nor4_4 contains 0 device instances.
Circuit contains 0 nets, and 9 disconnected pins.
Contents of circuit 2:  Circuit: 'sky130_fd_sc_hd__nor4_4'
Circuit sky130_fd_sc_hd__nor4_4 contains 32 device instances.
  Class: sky130_fd_pr__nfet_01v8 instances:  16
  Class: sky130_fd_pr__pfet_01v8_hvt instances:  16
Circuit contains 12 nets.

Circuit sky130_fd_sc_hd__nor4_4 contains no devices.

Contents of circuit 1:  Circuit: 'sky130_fd_sc_hd__a211o_4'
Circuit sky130_fd_sc_hd__a211o_4 contains 0 device instances.
Circuit contains 0 nets, and 9 disconnected pins.
Contents of circuit 2:  Circuit: 'sky130_fd_sc_hd__a211o_4'
Circuit sky130_fd_sc_hd__a211o_4 contains 24 device instances.
  Class: sky130_fd_pr__nfet_01v8 instances:  12
  Class: sky130_fd_pr__pfet_01v8_hvt instances:  12
Circuit contains 15 nets.

Circuit sky130_fd_sc_hd__a211o_4 contains no devices.

Contents of circuit 1:  Circuit: 'sky130_fd_sc_hd__nor4b_2'
Circuit sky130_fd_sc_hd__nor4b_2 contains 0 device instances.
Circuit contains 0 nets, and 9 disconnected pins.
Contents of circuit 2:  Circuit: 'sky130_fd_sc_hd__nor4b_2'
Circuit sky130_fd_sc_hd__nor4b_2 contains 18 device instances.
  Class: sky130_fd_pr__nfet_01v8 instances:   9
  Class: sky130_fd_pr__pfet_01v8_hvt instances:   9
Circuit contains 13 nets.

Circuit sky130_fd_sc_hd__nor4b_2 contains no devices.

Contents of circuit 1:  Circuit: 'sky130_fd_sc_hd__o311ai_1'
Circuit sky130_fd_sc_hd__o311ai_1 contains 0 device instances.
Circuit contains 0 nets, and 10 disconnected pins.
Contents of circuit 2:  Circuit: 'sky130_fd_sc_hd__o311ai_1'
Circuit sky130_fd_sc_hd__o311ai_1 contains 10 device instances.
  Class: sky130_fd_pr__nfet_01v8 instances:   5
  Class: sky130_fd_pr__pfet_01v8_hvt instances:   5
Circuit contains 14 nets.

Circuit sky130_fd_sc_hd__o311ai_1 contains no devices.

Contents of circuit 1:  Circuit: 'sky130_fd_sc_hd__o32ai_1'
Circuit sky130_fd_sc_hd__o32ai_1 contains 0 device instances.
Circuit contains 0 nets, and 10 disconnected pins.
Contents of circuit 2:  Circuit: 'sky130_fd_sc_hd__o32ai_1'
Circuit sky130_fd_sc_hd__o32ai_1 contains 10 device instances.
  Class: sky130_fd_pr__nfet_01v8 instances:   5
  Class: sky130_fd_pr__pfet_01v8_hvt instances:   5
Circuit contains 14 nets.

Circuit sky130_fd_sc_hd__o32ai_1 contains no devices.

Contents of circuit 1:  Circuit: 'sky130_fd_sc_hd__a32oi_2'
Circuit sky130_fd_sc_hd__a32oi_2 contains 0 device instances.
Circuit contains 0 nets, and 10 disconnected pins.
Contents of circuit 2:  Circuit: 'sky130_fd_sc_hd__a32oi_2'
Circuit sky130_fd_sc_hd__a32oi_2 contains 20 device instances.
  Class: sky130_fd_pr__nfet_01v8 instances:  10
  Class: sky130_fd_pr__pfet_01v8_hvt instances:  10
Circuit contains 14 nets.

Circuit sky130_fd_sc_hd__a32oi_2 contains no devices.

Contents of circuit 1:  Circuit: 'sky130_fd_sc_hd__clkinv_1'
Circuit sky130_fd_sc_hd__clkinv_1 contains 0 device instances.
Circuit contains 0 nets, and 6 disconnected pins.
Contents of circuit 2:  Circuit: 'sky130_fd_sc_hd__clkinv_1'
Circuit sky130_fd_sc_hd__clkinv_1 contains 3 device instances.
  Class: sky130_fd_pr__nfet_01v8 instances:   1
  Class: sky130_fd_pr__pfet_01v8_hvt instances:   2
Circuit contains 6 nets.

Circuit sky130_fd_sc_hd__clkinv_1 contains no devices.

Contents of circuit 1:  Circuit: 'sky130_fd_sc_hd__nor2_8'
Circuit sky130_fd_sc_hd__nor2_8 contains 0 device instances.
Circuit contains 0 nets, and 7 disconnected pins.
Contents of circuit 2:  Circuit: 'sky130_fd_sc_hd__nor2_8'
Circuit sky130_fd_sc_hd__nor2_8 contains 32 device instances.
  Class: sky130_fd_pr__nfet_01v8 instances:  16
  Class: sky130_fd_pr__pfet_01v8_hvt instances:  16
Circuit contains 8 nets.

Circuit sky130_fd_sc_hd__nor2_8 contains no devices.

Contents of circuit 1:  Circuit: 'sky130_fd_sc_hd__a21bo_2'
Circuit sky130_fd_sc_hd__a21bo_2 contains 0 device instances.
Circuit contains 0 nets, and 8 disconnected pins.
Contents of circuit 2:  Circuit: 'sky130_fd_sc_hd__a21bo_2'
Circuit sky130_fd_sc_hd__a21bo_2 contains 12 device instances.
  Class: sky130_fd_pr__nfet_01v8 instances:   6
  Class: sky130_fd_pr__pfet_01v8_hvt instances:   6
Circuit contains 12 nets.

Circuit sky130_fd_sc_hd__a21bo_2 contains no devices.

Contents of circuit 1:  Circuit: 'sky130_fd_sc_hd__o311a_2'
Circuit sky130_fd_sc_hd__o311a_2 contains 0 device instances.
Circuit contains 0 nets, and 10 disconnected pins.
Contents of circuit 2:  Circuit: 'sky130_fd_sc_hd__o311a_2'
Circuit sky130_fd_sc_hd__o311a_2 contains 14 device instances.
  Class: sky130_fd_pr__nfet_01v8 instances:   7
  Class: sky130_fd_pr__pfet_01v8_hvt instances:   7
Circuit contains 15 nets.

Circuit sky130_fd_sc_hd__o311a_2 contains no devices.

Contents of circuit 1:  Circuit: 'sky130_fd_sc_hd__a2111o_2'
Circuit sky130_fd_sc_hd__a2111o_2 contains 0 device instances.
Circuit contains 0 nets, and 10 disconnected pins.
Contents of circuit 2:  Circuit: 'sky130_fd_sc_hd__a2111o_2'
Circuit sky130_fd_sc_hd__a2111o_2 contains 14 device instances.
  Class: sky130_fd_pr__nfet_01v8 instances:   7
  Class: sky130_fd_pr__pfet_01v8_hvt instances:   7
Circuit contains 15 nets.

Circuit sky130_fd_sc_hd__a2111o_2 contains no devices.

Contents of circuit 1:  Circuit: 'user_project_wrapper'
Circuit user_project_wrapper contains 1171715 device instances.
  Class: sky130_fd_sc_hd__bufinv_16 instances:  62
  Class: sky130_fd_sc_hd__o2111ai_1 instances:   9
  Class: sky130_fd_sc_hd__o2111ai_2 instances:   8
  Class: sky130_fd_sc_hd__o2111ai_4 instances:   7
  Class: sky130_fd_sc_hd__a41o_1 instances:  60
  Class: sky130_fd_sc_hd__a31o_1 instances: 206
  Class: sky130_fd_sc_hd__a31o_2 instances:   6
  Class: sky130_fd_sc_hd__a31o_4 instances:   2
  Class: sky130_fd_sc_hd__a21o_1 instances: 159
  Class: sky130_fd_sc_hd__a21o_4 instances:   1
  Class: sky130_fd_sc_hd__a2bb2oi_1 instances:   4
  Class: sky130_fd_sc_hd__o32ai_1 instances:   1
  Class: sky130_fd_sc_hd__clkbuf_16 instances: 139
  Class: sky130_fd_sc_hd__a32oi_1 instances:  11
  Class: sky130_fd_sc_hd__dfxtp_1 instances: 996
  Class: sky130_fd_sc_hd__a32oi_2 instances:   2
  Class: sky130_fd_sc_hd__dfxtp_2 instances:  12
  Class: sky130_fd_sc_hd__dfxtp_4 instances:  14
  Class: sky130_fd_sc_hd__o31ai_1 instances:  24
  Class: sky130_fd_sc_hd__a32oi_4 instances:   3
  Class: sky130_fd_sc_hd__o31ai_2 instances:   1
  Class: sky130_fd_sc_hd__or4_1 instances:  73
  Class: sky130_fd_sc_hd__or4_2 instances:  14
  Class: sky130_fd_sc_hd__or4_4 instances:  13
  Class: sky130_fd_sc_hd__a31oi_1 instances:  23
  Class: sky130_fd_sc_hd__a31oi_2 instances:   3
  Class: sky130_fd_sc_hd__buf_1 instances: 229
  Class: sky130_fd_sc_hd__nand4_1 instances: 681
  Class: sky130_fd_sc_hd__nand4_2 instances:  62
  Class: sky130_fd_sc_hd__buf_2 instances: 326
  Class: sky130_fd_sc_hd__nand4_4 instances:  34
  Class: sky130_fd_sc_hd__buf_4 instances: 604
  Class: sky130_fd_sc_hd__buf_6 instances:  92
  Class: sky130_fd_sc_hd__buf_8 instances:  66
  Class: sky130_fd_sc_hd__a2bb2o_1 instances:  47
  Class: sky130_fd_sc_hd__a2bb2o_2 instances:   1
  Class: sky130_fd_sc_hd__and3b_1 instances:  32
  Class: sky130_fd_sc_hd__and3b_2 instances:   2
  Class: sky130_fd_sc_hd__and3b_4 instances:  13
  Class: sky130_fd_sc_hd__xor2_1 instances:  31
  Class: sky130_fd_sc_hd__xor2_2 instances:   6
  Class: sky130_fd_sc_hd__o221ai_1 instances:   2
  Class: sky130_fd_sc_hd__o221ai_2 instances:   4
  Class: sky130_fd_sc_hd__mux4_1 instances: 125
  Class: sky130_fd_sc_hd__o221ai_4 instances:   3
  Class: sky130_fd_sc_hd__mux4_2 instances:  18
  Class: sky130_fd_sc_hd__dfstp_1 instances:  15
  Class: sky130_fd_sc_hd__dfstp_2 instances:   2
  Class: sky130_fd_sc_hd__dfstp_4 instances:   6
  Class: sky130_fd_sc_hd__dfrtp_1 instances: 2075
  Class: sky130_fd_sc_hd__dfrtp_2 instances: 155
  Class: sky130_fd_sc_hd__dfrtp_4 instances: 320
  Class: sky130_fd_sc_hd__and4_1 instances: 114
  Class: sky130_fd_sc_hd__and4_2 instances:  18
  Class: sky130_fd_sc_hd__and4_4 instances:  16
  Class: sky130_fd_sc_hd__inv_2 instances: 2752
  Class: sky130_fd_sc_hd__inv_4 instances:   6
  Class: sky130_fd_sc_hd__inv_6 instances:  13
  Class: sky130_fd_sc_hd__inv_8 instances:  10
  Class: sky130_fd_sc_hd__clkbuf_1 instances: 312
  Class: sky130_fd_sc_hd__clkbuf_2 instances: 226
  Class: sky130_fd_sc_hd__clkbuf_4 instances: 813
  Class: sky130_fd_sc_hd__clkbuf_8 instances: 1563
  Class: sky130_fd_sc_hd__or3_1 instances:  26
  Class: sky130_fd_sc_hd__or3_2 instances:   7
  Class: sky130_fd_sc_hd__or3_4 instances:  21
  Class: sky130_fd_sc_hd__nand3_1 instances:  78
  Class: sky130_fd_sc_hd__nand3_2 instances:   9
  Class: sky130_fd_sc_hd__nand3_4 instances:   9
  Class: sky130_fd_sc_hd__o21ba_1 instances:  38
  Class: sky130_fd_sc_hd__o21ba_2 instances:   1
  Class: sky130_fd_sc_hd__and2b_1 instances:  47
  Class: sky130_fd_sc_hd__and2b_2 instances:  12
  Class: sky130_fd_sc_hd__conb_1 instances: 166
  Class: sky130_fd_sc_hd__and2b_4 instances:   4
  Class: sky130_fd_sc_hd__a21boi_1 instances:  26
  Class: sky130_fd_sc_hd__a21boi_2 instances:   4
  Class: sky130_fd_sc_hd__a21boi_4 instances:   4
  Class: sky130_fd_sc_hd__nand4b_1 instances:   6
  Class: sky130_fd_sc_hd__nand4b_2 instances:   5
  Class: sky130_fd_sc_hd__nand4b_4 instances:  12
  Class: sky130_fd_sc_hd__buf_12 instances: 108
  Class: sky130_fd_sc_hd__a21bo_1 instances:  23
  Class: sky130_fd_sc_hd__a21bo_2 instances:   1
  Class: sky130_fd_sc_hd__a221oi_1 instances:  18
  Class: sky130_fd_sc_hd__a221oi_2 instances:   4
  Class: sky130_fd_sc_hd__clkinv_1 instances:   1
  Class: sky130_fd_sc_hd__clkinv_2 instances: 180
  Class: sky130_fd_sc_hd__clkinv_4 instances:  10
  Class: sky130_fd_sc_hd__clkinv_8 instances:   5
  Class: sky130_fd_sc_hd__and3_1 instances: 213
  Class: sky130_fd_sc_hd__and3_2 instances:  38
  Class: sky130_fd_sc_hd__and3_4 instances:  46
  Class: sky130_fd_sc_hd__a2111o_1 instances:   6
  Class: sky130_fd_sc_hd__a2111o_2 instances:   1
  Class: sky130_fd_sc_hd__a2111o_4 instances:   2
  Class: sky130_fd_sc_hd__decap_3 instances: 2572
  Class: sky130_fd_sc_hd__dlygate4sd3_1 instances: 5100
  Class: sky130_fd_sc_hd__or2_1 instances: 103
  Class: sky130_fd_sc_hd__or2_2 instances:   3
  Class: sky130_fd_sc_hd__a2111oi_1 instances:   5
  Class: sky130_fd_sc_hd__or2_4 instances:   2
  Class: sky130_fd_sc_hd__nand2_1 instances: 274
  Class: sky130_fd_sc_hd__nand2_2 instances:  19
  Class: sky130_fd_sc_hd__nand2_4 instances:   5
  Class: sky130_fd_sc_hd__nor4b_1 instances:  17
  Class: sky130_fd_sc_hd__nor4b_2 instances:   1
  Class: sky130_fd_sc_hd__nand2_8 instances:   1
  Class: sky130_fd_sc_hd__o311ai_1 instances:   2
  Class: sky130_fd_sc_hd__o311ai_2 instances:   1
  Class: sky130_fd_sc_hd__nand3b_1 instances:  11
  Class: sky130_fd_sc_hd__nand3b_2 instances:   9
  Class: sky130_fd_sc_hd__mux2_1 instances: 3286
  Class: sky130_fd_sc_hd__mux2_2 instances:   3
  Class: sky130_fd_sc_hd__nand3b_4 instances:   4
  Class: sky130_fd_sc_hd__mux2_8 instances:   1
  Class: sky130_fd_sc_hd__o2bb2ai_1 instances:  21
  Class: sky130_fd_sc_hd__a211oi_1 instances:  10
  Class: sky130_fd_sc_hd__and2_1 instances: 104
  Class: sky130_fd_sc_hd__and2_2 instances:  11
  Class: sky130_fd_sc_hd__and2_4 instances:   8
  Class: sky130_fd_sc_hd__or4b_1 instances:  17
  Class: sky130_fd_sc_hd__or4b_2 instances:   4
  Class: sky130_fd_sc_hd__or4b_4 instances:  11
  Class: sky130_fd_sc_hd__clkinvlp_4 instances:  30
  Class: sky130_fd_sc_hd__nor4_1 instances:  69
  Class: sky130_fd_sc_hd__nor4_2 instances:   2
  Class: sky130_fd_sc_hd__nor4_4 instances:   1
  Class: sky130_fd_sc_hd__inv_12 instances:   1
  Class: sky130_fd_sc_hd__o32a_1 instances:  20
  Class: sky130_fd_sc_hd__o22a_1 instances:  88
  Class: sky130_fd_sc_hd__o22a_2 instances:   8
  Class: sky130_fd_sc_hd__o22a_4 instances:   6
  Class: sky130_fd_sc_hd__xnor2_1 instances:  22
  Class: sky130_fd_sc_hd__xnor2_2 instances:   2
  Class: sky130_fd_sc_hd__nor3b_1 instances:  11
  Class: sky130_fd_sc_hd__nor3b_2 instances:   2
  Class: sky130_fd_sc_hd__o221a_1 instances:  56
  Class: sky130_fd_sc_hd__o221a_2 instances:   1
  Class: sky130_fd_sc_hd__o221a_4 instances:   1
  Class: sky130_fd_sc_hd__o21bai_1 instances:  17
  Class: sky130_fd_sc_hd__o21bai_2 instances:   3
  Class: sky130_fd_sc_hd__o21bai_4 instances:   2
  Class: sky130_fd_sc_hd__o211a_1 instances: 213
  Class: sky130_fd_sc_hd__o211a_2 instances:   8
  Class: sky130_fd_sc_hd__nand2b_1 instances:  75
  Class: sky130_fd_sc_hd__nand2b_2 instances:   8
  Class: sky130_fd_sc_hd__a311oi_1 instances:   4
  Class: sky130_fd_sc_hd__nand2b_4 instances:   3
  Class: sky130_fd_sc_hd__diode_2 instances: 545
  Class: sky130_fd_sc_hd__a311oi_2 instances:   1
  Class: sky130_fd_sc_hd__a221o_1 instances: 158
  Class: sky130_fd_sc_hd__a221o_2 instances:  10
  Class: sky130_fd_sc_hd__a221o_4 instances:   5
  Class: sky130_fd_sc_hd__a211o_1 instances:  77
  Class: sky130_fd_sc_hd__a211o_4 instances:   4
  Class: sky130_fd_sc_hd__o2111a_1 instances:   6
  Class: sky130_fd_sc_hd__o2111a_2 instances:   2
  Class: sky130_fd_sc_hd__or3b_1 instances:  17
  Class: sky130_fd_sc_hd__or3b_2 instances:   5
  Class: sky130_fd_sc_hd__or3b_4 instances:  11
  Class: sky130_fd_sc_hd__dlymetal6s2s_1 instances:  25
  Class: sky130_fd_sc_hd__or4bb_1 instances:   9
  Class: sky130_fd_sc_hd__or4bb_2 instances:   2
  Class: sky130_fd_sc_hd__nor3_1 instances:  77
  Class: sky130_fd_sc_hd__nor3_2 instances:   3
  Class: sky130_fd_sc_hd__or4bb_4 instances:   5
  Class: sky130_fd_sc_hd__a32o_1 instances: 156
  Class: sky130_fd_sc_hd__a32o_2 instances:   1
  Class: sky130_fd_sc_hd__o41a_1 instances:  14
  Class: sky130_fd_sc_hd__a22o_1 instances: 165
  Class: sky130_fd_sc_hd__a22o_2 instances:   5
  Class: sky130_fd_sc_hd__a22o_4 instances:   5
  Class: sky130_fd_sc_hd__o31a_1 instances:  56
  Class: sky130_fd_sc_hd__o31a_2 instances:   3
  Class: sky130_fd_sc_hd__o2bb2a_1 instances:  37
  Class: sky130_fd_sc_hd__o2bb2a_2 instances:   2
  Class: sky130_fd_sc_hd__o21a_1 instances: 171
  Class: sky130_fd_sc_hd__o21a_2 instances:   4
  Class: sky130_fd_sc_hd__o41ai_1 instances:   2
  Class: sky130_fd_sc_hd__o41ai_2 instances:   1
  Class: sky130_fd_sc_hd__a41oi_1 instances:   4
  Class: sky130_fd_sc_hd__o311a_1 instances:  31
  Class: sky130_fd_sc_hd__o311a_2 instances:   1
  Class: sky130_fd_sc_hd__o311a_4 instances:   1
  Class: sky130_fd_sc_hd__o22ai_1 instances:  20
  Class: sky130_fd_sc_hd__o22ai_2 instances:  14
  Class: sky130_fd_sc_hd__o22ai_4 instances:  10
  Class: sky130_fd_sc_hd__a22oi_1 instances:  27
  Class: sky130_fd_sc_hd__a22oi_2 instances:   9
  Class: sky130_fd_sc_hd__and4b_1 instances:  46
  Class: sky130_fd_sc_hd__a22oi_4 instances:   2
  Class: sky130_fd_sc_hd__o21ai_1 instances: 133
  Class: sky130_fd_sc_hd__and4b_2 instances:  20
  Class: sky130_fd_sc_hd__o21ai_2 instances:  17
  Class: sky130_fd_sc_hd__tapvpwrvgnd_1 instances: 144900
  Class: sky130_fd_sc_hd__and4b_4 instances:  36
  Class: sky130_fd_sc_hd__o21ai_4 instances:  10
  Class: sky130_fd_sc_hd__a21oi_1 instances: 200
  Class: sky130_fd_sc_hd__a21oi_2 instances:   7
  Class: sky130_fd_sc_hd__a311o_1 instances:  21
  Class: sky130_fd_sc_hd__a311o_2 instances:   2
  Class: sky130_fd_sc_hd__a311o_4 instances:   1
  Class: sky130_fd_sc_hd__fill_1 instances: 146724
  Class: sky130_fd_sc_hd__fill_2 instances: 145405
  Class: sky130_fd_sc_hd__fill_4 instances: 140587
  Class: sky130_fd_sc_hd__fill_8 instances: 8594
  Class: sky130_ef_sc_hd__decap_40_12 instances: 556937
  Class: sky130_fd_sc_hd__o211ai_1 instances:  42
  Class: sky130_fd_sc_hd__o211ai_2 instances:   9
  Class: sky130_fd_sc_hd__o211ai_4 instances:   7
  Class: sky130_fd_sc_hd__and4bb_1 instances:  22
  Class: sky130_fd_sc_hd__and4bb_2 instances:   7
  Class: sky130_fd_sc_hd__and4bb_4 instances:  16
  Class: sky130_fd_sc_hd__nor2_1 instances: 221
  Class: sky130_fd_sc_hd__nor2_2 instances:  10
  Class: sky130_fd_sc_hd__nor2_4 instances:   1
  Class: sky130_fd_sc_hd__nor2_8 instances:   1
Circuit contains 25685 nets, and 337 disconnected pins.
Contents of circuit 2:  Circuit: 'user_project_wrapper'
Circuit user_project_wrapper contains 1171715 device instances.
  Class: sky130_fd_sc_hd__bufinv_16 instances:  62
  Class: sky130_fd_sc_hd__o2111ai_1 instances:   9
  Class: sky130_fd_sc_hd__o2111ai_2 instances:   8
  Class: sky130_fd_sc_hd__o2111ai_4 instances:   7
  Class: sky130_fd_sc_hd__a41o_1 instances:  60
  Class: sky130_fd_sc_hd__a31o_1 instances: 206
  Class: sky130_fd_sc_hd__a31o_2 instances:   6
  Class: sky130_fd_sc_hd__a31o_4 instances:   2
  Class: sky130_fd_sc_hd__a21o_1 instances: 159
  Class: sky130_fd_sc_hd__a21o_4 instances:   1
  Class: sky130_fd_sc_hd__a2bb2oi_1 instances:   4
  Class: sky130_fd_sc_hd__o32ai_1 instances:   1
  Class: sky130_fd_sc_hd__clkbuf_16 instances: 139
  Class: sky130_fd_sc_hd__dfxtp_1 instances: 996
  Class: sky130_fd_sc_hd__a32oi_1 instances:  11
  Class: sky130_fd_sc_hd__dfxtp_2 instances:  12
  Class: sky130_fd_sc_hd__a32oi_2 instances:   2
  Class: sky130_fd_sc_hd__o31ai_1 instances:  24
  Class: sky130_fd_sc_hd__dfxtp_4 instances:  14
  Class: sky130_fd_sc_hd__a32oi_4 instances:   3
  Class: sky130_fd_sc_hd__o31ai_2 instances:   1
  Class: sky130_fd_sc_hd__or4_1 instances:  73
  Class: sky130_fd_sc_hd__or4_2 instances:  14
  Class: sky130_fd_sc_hd__or4_4 instances:  13
  Class: sky130_fd_sc_hd__a31oi_1 instances:  23
  Class: sky130_fd_sc_hd__a31oi_2 instances:   3
  Class: sky130_fd_sc_hd__nand4_1 instances: 681
  Class: sky130_fd_sc_hd__buf_1 instances: 229
  Class: sky130_fd_sc_hd__nand4_2 instances:  62
  Class: sky130_fd_sc_hd__buf_2 instances: 326
  Class: sky130_fd_sc_hd__nand4_4 instances:  34
  Class: sky130_fd_sc_hd__buf_4 instances: 604
  Class: sky130_fd_sc_hd__buf_6 instances:  92
  Class: sky130_fd_sc_hd__buf_8 instances:  66
  Class: sky130_fd_sc_hd__a2bb2o_1 instances:  47
  Class: sky130_fd_sc_hd__a2bb2o_2 instances:   1
  Class: sky130_fd_sc_hd__and3b_1 instances:  32
  Class: sky130_fd_sc_hd__and3b_2 instances:   2
  Class: sky130_fd_sc_hd__and3b_4 instances:  13
  Class: sky130_fd_sc_hd__xor2_1 instances:  31
  Class: sky130_fd_sc_hd__xor2_2 instances:   6
  Class: sky130_fd_sc_hd__o221ai_1 instances:   2
  Class: sky130_fd_sc_hd__o221ai_2 instances:   4
  Class: sky130_fd_sc_hd__mux4_1 instances: 125
  Class: sky130_fd_sc_hd__o221ai_4 instances:   3
  Class: sky130_fd_sc_hd__mux4_2 instances:  18
  Class: sky130_fd_sc_hd__dfstp_1 instances:  15
  Class: sky130_fd_sc_hd__dfstp_2 instances:   2
  Class: sky130_fd_sc_hd__dfstp_4 instances:   6
  Class: sky130_fd_sc_hd__dfrtp_1 instances: 2075
  Class: sky130_fd_sc_hd__dfrtp_2 instances: 155
  Class: sky130_fd_sc_hd__dfrtp_4 instances: 320
  Class: sky130_fd_sc_hd__and4_1 instances: 114
  Class: sky130_fd_sc_hd__and4_2 instances:  18
  Class: sky130_fd_sc_hd__and4_4 instances:  16
  Class: sky130_fd_sc_hd__inv_2 instances: 2752
  Class: sky130_fd_sc_hd__inv_4 instances:   6
  Class: sky130_fd_sc_hd__inv_6 instances:  13
  Class: sky130_fd_sc_hd__inv_8 instances:  10
  Class: sky130_fd_sc_hd__clkbuf_1 instances: 312
  Class: sky130_fd_sc_hd__clkbuf_2 instances: 226
  Class: sky130_fd_sc_hd__clkbuf_4 instances: 813
  Class: sky130_fd_sc_hd__clkbuf_8 instances: 1563
  Class: sky130_fd_sc_hd__or3_1 instances:  26
  Class: sky130_fd_sc_hd__or3_2 instances:   7
  Class: sky130_fd_sc_hd__or3_4 instances:  21
  Class: sky130_fd_sc_hd__nand3_1 instances:  78
  Class: sky130_fd_sc_hd__nand3_2 instances:   9
  Class: sky130_fd_sc_hd__nand3_4 instances:   9
  Class: sky130_fd_sc_hd__o21ba_1 instances:  38
  Class: sky130_fd_sc_hd__o21ba_2 instances:   1
  Class: sky130_fd_sc_hd__and2b_1 instances:  47
  Class: sky130_fd_sc_hd__conb_1 instances: 166
  Class: sky130_fd_sc_hd__and2b_2 instances:  12
  Class: sky130_fd_sc_hd__and2b_4 instances:   4
  Class: sky130_fd_sc_hd__a21boi_1 instances:  26
  Class: sky130_fd_sc_hd__a21boi_2 instances:   4
  Class: sky130_fd_sc_hd__a21boi_4 instances:   4
  Class: sky130_fd_sc_hd__nand4b_1 instances:   6
  Class: sky130_fd_sc_hd__nand4b_2 instances:   5
  Class: sky130_fd_sc_hd__nand4b_4 instances:  12
  Class: sky130_fd_sc_hd__buf_12 instances: 108
  Class: sky130_fd_sc_hd__a21bo_1 instances:  23
  Class: sky130_fd_sc_hd__a21bo_2 instances:   1
  Class: sky130_fd_sc_hd__a221oi_1 instances:  18
  Class: sky130_fd_sc_hd__a221oi_2 instances:   4
  Class: sky130_fd_sc_hd__clkinv_1 instances:   1
  Class: sky130_fd_sc_hd__clkinv_2 instances: 180
  Class: sky130_fd_sc_hd__clkinv_4 instances:  10
  Class: sky130_fd_sc_hd__clkinv_8 instances:   5
  Class: sky130_fd_sc_hd__and3_1 instances: 213
  Class: sky130_fd_sc_hd__and3_2 instances:  38
  Class: sky130_fd_sc_hd__and3_4 instances:  46
  Class: sky130_fd_sc_hd__a2111o_1 instances:   6
  Class: sky130_fd_sc_hd__a2111o_2 instances:   1
  Class: sky130_fd_sc_hd__a2111o_4 instances:   2
  Class: sky130_fd_sc_hd__decap_3 instances: 2572
  Class: sky130_fd_sc_hd__dlygate4sd3_1 instances: 5100
  Class: sky130_fd_sc_hd__or2_1 instances: 103
  Class: sky130_fd_sc_hd__or2_2 instances:   3
  Class: sky130_fd_sc_hd__or2_4 instances:   2
  Class: sky130_fd_sc_hd__a2111oi_1 instances:   5
  Class: sky130_fd_sc_hd__nand2_1 instances: 274
  Class: sky130_fd_sc_hd__nand2_2 instances:  19
  Class: sky130_fd_sc_hd__nand2_4 instances:   5
  Class: sky130_fd_sc_hd__nor4b_1 instances:  17
  Class: sky130_fd_sc_hd__nor4b_2 instances:   1
  Class: sky130_fd_sc_hd__nand2_8 instances:   1
  Class: sky130_fd_sc_hd__o311ai_1 instances:   2
  Class: sky130_fd_sc_hd__o311ai_2 instances:   1
  Class: sky130_fd_sc_hd__nand3b_1 instances:  11
  Class: sky130_fd_sc_hd__nand3b_2 instances:   9
  Class: sky130_fd_sc_hd__mux2_1 instances: 3286
  Class: sky130_fd_sc_hd__nand3b_4 instances:   4
  Class: sky130_fd_sc_hd__mux2_2 instances:   3
  Class: sky130_fd_sc_hd__mux2_8 instances:   1
  Class: sky130_fd_sc_hd__o2bb2ai_1 instances:  21
  Class: sky130_fd_sc_hd__and2_1 instances: 104
  Class: sky130_fd_sc_hd__a211oi_1 instances:  10
  Class: sky130_fd_sc_hd__and2_2 instances:  11
  Class: sky130_fd_sc_hd__and2_4 instances:   8
  Class: sky130_fd_sc_hd__or4b_1 instances:  17
  Class: sky130_fd_sc_hd__or4b_2 instances:   4
  Class: sky130_fd_sc_hd__or4b_4 instances:  11
  Class: sky130_fd_sc_hd__clkinvlp_4 instances:  30
  Class: sky130_fd_sc_hd__nor4_1 instances:  69
  Class: sky130_fd_sc_hd__nor4_2 instances:   2
  Class: sky130_fd_sc_hd__nor4_4 instances:   1
  Class: sky130_fd_sc_hd__inv_12 instances:   1
  Class: sky130_fd_sc_hd__o32a_1 instances:  20
  Class: sky130_fd_sc_hd__o22a_1 instances:  88
  Class: sky130_fd_sc_hd__o22a_2 instances:   8
  Class: sky130_fd_sc_hd__o22a_4 instances:   6
  Class: sky130_fd_sc_hd__xnor2_1 instances:  22
  Class: sky130_fd_sc_hd__xnor2_2 instances:   2
  Class: sky130_fd_sc_hd__nor3b_1 instances:  11
  Class: sky130_fd_sc_hd__nor3b_2 instances:   2
  Class: sky130_fd_sc_hd__o221a_1 instances:  56
  Class: sky130_fd_sc_hd__o221a_2 instances:   1
  Class: sky130_fd_sc_hd__o221a_4 instances:   1
  Class: sky130_fd_sc_hd__o21bai_1 instances:  17
  Class: sky130_fd_sc_hd__o21bai_2 instances:   3
  Class: sky130_fd_sc_hd__o21bai_4 instances:   2
  Class: sky130_fd_sc_hd__o211a_1 instances: 213
  Class: sky130_fd_sc_hd__o211a_2 instances:   8
  Class: sky130_fd_sc_hd__nand2b_1 instances:  75
  Class: sky130_fd_sc_hd__nand2b_2 instances:   8
  Class: sky130_fd_sc_hd__nand2b_4 instances:   3
  Class: sky130_fd_sc_hd__diode_2 instances: 545
  Class: sky130_fd_sc_hd__a311oi_1 instances:   4
  Class: sky130_fd_sc_hd__a311oi_2 instances:   1
  Class: sky130_fd_sc_hd__a221o_1 instances: 158
  Class: sky130_fd_sc_hd__a221o_2 instances:  10
  Class: sky130_fd_sc_hd__a221o_4 instances:   5
  Class: sky130_fd_sc_hd__a211o_1 instances:  77
  Class: sky130_fd_sc_hd__a211o_4 instances:   4
  Class: sky130_fd_sc_hd__o2111a_1 instances:   6
  Class: sky130_fd_sc_hd__o2111a_2 instances:   2
  Class: sky130_fd_sc_hd__or3b_1 instances:  17
  Class: sky130_fd_sc_hd__or3b_2 instances:   5
  Class: sky130_fd_sc_hd__or3b_4 instances:  11
  Class: sky130_fd_sc_hd__dlymetal6s2s_1 instances:  25
  Class: sky130_fd_sc_hd__or4bb_1 instances:   9
  Class: sky130_fd_sc_hd__or4bb_2 instances:   2
  Class: sky130_fd_sc_hd__nor3_1 instances:  77
  Class: sky130_fd_sc_hd__nor3_2 instances:   3
  Class: sky130_fd_sc_hd__or4bb_4 instances:   5
  Class: sky130_fd_sc_hd__a32o_1 instances: 156
  Class: sky130_fd_sc_hd__a32o_2 instances:   1
  Class: sky130_fd_sc_hd__o41a_1 instances:  14
  Class: sky130_fd_sc_hd__a22o_1 instances: 165
  Class: sky130_fd_sc_hd__a22o_2 instances:   5
  Class: sky130_fd_sc_hd__a22o_4 instances:   5
  Class: sky130_fd_sc_hd__o31a_1 instances:  56
  Class: sky130_fd_sc_hd__o31a_2 instances:   3
  Class: sky130_fd_sc_hd__o2bb2a_1 instances:  37
  Class: sky130_fd_sc_hd__o2bb2a_2 instances:   2
  Class: sky130_fd_sc_hd__o21a_1 instances: 171
  Class: sky130_fd_sc_hd__o41ai_1 instances:   2
  Class: sky130_fd_sc_hd__o21a_2 instances:   4
  Class: sky130_fd_sc_hd__o41ai_2 instances:   1
  Class: sky130_fd_sc_hd__a41oi_1 instances:   4
  Class: sky130_fd_sc_hd__o311a_1 instances:  31
  Class: sky130_fd_sc_hd__o311a_2 instances:   1
  Class: sky130_fd_sc_hd__o311a_4 instances:   1
  Class: sky130_fd_sc_hd__o22ai_1 instances:  20
  Class: sky130_fd_sc_hd__o22ai_2 instances:  14
  Class: sky130_fd_sc_hd__o22ai_4 instances:  10
  Class: sky130_fd_sc_hd__a22oi_1 instances:  27
  Class: sky130_fd_sc_hd__a22oi_2 instances:   9
  Class: sky130_fd_sc_hd__and4b_1 instances:  46
  Class: sky130_fd_sc_hd__o21ai_1 instances: 133
  Class: sky130_fd_sc_hd__and4b_2 instances:  20
  Class: sky130_fd_sc_hd__a22oi_4 instances:   2
  Class: sky130_fd_sc_hd__tapvpwrvgnd_1 instances: 144900
  Class: sky130_fd_sc_hd__o21ai_2 instances:  17
  Class: sky130_fd_sc_hd__and4b_4 instances:  36
  Class: sky130_fd_sc_hd__o21ai_4 instances:  10
  Class: sky130_fd_sc_hd__a21oi_1 instances: 200
  Class: sky130_fd_sc_hd__a21oi_2 instances:   7
  Class: sky130_fd_sc_hd__a311o_1 instances:  21
  Class: sky130_fd_sc_hd__a311o_2 instances:   2
  Class: sky130_fd_sc_hd__a311o_4 instances:   1
  Class: sky130_fd_sc_hd__fill_1 instances: 146724
  Class: sky130_fd_sc_hd__fill_2 instances: 145405
  Class: sky130_fd_sc_hd__fill_4 instances: 140587
  Class: sky130_fd_sc_hd__fill_8 instances: 8594
  Class: sky130_ef_sc_hd__decap_40_12 instances: 556937
  Class: sky130_fd_sc_hd__o211ai_1 instances:  42
  Class: sky130_fd_sc_hd__o211ai_2 instances:   9
  Class: sky130_fd_sc_hd__o211ai_4 instances:   7
  Class: sky130_fd_sc_hd__and4bb_1 instances:  22
  Class: sky130_fd_sc_hd__and4bb_2 instances:   7
  Class: sky130_fd_sc_hd__and4bb_4 instances:  16
  Class: sky130_fd_sc_hd__nor2_1 instances: 221
  Class: sky130_fd_sc_hd__nor2_2 instances:  10
  Class: sky130_fd_sc_hd__nor2_4 instances:   1
  Class: sky130_fd_sc_hd__nor2_8 instances:   1
Circuit contains 25685 nets, and 337 disconnected pins.

Circuit was modified by parallel/series device merging.
New circuit summary:

Contents of circuit 1:  Circuit: 'user_project_wrapper'
Circuit user_project_wrapper contains 25766 device instances.
  Class: sky130_fd_sc_hd__bufinv_16 instances:  62
  Class: sky130_fd_sc_hd__o2111ai_1 instances:   9
  Class: sky130_fd_sc_hd__o2111ai_2 instances:   8
  Class: sky130_fd_sc_hd__o2111ai_4 instances:   7
  Class: sky130_fd_sc_hd__a41o_1 instances:  60
  Class: sky130_fd_sc_hd__a31o_1 instances: 206
  Class: sky130_fd_sc_hd__a31o_2 instances:   6
  Class: sky130_fd_sc_hd__a31o_4 instances:   2
  Class: sky130_fd_sc_hd__a21o_1 instances: 159
  Class: sky130_fd_sc_hd__a21o_4 instances:   1
  Class: sky130_fd_sc_hd__a2bb2oi_1 instances:   4
  Class: sky130_fd_sc_hd__o32ai_1 instances:   1
  Class: sky130_fd_sc_hd__clkbuf_16 instances: 139
  Class: sky130_fd_sc_hd__a32oi_1 instances:  11
  Class: sky130_fd_sc_hd__dfxtp_1 instances: 996
  Class: sky130_fd_sc_hd__a32oi_2 instances:   2
  Class: sky130_fd_sc_hd__dfxtp_2 instances:  12
  Class: sky130_fd_sc_hd__dfxtp_4 instances:  14
  Class: sky130_fd_sc_hd__o31ai_1 instances:  24
  Class: sky130_fd_sc_hd__a32oi_4 instances:   3
  Class: sky130_fd_sc_hd__o31ai_2 instances:   1
  Class: sky130_fd_sc_hd__or4_1 instances:  73
  Class: sky130_fd_sc_hd__or4_2 instances:  14
  Class: sky130_fd_sc_hd__or4_4 instances:  13
  Class: sky130_fd_sc_hd__a31oi_1 instances:  23
  Class: sky130_fd_sc_hd__a31oi_2 instances:   3
  Class: sky130_fd_sc_hd__buf_1 instances: 229
  Class: sky130_fd_sc_hd__nand4_1 instances: 681
  Class: sky130_fd_sc_hd__nand4_2 instances:  62
  Class: sky130_fd_sc_hd__buf_2 instances: 326
  Class: sky130_fd_sc_hd__nand4_4 instances:  34
  Class: sky130_fd_sc_hd__buf_4 instances: 604
  Class: sky130_fd_sc_hd__buf_6 instances:  92
  Class: sky130_fd_sc_hd__buf_8 instances:  66
  Class: sky130_fd_sc_hd__a2bb2o_1 instances:  47
  Class: sky130_fd_sc_hd__a2bb2o_2 instances:   1
  Class: sky130_fd_sc_hd__and3b_1 instances:  32
  Class: sky130_fd_sc_hd__and3b_2 instances:   2
  Class: sky130_fd_sc_hd__and3b_4 instances:  13
  Class: sky130_fd_sc_hd__xor2_1 instances:  31
  Class: sky130_fd_sc_hd__xor2_2 instances:   6
  Class: sky130_fd_sc_hd__o221ai_1 instances:   2
  Class: sky130_fd_sc_hd__o221ai_2 instances:   4
  Class: sky130_fd_sc_hd__mux4_1 instances: 125
  Class: sky130_fd_sc_hd__o221ai_4 instances:   3
  Class: sky130_fd_sc_hd__mux4_2 instances:  18
  Class: sky130_fd_sc_hd__dfstp_1 instances:  15
  Class: sky130_fd_sc_hd__dfstp_2 instances:   2
  Class: sky130_fd_sc_hd__dfstp_4 instances:   6
  Class: sky130_fd_sc_hd__dfrtp_1 instances: 2075
  Class: sky130_fd_sc_hd__dfrtp_2 instances: 155
  Class: sky130_fd_sc_hd__dfrtp_4 instances: 320
  Class: sky130_fd_sc_hd__and4_1 instances: 114
  Class: sky130_fd_sc_hd__and4_2 instances:  18
  Class: sky130_fd_sc_hd__and4_4 instances:  16
  Class: sky130_fd_sc_hd__inv_2 instances: 2752
  Class: sky130_fd_sc_hd__inv_4 instances:   6
  Class: sky130_fd_sc_hd__inv_6 instances:  13
  Class: sky130_fd_sc_hd__inv_8 instances:  10
  Class: sky130_fd_sc_hd__clkbuf_1 instances: 312
  Class: sky130_fd_sc_hd__clkbuf_2 instances: 226
  Class: sky130_fd_sc_hd__clkbuf_4 instances: 813
  Class: sky130_fd_sc_hd__clkbuf_8 instances: 1563
  Class: sky130_fd_sc_hd__or3_1 instances:  26
  Class: sky130_fd_sc_hd__or3_2 instances:   7
  Class: sky130_fd_sc_hd__or3_4 instances:  21
  Class: sky130_fd_sc_hd__nand3_1 instances:  78
  Class: sky130_fd_sc_hd__nand3_2 instances:   9
  Class: sky130_fd_sc_hd__nand3_4 instances:   9
  Class: sky130_fd_sc_hd__o21ba_1 instances:  38
  Class: sky130_fd_sc_hd__o21ba_2 instances:   1
  Class: sky130_fd_sc_hd__and2b_1 instances:  47
  Class: sky130_fd_sc_hd__and2b_2 instances:  12
  Class: sky130_fd_sc_hd__conb_1 instances: 166
  Class: sky130_fd_sc_hd__and2b_4 instances:   4
  Class: sky130_fd_sc_hd__a21boi_1 instances:  26
  Class: sky130_fd_sc_hd__a21boi_2 instances:   4
  Class: sky130_fd_sc_hd__a21boi_4 instances:   4
  Class: sky130_fd_sc_hd__nand4b_1 instances:   6
  Class: sky130_fd_sc_hd__nand4b_2 instances:   5
  Class: sky130_fd_sc_hd__nand4b_4 instances:  12
  Class: sky130_fd_sc_hd__buf_12 instances: 108
  Class: sky130_fd_sc_hd__a21bo_1 instances:  23
  Class: sky130_fd_sc_hd__a21bo_2 instances:   1
  Class: sky130_fd_sc_hd__a221oi_1 instances:  18
  Class: sky130_fd_sc_hd__a221oi_2 instances:   4
  Class: sky130_fd_sc_hd__clkinv_1 instances:   1
  Class: sky130_fd_sc_hd__clkinv_2 instances: 180
  Class: sky130_fd_sc_hd__clkinv_4 instances:  10
  Class: sky130_fd_sc_hd__clkinv_8 instances:   5
  Class: sky130_fd_sc_hd__and3_1 instances: 213
  Class: sky130_fd_sc_hd__and3_2 instances:  38
  Class: sky130_fd_sc_hd__and3_4 instances:  46
  Class: sky130_fd_sc_hd__a2111o_1 instances:   6
  Class: sky130_fd_sc_hd__a2111o_2 instances:   1
  Class: sky130_fd_sc_hd__a2111o_4 instances:   2
  Class: sky130_fd_sc_hd__decap_3 instances:   1
  Class: sky130_fd_sc_hd__dlygate4sd3_1 instances: 5100
  Class: sky130_fd_sc_hd__or2_1 instances: 103
  Class: sky130_fd_sc_hd__or2_2 instances:   3
  Class: sky130_fd_sc_hd__a2111oi_1 instances:   5
  Class: sky130_fd_sc_hd__or2_4 instances:   2
  Class: sky130_fd_sc_hd__nand2_1 instances: 274
  Class: sky130_fd_sc_hd__nand2_2 instances:  19
  Class: sky130_fd_sc_hd__nand2_4 instances:   5
  Class: sky130_fd_sc_hd__nor4b_1 instances:  17
  Class: sky130_fd_sc_hd__nor4b_2 instances:   1
  Class: sky130_fd_sc_hd__nand2_8 instances:   1
  Class: sky130_fd_sc_hd__o311ai_1 instances:   2
  Class: sky130_fd_sc_hd__o311ai_2 instances:   1
  Class: sky130_fd_sc_hd__nand3b_1 instances:  11
  Class: sky130_fd_sc_hd__nand3b_2 instances:   9
  Class: sky130_fd_sc_hd__mux2_1 instances: 3286
  Class: sky130_fd_sc_hd__mux2_2 instances:   3
  Class: sky130_fd_sc_hd__nand3b_4 instances:   4
  Class: sky130_fd_sc_hd__mux2_8 instances:   1
  Class: sky130_fd_sc_hd__o2bb2ai_1 instances:  21
  Class: sky130_fd_sc_hd__a211oi_1 instances:  10
  Class: sky130_fd_sc_hd__and2_1 instances: 104
  Class: sky130_fd_sc_hd__and2_2 instances:  11
  Class: sky130_fd_sc_hd__and2_4 instances:   8
  Class: sky130_fd_sc_hd__or4b_1 instances:  17
  Class: sky130_fd_sc_hd__or4b_2 instances:   4
  Class: sky130_fd_sc_hd__or4b_4 instances:  11
  Class: sky130_fd_sc_hd__clkinvlp_4 instances:  30
  Class: sky130_fd_sc_hd__nor4_1 instances:  69
  Class: sky130_fd_sc_hd__nor4_2 instances:   2
  Class: sky130_fd_sc_hd__nor4_4 instances:   1
  Class: sky130_fd_sc_hd__inv_12 instances:   1
  Class: sky130_fd_sc_hd__o32a_1 instances:  20
  Class: sky130_fd_sc_hd__o22a_1 instances:  88
  Class: sky130_fd_sc_hd__o22a_2 instances:   8
  Class: sky130_fd_sc_hd__o22a_4 instances:   6
  Class: sky130_fd_sc_hd__xnor2_1 instances:  22
  Class: sky130_fd_sc_hd__xnor2_2 instances:   2
  Class: sky130_fd_sc_hd__nor3b_1 instances:  11
  Class: sky130_fd_sc_hd__nor3b_2 instances:   2
  Class: sky130_fd_sc_hd__o221a_1 instances:  56
  Class: sky130_fd_sc_hd__o221a_2 instances:   1
  Class: sky130_fd_sc_hd__o221a_4 instances:   1
  Class: sky130_fd_sc_hd__o21bai_1 instances:  17
  Class: sky130_fd_sc_hd__o21bai_2 instances:   3
  Class: sky130_fd_sc_hd__o21bai_4 instances:   2
  Class: sky130_fd_sc_hd__o211a_1 instances: 213
  Class: sky130_fd_sc_hd__o211a_2 instances:   8
  Class: sky130_fd_sc_hd__nand2b_1 instances:  75
  Class: sky130_fd_sc_hd__nand2b_2 instances:   8
  Class: sky130_fd_sc_hd__a311oi_1 instances:   4
  Class: sky130_fd_sc_hd__nand2b_4 instances:   3
  Class: sky130_fd_sc_hd__diode_2 instances: 308
  Class: sky130_fd_sc_hd__a311oi_2 instances:   1
  Class: sky130_fd_sc_hd__a221o_1 instances: 158
  Class: sky130_fd_sc_hd__a221o_2 instances:  10
  Class: sky130_fd_sc_hd__a221o_4 instances:   5
  Class: sky130_fd_sc_hd__a211o_1 instances:  77
  Class: sky130_fd_sc_hd__a211o_4 instances:   4
  Class: sky130_fd_sc_hd__o2111a_1 instances:   6
  Class: sky130_fd_sc_hd__o2111a_2 instances:   2
  Class: sky130_fd_sc_hd__or3b_1 instances:  17
  Class: sky130_fd_sc_hd__or3b_2 instances:   5
  Class: sky130_fd_sc_hd__or3b_4 instances:  11
  Class: sky130_fd_sc_hd__dlymetal6s2s_1 instances:  25
  Class: sky130_fd_sc_hd__or4bb_1 instances:   9
  Class: sky130_fd_sc_hd__or4bb_2 instances:   2
  Class: sky130_fd_sc_hd__nor3_1 instances:  77
  Class: sky130_fd_sc_hd__nor3_2 instances:   3
  Class: sky130_fd_sc_hd__or4bb_4 instances:   5
  Class: sky130_fd_sc_hd__a32o_1 instances: 156
  Class: sky130_fd_sc_hd__a32o_2 instances:   1
  Class: sky130_fd_sc_hd__o41a_1 instances:  14
  Class: sky130_fd_sc_hd__a22o_1 instances: 165
  Class: sky130_fd_sc_hd__a22o_2 instances:   5
  Class: sky130_fd_sc_hd__a22o_4 instances:   5
  Class: sky130_fd_sc_hd__o31a_1 instances:  56
  Class: sky130_fd_sc_hd__o31a_2 instances:   3
  Class: sky130_fd_sc_hd__o2bb2a_1 instances:  37
  Class: sky130_fd_sc_hd__o2bb2a_2 instances:   2
  Class: sky130_fd_sc_hd__o21a_1 instances: 171
  Class: sky130_fd_sc_hd__o21a_2 instances:   4
  Class: sky130_fd_sc_hd__o41ai_1 instances:   2
  Class: sky130_fd_sc_hd__o41ai_2 instances:   1
  Class: sky130_fd_sc_hd__a41oi_1 instances:   4
  Class: sky130_fd_sc_hd__o311a_1 instances:  31
  Class: sky130_fd_sc_hd__o311a_2 instances:   1
  Class: sky130_fd_sc_hd__o311a_4 instances:   1
  Class: sky130_fd_sc_hd__o22ai_1 instances:  20
  Class: sky130_fd_sc_hd__o22ai_2 instances:  14
  Class: sky130_fd_sc_hd__o22ai_4 instances:  10
  Class: sky130_fd_sc_hd__a22oi_1 instances:  27
  Class: sky130_fd_sc_hd__a22oi_2 instances:   9
  Class: sky130_fd_sc_hd__and4b_1 instances:  46
  Class: sky130_fd_sc_hd__a22oi_4 instances:   2
  Class: sky130_fd_sc_hd__o21ai_1 instances: 133
  Class: sky130_fd_sc_hd__and4b_2 instances:  20
  Class: sky130_fd_sc_hd__o21ai_2 instances:  17
  Class: sky130_fd_sc_hd__tapvpwrvgnd_1 instances:   1
  Class: sky130_fd_sc_hd__and4b_4 instances:  36
  Class: sky130_fd_sc_hd__o21ai_4 instances:  10
  Class: sky130_fd_sc_hd__a21oi_1 instances: 200
  Class: sky130_fd_sc_hd__a21oi_2 instances:   7
  Class: sky130_fd_sc_hd__a311o_1 instances:  21
  Class: sky130_fd_sc_hd__a311o_2 instances:   2
  Class: sky130_fd_sc_hd__a311o_4 instances:   1
  Class: sky130_fd_sc_hd__fill_1 instances:   1
  Class: sky130_fd_sc_hd__fill_2 instances:   1
  Class: sky130_fd_sc_hd__fill_4 instances:   1
  Class: sky130_fd_sc_hd__fill_8 instances:   1
  Class: sky130_ef_sc_hd__decap_40_12 instances:   1
  Class: sky130_fd_sc_hd__o211ai_1 instances:  42
  Class: sky130_fd_sc_hd__o211ai_2 instances:   9
  Class: sky130_fd_sc_hd__o211ai_4 instances:   7
  Class: sky130_fd_sc_hd__and4bb_1 instances:  22
  Class: sky130_fd_sc_hd__and4bb_2 instances:   7
  Class: sky130_fd_sc_hd__and4bb_4 instances:  16
  Class: sky130_fd_sc_hd__nor2_1 instances: 221
  Class: sky130_fd_sc_hd__nor2_2 instances:  10
  Class: sky130_fd_sc_hd__nor2_4 instances:   1
  Class: sky130_fd_sc_hd__nor2_8 instances:   1
Circuit contains 25685 nets, and 337 disconnected pins.
Contents of circuit 2:  Circuit: 'user_project_wrapper'
Circuit user_project_wrapper contains 25766 device instances.
  Class: sky130_fd_sc_hd__bufinv_16 instances:  62
  Class: sky130_fd_sc_hd__o2111ai_1 instances:   9
  Class: sky130_fd_sc_hd__o2111ai_2 instances:   8
  Class: sky130_fd_sc_hd__o2111ai_4 instances:   7
  Class: sky130_fd_sc_hd__a41o_1 instances:  60
  Class: sky130_fd_sc_hd__a31o_1 instances: 206
  Class: sky130_fd_sc_hd__a31o_2 instances:   6
  Class: sky130_fd_sc_hd__a31o_4 instances:   2
  Class: sky130_fd_sc_hd__a21o_1 instances: 159
  Class: sky130_fd_sc_hd__a21o_4 instances:   1
  Class: sky130_fd_sc_hd__a2bb2oi_1 instances:   4
  Class: sky130_fd_sc_hd__o32ai_1 instances:   1
  Class: sky130_fd_sc_hd__clkbuf_16 instances: 139
  Class: sky130_fd_sc_hd__dfxtp_1 instances: 996
  Class: sky130_fd_sc_hd__a32oi_1 instances:  11
  Class: sky130_fd_sc_hd__dfxtp_2 instances:  12
  Class: sky130_fd_sc_hd__a32oi_2 instances:   2
  Class: sky130_fd_sc_hd__o31ai_1 instances:  24
  Class: sky130_fd_sc_hd__dfxtp_4 instances:  14
  Class: sky130_fd_sc_hd__a32oi_4 instances:   3
  Class: sky130_fd_sc_hd__o31ai_2 instances:   1
  Class: sky130_fd_sc_hd__or4_1 instances:  73
  Class: sky130_fd_sc_hd__or4_2 instances:  14
  Class: sky130_fd_sc_hd__or4_4 instances:  13
  Class: sky130_fd_sc_hd__a31oi_1 instances:  23
  Class: sky130_fd_sc_hd__a31oi_2 instances:   3
  Class: sky130_fd_sc_hd__nand4_1 instances: 681
  Class: sky130_fd_sc_hd__buf_1 instances: 229
  Class: sky130_fd_sc_hd__nand4_2 instances:  62
  Class: sky130_fd_sc_hd__buf_2 instances: 326
  Class: sky130_fd_sc_hd__nand4_4 instances:  34
  Class: sky130_fd_sc_hd__buf_4 instances: 604
  Class: sky130_fd_sc_hd__buf_6 instances:  92
  Class: sky130_fd_sc_hd__buf_8 instances:  66
  Class: sky130_fd_sc_hd__a2bb2o_1 instances:  47
  Class: sky130_fd_sc_hd__a2bb2o_2 instances:   1
  Class: sky130_fd_sc_hd__and3b_1 instances:  32
  Class: sky130_fd_sc_hd__and3b_2 instances:   2
  Class: sky130_fd_sc_hd__and3b_4 instances:  13
  Class: sky130_fd_sc_hd__xor2_1 instances:  31
  Class: sky130_fd_sc_hd__xor2_2 instances:   6
  Class: sky130_fd_sc_hd__o221ai_1 instances:   2
  Class: sky130_fd_sc_hd__o221ai_2 instances:   4
  Class: sky130_fd_sc_hd__mux4_1 instances: 125
  Class: sky130_fd_sc_hd__o221ai_4 instances:   3
  Class: sky130_fd_sc_hd__mux4_2 instances:  18
  Class: sky130_fd_sc_hd__dfstp_1 instances:  15
  Class: sky130_fd_sc_hd__dfstp_2 instances:   2
  Class: sky130_fd_sc_hd__dfstp_4 instances:   6
  Class: sky130_fd_sc_hd__dfrtp_1 instances: 2075
  Class: sky130_fd_sc_hd__dfrtp_2 instances: 155
  Class: sky130_fd_sc_hd__dfrtp_4 instances: 320
  Class: sky130_fd_sc_hd__and4_1 instances: 114
  Class: sky130_fd_sc_hd__and4_2 instances:  18
  Class: sky130_fd_sc_hd__and4_4 instances:  16
  Class: sky130_fd_sc_hd__inv_2 instances: 2752
  Class: sky130_fd_sc_hd__inv_4 instances:   6
  Class: sky130_fd_sc_hd__inv_6 instances:  13
  Class: sky130_fd_sc_hd__inv_8 instances:  10
  Class: sky130_fd_sc_hd__clkbuf_1 instances: 312
  Class: sky130_fd_sc_hd__clkbuf_2 instances: 226
  Class: sky130_fd_sc_hd__clkbuf_4 instances: 813
  Class: sky130_fd_sc_hd__clkbuf_8 instances: 1563
  Class: sky130_fd_sc_hd__or3_1 instances:  26
  Class: sky130_fd_sc_hd__or3_2 instances:   7
  Class: sky130_fd_sc_hd__or3_4 instances:  21
  Class: sky130_fd_sc_hd__nand3_1 instances:  78
  Class: sky130_fd_sc_hd__nand3_2 instances:   9
  Class: sky130_fd_sc_hd__nand3_4 instances:   9
  Class: sky130_fd_sc_hd__o21ba_1 instances:  38
  Class: sky130_fd_sc_hd__o21ba_2 instances:   1
  Class: sky130_fd_sc_hd__and2b_1 instances:  47
  Class: sky130_fd_sc_hd__conb_1 instances: 166
  Class: sky130_fd_sc_hd__and2b_2 instances:  12
  Class: sky130_fd_sc_hd__and2b_4 instances:   4
  Class: sky130_fd_sc_hd__a21boi_1 instances:  26
  Class: sky130_fd_sc_hd__a21boi_2 instances:   4
  Class: sky130_fd_sc_hd__a21boi_4 instances:   4
  Class: sky130_fd_sc_hd__nand4b_1 instances:   6
  Class: sky130_fd_sc_hd__nand4b_2 instances:   5
  Class: sky130_fd_sc_hd__nand4b_4 instances:  12
  Class: sky130_fd_sc_hd__buf_12 instances: 108
  Class: sky130_fd_sc_hd__a21bo_1 instances:  23
  Class: sky130_fd_sc_hd__a21bo_2 instances:   1
  Class: sky130_fd_sc_hd__a221oi_1 instances:  18
  Class: sky130_fd_sc_hd__a221oi_2 instances:   4
  Class: sky130_fd_sc_hd__clkinv_1 instances:   1
  Class: sky130_fd_sc_hd__clkinv_2 instances: 180
  Class: sky130_fd_sc_hd__clkinv_4 instances:  10
  Class: sky130_fd_sc_hd__clkinv_8 instances:   5
  Class: sky130_fd_sc_hd__and3_1 instances: 213
  Class: sky130_fd_sc_hd__and3_2 instances:  38
  Class: sky130_fd_sc_hd__and3_4 instances:  46
  Class: sky130_fd_sc_hd__a2111o_1 instances:   6
  Class: sky130_fd_sc_hd__a2111o_2 instances:   1
  Class: sky130_fd_sc_hd__a2111o_4 instances:   2
  Class: sky130_fd_sc_hd__decap_3 instances:   1
  Class: sky130_fd_sc_hd__dlygate4sd3_1 instances: 5100
  Class: sky130_fd_sc_hd__or2_1 instances: 103
  Class: sky130_fd_sc_hd__or2_2 instances:   3
  Class: sky130_fd_sc_hd__or2_4 instances:   2
  Class: sky130_fd_sc_hd__a2111oi_1 instances:   5
  Class: sky130_fd_sc_hd__nand2_1 instances: 274
  Class: sky130_fd_sc_hd__nand2_2 instances:  19
  Class: sky130_fd_sc_hd__nand2_4 instances:   5
  Class: sky130_fd_sc_hd__nor4b_1 instances:  17
  Class: sky130_fd_sc_hd__nor4b_2 instances:   1
  Class: sky130_fd_sc_hd__nand2_8 instances:   1
  Class: sky130_fd_sc_hd__o311ai_1 instances:   2
  Class: sky130_fd_sc_hd__o311ai_2 instances:   1
  Class: sky130_fd_sc_hd__nand3b_1 instances:  11
  Class: sky130_fd_sc_hd__nand3b_2 instances:   9
  Class: sky130_fd_sc_hd__mux2_1 instances: 3286
  Class: sky130_fd_sc_hd__nand3b_4 instances:   4
  Class: sky130_fd_sc_hd__mux2_2 instances:   3
  Class: sky130_fd_sc_hd__mux2_8 instances:   1
  Class: sky130_fd_sc_hd__o2bb2ai_1 instances:  21
  Class: sky130_fd_sc_hd__and2_1 instances: 104
  Class: sky130_fd_sc_hd__a211oi_1 instances:  10
  Class: sky130_fd_sc_hd__and2_2 instances:  11
  Class: sky130_fd_sc_hd__and2_4 instances:   8
  Class: sky130_fd_sc_hd__or4b_1 instances:  17
  Class: sky130_fd_sc_hd__or4b_2 instances:   4
  Class: sky130_fd_sc_hd__or4b_4 instances:  11
  Class: sky130_fd_sc_hd__clkinvlp_4 instances:  30
  Class: sky130_fd_sc_hd__nor4_1 instances:  69
  Class: sky130_fd_sc_hd__nor4_2 instances:   2
  Class: sky130_fd_sc_hd__nor4_4 instances:   1
  Class: sky130_fd_sc_hd__inv_12 instances:   1
  Class: sky130_fd_sc_hd__o32a_1 instances:  20
  Class: sky130_fd_sc_hd__o22a_1 instances:  88
  Class: sky130_fd_sc_hd__o22a_2 instances:   8
  Class: sky130_fd_sc_hd__o22a_4 instances:   6
  Class: sky130_fd_sc_hd__xnor2_1 instances:  22
  Class: sky130_fd_sc_hd__xnor2_2 instances:   2
  Class: sky130_fd_sc_hd__nor3b_1 instances:  11
  Class: sky130_fd_sc_hd__nor3b_2 instances:   2
  Class: sky130_fd_sc_hd__o221a_1 instances:  56
  Class: sky130_fd_sc_hd__o221a_2 instances:   1
  Class: sky130_fd_sc_hd__o221a_4 instances:   1
  Class: sky130_fd_sc_hd__o21bai_1 instances:  17
  Class: sky130_fd_sc_hd__o21bai_2 instances:   3
  Class: sky130_fd_sc_hd__o21bai_4 instances:   2
  Class: sky130_fd_sc_hd__o211a_1 instances: 213
  Class: sky130_fd_sc_hd__o211a_2 instances:   8
  Class: sky130_fd_sc_hd__nand2b_1 instances:  75
  Class: sky130_fd_sc_hd__nand2b_2 instances:   8
  Class: sky130_fd_sc_hd__nand2b_4 instances:   3
  Class: sky130_fd_sc_hd__diode_2 instances: 308
  Class: sky130_fd_sc_hd__a311oi_1 instances:   4
  Class: sky130_fd_sc_hd__a311oi_2 instances:   1
  Class: sky130_fd_sc_hd__a221o_1 instances: 158
  Class: sky130_fd_sc_hd__a221o_2 instances:  10
  Class: sky130_fd_sc_hd__a221o_4 instances:   5
  Class: sky130_fd_sc_hd__a211o_1 instances:  77
  Class: sky130_fd_sc_hd__a211o_4 instances:   4
  Class: sky130_fd_sc_hd__o2111a_1 instances:   6
  Class: sky130_fd_sc_hd__o2111a_2 instances:   2
  Class: sky130_fd_sc_hd__or3b_1 instances:  17
  Class: sky130_fd_sc_hd__or3b_2 instances:   5
  Class: sky130_fd_sc_hd__or3b_4 instances:  11
  Class: sky130_fd_sc_hd__dlymetal6s2s_1 instances:  25
  Class: sky130_fd_sc_hd__or4bb_1 instances:   9
  Class: sky130_fd_sc_hd__or4bb_2 instances:   2
  Class: sky130_fd_sc_hd__nor3_1 instances:  77
  Class: sky130_fd_sc_hd__nor3_2 instances:   3
  Class: sky130_fd_sc_hd__or4bb_4 instances:   5
  Class: sky130_fd_sc_hd__a32o_1 instances: 156
  Class: sky130_fd_sc_hd__a32o_2 instances:   1
  Class: sky130_fd_sc_hd__o41a_1 instances:  14
  Class: sky130_fd_sc_hd__a22o_1 instances: 165
  Class: sky130_fd_sc_hd__a22o_2 instances:   5
  Class: sky130_fd_sc_hd__a22o_4 instances:   5
  Class: sky130_fd_sc_hd__o31a_1 instances:  56
  Class: sky130_fd_sc_hd__o31a_2 instances:   3
  Class: sky130_fd_sc_hd__o2bb2a_1 instances:  37
  Class: sky130_fd_sc_hd__o2bb2a_2 instances:   2
  Class: sky130_fd_sc_hd__o21a_1 instances: 171
  Class: sky130_fd_sc_hd__o41ai_1 instances:   2
  Class: sky130_fd_sc_hd__o21a_2 instances:   4
  Class: sky130_fd_sc_hd__o41ai_2 instances:   1
  Class: sky130_fd_sc_hd__a41oi_1 instances:   4
  Class: sky130_fd_sc_hd__o311a_1 instances:  31
  Class: sky130_fd_sc_hd__o311a_2 instances:   1
  Class: sky130_fd_sc_hd__o311a_4 instances:   1
  Class: sky130_fd_sc_hd__o22ai_1 instances:  20
  Class: sky130_fd_sc_hd__o22ai_2 instances:  14
  Class: sky130_fd_sc_hd__o22ai_4 instances:  10
  Class: sky130_fd_sc_hd__a22oi_1 instances:  27
  Class: sky130_fd_sc_hd__a22oi_2 instances:   9
  Class: sky130_fd_sc_hd__and4b_1 instances:  46
  Class: sky130_fd_sc_hd__o21ai_1 instances: 133
  Class: sky130_fd_sc_hd__and4b_2 instances:  20
  Class: sky130_fd_sc_hd__a22oi_4 instances:   2
  Class: sky130_fd_sc_hd__tapvpwrvgnd_1 instances:   1
  Class: sky130_fd_sc_hd__o21ai_2 instances:  17
  Class: sky130_fd_sc_hd__and4b_4 instances:  36
  Class: sky130_fd_sc_hd__o21ai_4 instances:  10
  Class: sky130_fd_sc_hd__a21oi_1 instances: 200
  Class: sky130_fd_sc_hd__a21oi_2 instances:   7
  Class: sky130_fd_sc_hd__a311o_1 instances:  21
  Class: sky130_fd_sc_hd__a311o_2 instances:   2
  Class: sky130_fd_sc_hd__a311o_4 instances:   1
  Class: sky130_fd_sc_hd__fill_1 instances:   1
  Class: sky130_fd_sc_hd__fill_2 instances:   1
  Class: sky130_fd_sc_hd__fill_4 instances:   1
  Class: sky130_fd_sc_hd__fill_8 instances:   1
  Class: sky130_ef_sc_hd__decap_40_12 instances:   1
  Class: sky130_fd_sc_hd__o211ai_1 instances:  42
  Class: sky130_fd_sc_hd__o211ai_2 instances:   9
  Class: sky130_fd_sc_hd__o211ai_4 instances:   7
  Class: sky130_fd_sc_hd__and4bb_1 instances:  22
  Class: sky130_fd_sc_hd__and4bb_2 instances:   7
  Class: sky130_fd_sc_hd__and4bb_4 instances:  16
  Class: sky130_fd_sc_hd__nor2_1 instances: 221
  Class: sky130_fd_sc_hd__nor2_2 instances:  10
  Class: sky130_fd_sc_hd__nor2_4 instances:   1
  Class: sky130_fd_sc_hd__nor2_8 instances:   1
Circuit contains 25685 nets, and 337 disconnected pins.

Circuit 1 contains 25766 devices, Circuit 2 contains 25766 devices.
Circuit 1 contains 25685 nets,    Circuit 2 contains 25685 nets.


Final result: 
Circuits match uniquely.
.
Logging to file "/home/baungarten/Desktop/lacerta_march/openlane/user_project_wrapper/runs/26_05_01_21_41/70-netgen-lvs/reports/lvs.netgen.rpt" disabled
LVS Done.
