
TOP SOURCE: user_project_wrapper
SOURCE FILE(S): /home/baungarten/Desktop/lacerta_march/dependencies/pdks/sky130A/libs.ref/sky130_fd_sc_hd/spice/sky130_ef_sc_hd__decap_12.spice
 /home/baungarten/Desktop/lacerta_march/dependencies/pdks/sky130A/libs.ref/sky130_fd_sc_hd/spice/sky130_ef_sc_hd__decap_20_12.spice
 /home/baungarten/Desktop/lacerta_march/dependencies/pdks/sky130A/libs.ref/sky130_fd_sc_hd/spice/sky130_ef_sc_hd__decap_40_12.spice
 /home/baungarten/Desktop/lacerta_march/dependencies/pdks/sky130A/libs.ref/sky130_fd_sc_hd/spice/sky130_ef_sc_hd__decap_60_12.spice
 /home/baungarten/Desktop/lacerta_march/dependencies/pdks/sky130A/libs.ref/sky130_fd_sc_hd/spice/sky130_ef_sc_hd__decap_80_12.spice
 /home/baungarten/Desktop/lacerta_march/dependencies/pdks/sky130A/libs.ref/sky130_fd_sc_hd/spice/sky130_fd_sc_hd.spice
 /home/baungarten/Desktop/lacerta_march/verilog/gl/user_proj_example.v
 /home/baungarten/Desktop/lacerta_march/verilog/gl/user_project_wrapper.v
TOP LAYOUT: user_project_wrapper
LAYOUT FILE: /home/baungarten/Desktop/lacerta_march/gds/user_project_wrapper.gds
EXTRACT_FLATGLOB: 
EXTRACT_ABSTRACT: *__fill_*
 *__fakediode_*
 *__tapvpwrvgnd_*
LVS_FLATTEN: 
LVS_NOFLATTEN: 
LVS_IGNORE: 
WORK_ROOT   : /home/baungarten/Desktop/lacerta_march/precheck_results/30_APR_2026___11_20_10/tmp
LOG_ROOT    : /home/baungarten/Desktop/lacerta_march/precheck_results/30_APR_2026___11_20_10/logs
SIGNOFF_ROOT: /home/baungarten/Desktop/lacerta_march/precheck_results/30_APR_2026___11_20_10/outputs/reports
 
Running hierarchical comparison between verilog and layout...
Creating /home/baungarten/Desktop/lacerta_march/precheck_results/30_APR_2026___11_20_10/tmp/verilog.cells from the following files...
	/home/baungarten/Desktop/lacerta_march/verilog/gl/user_proj_example.v
	/home/baungarten/Desktop/lacerta_march/verilog/gl/user_project_wrapper.v
[INFO] Changing from /home/baungarten/Desktop/lacerta_march/gds/user_project_wrapper.gds
	to /home/baungarten/Desktop/lacerta_march/precheck_results/30_APR_2026___11_20_10/tmp/layout.txt
Hierarchy check for user_project_wrapper passed.
 
Running LVS...
TOP SOURCE: user_project_wrapper
SOURCE FILE(S): /home/baungarten/Desktop/lacerta_march/dependencies/pdks/sky130A/libs.ref/sky130_fd_sc_hd/spice/sky130_ef_sc_hd__decap_12.spice
 /home/baungarten/Desktop/lacerta_march/dependencies/pdks/sky130A/libs.ref/sky130_fd_sc_hd/spice/sky130_ef_sc_hd__decap_20_12.spice
 /home/baungarten/Desktop/lacerta_march/dependencies/pdks/sky130A/libs.ref/sky130_fd_sc_hd/spice/sky130_ef_sc_hd__decap_40_12.spice
 /home/baungarten/Desktop/lacerta_march/dependencies/pdks/sky130A/libs.ref/sky130_fd_sc_hd/spice/sky130_ef_sc_hd__decap_60_12.spice
 /home/baungarten/Desktop/lacerta_march/dependencies/pdks/sky130A/libs.ref/sky130_fd_sc_hd/spice/sky130_ef_sc_hd__decap_80_12.spice
 /home/baungarten/Desktop/lacerta_march/dependencies/pdks/sky130A/libs.ref/sky130_fd_sc_hd/spice/sky130_fd_sc_hd.spice
 /home/baungarten/Desktop/lacerta_march/verilog/gl/user_proj_example.v
 /home/baungarten/Desktop/lacerta_march/verilog/gl/user_project_wrapper.v
TOP LAYOUT: user_project_wrapper
LAYOUT FILE: /home/baungarten/Desktop/lacerta_march/gds/user_project_wrapper.gds
EXTRACT_FLATGLOB: 
EXTRACT_ABSTRACT: *__fill_*
 *__fakediode_*
 *__tapvpwrvgnd_*
LVS_FLATTEN: 
LVS_NOFLATTEN: 
LVS_IGNORE: 
WORK_ROOT   : /home/baungarten/Desktop/lacerta_march/precheck_results/30_APR_2026___11_20_10/tmp
LOG_ROOT    : /home/baungarten/Desktop/lacerta_march/precheck_results/30_APR_2026___11_20_10/logs
SIGNOFF_ROOT: /home/baungarten/Desktop/lacerta_march/precheck_results/30_APR_2026___11_20_10/outputs/reports
 
Running extract...
TOP LAYOUT: user_project_wrapper
LAYOUT FILE: /home/baungarten/Desktop/lacerta_march/gds/user_project_wrapper.gds
EXTRACT_FLATGLOB: 
EXTRACT_ABSTRACT: *__fill_*
 *__fakediode_*
 *__tapvpwrvgnd_*
WORK_ROOT   : /home/baungarten/Desktop/lacerta_march/precheck_results/30_APR_2026___11_20_10/tmp
LOG_ROOT    : /home/baungarten/Desktop/lacerta_march/precheck_results/30_APR_2026___11_20_10/logs
SIGNOFF_ROOT: /home/baungarten/Desktop/lacerta_march/precheck_results/30_APR_2026___11_20_10/outputs/reports
LOG FILE: /home/baungarten/Desktop/lacerta_march/precheck_results/30_APR_2026___11_20_10/logs/ext.log
Adding subcutout style to tech file.
/home/baungarten/Desktop/lacerta_march/dependencies/pdks/sky130A/libs.tech/magic/sky130A.tech: version 1.0.493
Extracting to /home/baungarten/Desktop/lacerta_march/precheck_results/30_APR_2026___11_20_10/tmp/ext
 

Magic 8.3 revision 471 - Compiled on Wed Apr 22 16:23:58 UTC 2026.
Starting magic under Tcl interpreter
Using the terminal as the console.
Using NULL graphics device.
Processing system .magicrc file
Sourcing design magicrc.well for technology sky130A ...
2 Magic internal units = 1 Lambda
Loading tech file /home/baungarten/Desktop/lacerta_march/precheck_results/30_APR_2026___11_20_10/tmp/sky130A.tech
Input style sky130(): scaleFactor=2, multiplier=2
The following types are not handled by extraction and will be treated as non-electrical types:
    ubm 
Scaled tech values by 2 / 1 to match internal grid scaling
Loading "/home/baungarten/Desktop/lacerta_march/precheck_results/30_APR_2026___11_20_10/tmp/ext/abstract.tcl" from command line.
Abstracting
CIF input style is now "sky130()"
Abstracting /home/baungarten/Desktop/lacerta_march/gds/user_project_wrapper.gds
Warning: Calma reading is not undoable!  I hope that's OK.
Library written using GDS-II Release 3.0
Library name: user_project_wrapper
Reading "sky130_ef_sc_hd__decap_40_12".
Reading "sky130_fd_sc_hd__fill_4".
Reading "sky130_fd_sc_hd__decap_3".
Reading "sky130_fd_sc_hd__clkbuf_4".
Reading "sky130_fd_sc_hd__dlygate4sd3_1".
Reading "sky130_fd_sc_hd__tapvpwrvgnd_1".
Reading "sky130_fd_sc_hd__fill_2".
Reading "sky130_fd_sc_hd__fill_1".
Reading "sky130_fd_sc_hd__buf_12".
Reading "sky130_fd_sc_hd__buf_4".
Reading "sky130_fd_sc_hd__clkbuf_8".
Reading "sky130_fd_sc_hd__fill_8".
Reading "sky130_fd_sc_hd__clkbuf_2".
Reading "sky130_fd_sc_hd__buf_2".
Reading "sky130_fd_sc_hd__buf_1".
Reading "sky130_fd_sc_hd__clkbuf_1".
Reading "sky130_fd_sc_hd__nor4_1".
Reading "sky130_fd_sc_hd__conb_1".
Reading "sky130_fd_sc_hd__o21a_1".
Reading "sky130_fd_sc_hd__or4_1".
Reading "sky130_fd_sc_hd__inv_2".
Reading "sky130_fd_sc_hd__dfxtp_1".
Reading "sky130_fd_sc_hd__o211a_1".
Reading "sky130_fd_sc_hd__nor3_2".
Reading "sky130_fd_sc_hd__nand3_4".
Reading "sky130_fd_sc_hd__nor4_2".
Reading "sky130_fd_sc_hd__diode_2".
Reading "sky130_fd_sc_hd__nand3b_4".
Reading "sky130_fd_sc_hd__dfrtp_1".
Reading "sky130_fd_sc_hd__mux2_1".
Reading "sky130_fd_sc_hd__or4_2".
Reading "sky130_fd_sc_hd__clkbuf_16".
Reading "sky130_fd_sc_hd__or2_1".
Reading "sky130_fd_sc_hd__clkinv_2".
Reading "sky130_fd_sc_hd__mux2_2".
Reading "sky130_fd_sc_hd__buf_6".
Reading "sky130_fd_sc_hd__o21a_2".
Reading "sky130_fd_sc_hd__bufinv_16".
Reading "sky130_fd_sc_hd__a221o_1".
Reading "sky130_fd_sc_hd__a22o_1".
Reading "sky130_fd_sc_hd__a32o_1".
Reading "sky130_fd_sc_hd__a221oi_1".
Reading "sky130_fd_sc_hd__a22oi_1".
Reading "sky130_fd_sc_hd__a221oi_4".
Reading "sky130_fd_sc_hd__dfxtp_4".
Reading "sky130_fd_sc_hd__a41o_1".
Reading "sky130_fd_sc_hd__and4_1".
Reading "sky130_fd_sc_hd__dfxtp_2".
Reading "sky130_fd_sc_hd__mux4_1".
Reading "sky130_fd_sc_hd__nand3_1".
Reading "sky130_fd_sc_hd__a21oi_1".
Reading "sky130_fd_sc_hd__nand2_1".
Reading "sky130_fd_sc_hd__a221oi_2".
Reading "sky130_fd_sc_hd__dlymetal6s2s_1".
Reading "sky130_fd_sc_hd__inv_4".
Reading "sky130_fd_sc_hd__a2111o_1".
Reading "sky130_fd_sc_hd__or3_4".
Reading "sky130_fd_sc_hd__inv_8".
Reading "sky130_fd_sc_hd__and3_1".
Reading "sky130_fd_sc_hd__nor2_1".
Reading "sky130_fd_sc_hd__inv_6".
Reading "sky130_fd_sc_hd__nand3_2".
Reading "sky130_fd_sc_hd__or3_1".
Reading "sky130_fd_sc_hd__a211o_1".
Reading "sky130_fd_sc_hd__xor2_1".
Reading "sky130_fd_sc_hd__dfrtp_4".
Reading "sky130_fd_sc_hd__and2_1".
Reading "sky130_fd_sc_hd__a31o_1".
Reading "sky130_fd_sc_hd__o21ai_1".
Reading "sky130_fd_sc_hd__o21ai_2".
Reading "sky130_fd_sc_hd__nand2b_1".
Reading "sky130_fd_sc_hd__nor3_1".
Reading "sky130_fd_sc_hd__nor4b_1".
Reading "sky130_fd_sc_hd__dfrtp_2".
Reading "sky130_fd_sc_hd__o221ai_2".
Reading "sky130_fd_sc_hd__o21bai_1".
Reading "sky130_fd_sc_hd__o221ai_4".
Reading "sky130_fd_sc_hd__or3b_1".
Reading "sky130_fd_sc_hd__or4b_1".
Reading "sky130_fd_sc_hd__a21o_1".
Reading "sky130_fd_sc_hd__o311a_1".
Reading "sky130_fd_sc_hd__o221a_1".
Reading "sky130_fd_sc_hd__buf_8".
Reading "sky130_fd_sc_hd__and4b_1".
Reading "sky130_fd_sc_hd__and2b_1".
Reading "sky130_fd_sc_hd__clkinvlp_4".
Reading "sky130_fd_sc_hd__o31ai_1".
Reading "sky130_fd_sc_hd__o211ai_1".
Reading "sky130_fd_sc_hd__or3_2".
Reading "sky130_fd_sc_hd__a21bo_1".
Reading "sky130_fd_sc_hd__or4_4".
Reading "sky130_fd_sc_hd__o41a_1".
Reading "sky130_fd_sc_hd__mux2_8".
Reading "sky130_fd_sc_hd__nand2_2".
Reading "sky130_fd_sc_hd__xnor2_1".
Reading "sky130_fd_sc_hd__dfstp_4".
Reading "sky130_fd_sc_hd__nand3b_1".
Reading "sky130_fd_sc_hd__a32oi_2".
Reading "sky130_fd_sc_hd__and4bb_1".
Reading "sky130_fd_sc_hd__o31a_1".
Reading "sky130_fd_sc_hd__a2bb2o_1".
Reading "sky130_fd_sc_hd__a311o_1".
Reading "sky130_fd_sc_hd__mux4_2".
Reading "sky130_fd_sc_hd__and3_2".
Reading "sky130_fd_sc_hd__nand4_1".
Reading "sky130_fd_sc_hd__and3_4".
Reading "sky130_fd_sc_hd__nand4_4".
Reading "sky130_fd_sc_hd__nand4_2".
Reading "sky130_fd_sc_hd__or4b_4".
Reading "sky130_fd_sc_hd__and3b_1".
Reading "sky130_fd_sc_hd__o22a_2".
Reading "sky130_fd_sc_hd__and4b_2".
Reading "sky130_fd_sc_hd__o2bb2a_1".
Reading "sky130_fd_sc_hd__nor4b_2".
Reading "sky130_fd_sc_hd__o21ba_1".
Reading "sky130_fd_sc_hd__o221ai_1".
Reading "sky130_fd_sc_hd__o22ai_1".
Reading "sky130_fd_sc_hd__a211o_2".
Reading "sky130_fd_sc_hd__o22a_1".
Reading "sky130_fd_sc_hd__nand2b_2".
Reading "sky130_fd_sc_hd__and4bb_4".
Reading "sky130_fd_sc_hd__o41ai_1".
Reading "sky130_fd_sc_hd__and2b_4".
Reading "sky130_fd_sc_hd__and3b_2".
Reading "sky130_fd_sc_hd__and2b_2".
Reading "sky130_fd_sc_hd__and4b_4".
Reading "sky130_fd_sc_hd__or3b_4".
Reading "sky130_fd_sc_hd__or2_2".
Reading "sky130_fd_sc_hd__and4bb_2".
Reading "sky130_fd_sc_hd__a22oi_2".
Reading "sky130_fd_sc_hd__and2_2".
Reading "sky130_fd_sc_hd__nand4b_2".
Reading "sky130_fd_sc_hd__and4_2".
Reading "sky130_fd_sc_hd__and4_4".
Reading "sky130_fd_sc_hd__o32ai_1".
Reading "sky130_fd_sc_hd__a21boi_1".
Reading "sky130_fd_sc_hd__nand3b_2".
Reading "sky130_fd_sc_hd__o22ai_4".
Reading "sky130_fd_sc_hd__clkinv_4".
Reading "sky130_fd_sc_hd__nand2_4".
Reading "sky130_fd_sc_hd__a31oi_1".
Reading "sky130_fd_sc_hd__or4bb_1".
Reading "sky130_fd_sc_hd__or3b_2".
Reading "sky130_fd_sc_hd__dfstp_1".
Reading "sky130_fd_sc_hd__a211oi_1".
Reading "sky130_fd_sc_hd__nor3b_1".
Reading "sky130_fd_sc_hd__nand4b_1".
Reading "sky130_fd_sc_hd__o32a_1".
Reading "sky130_fd_sc_hd__a32oi_1".
Reading "sky130_fd_sc_hd__a311oi_1".
Reading "sky130_fd_sc_hd__o2bb2ai_1".
Reading "sky130_fd_sc_hd__o211ai_2".
Reading "sky130_fd_sc_hd__o221a_2".
Reading "sky130_fd_sc_hd__o2111a_2".
Reading "sky130_fd_sc_hd__o2111a_1".
Reading "sky130_fd_sc_hd__o41ai_2".
Reading "sky130_fd_sc_hd__a21boi_2".
Reading "sky130_fd_sc_hd__o22ai_2".
Reading "sky130_fd_sc_hd__or4bb_4".
Reading "sky130_fd_sc_hd__o2111ai_1".
Reading "sky130_fd_sc_hd__o2111ai_2".
Reading "sky130_fd_sc_hd__nand2b_4".
Reading "sky130_fd_sc_hd__a2bb2oi_1".
Reading "sky130_fd_sc_hd__or2_4".
Reading "sky130_fd_sc_hd__a41o_2".
Reading "sky130_fd_sc_hd__a21oi_2".
Reading "sky130_fd_sc_hd__o221a_4".
Reading "sky130_fd_sc_hd__o211a_2".
Reading "sky130_fd_sc_hd__a21bo_2".
Reading "sky130_fd_sc_hd__o21ai_4".
Reading "sky130_fd_sc_hd__dfstp_2".
Reading "sky130_fd_sc_hd__o2bb2ai_2".
Reading "sky130_fd_sc_hd__a41oi_1".
Reading "sky130_fd_sc_hd__o211ai_4".
Reading "sky130_fd_sc_hd__a22o_2".
Reading "sky130_fd_sc_hd__o311a_2".
Reading "sky130_fd_sc_hd__o211a_4".
Reading "sky130_fd_sc_hd__nand4b_4".
Reading "sky130_fd_sc_hd__o31a_4".
Reading "sky130_fd_sc_hd__o311ai_1".
Reading "sky130_fd_sc_hd__a211o_4".
Reading "sky130_fd_sc_hd__o311ai_2".
Reading "sky130_fd_sc_hd__o21bai_2".
Reading "sky130_fd_sc_hd__a21o_2".
Reading "sky130_fd_sc_hd__nor2_2".
Reading "sky130_fd_sc_hd__a31o_2".
Reading "sky130_fd_sc_hd__or4bb_2".
Reading "sky130_fd_sc_hd__a32o_2".
Reading "sky130_fd_sc_hd__a221o_2".
Reading "sky130_fd_sc_hd__nand2_8".
Reading "sky130_fd_sc_hd__a2111oi_1".
CIF file read warning: CIF style sky130(): units rescaled by factor of 5 / 1
CIF file read warning: Input off lambda grid by 2/5; snapped to grid.
Reading "sky130_fd_sc_hd__or4b_2".
Reading "sky130_fd_sc_hd__o2111ai_4".
Reading "sky130_fd_sc_hd__clkinv_8".
Reading "sky130_fd_sc_hd__a31o_4".
Reading "sky130_fd_sc_hd__a2bb2o_4".
Reading "sky130_fd_sc_hd__nor4_4".
Reading "sky130_fd_sc_hd__o31a_2".
Reading "sky130_fd_sc_hd__o21a_4".
Reading "sky130_fd_sc_hd__o311a_4".
Reading "sky130_fd_sc_hd__nor2_4".
Reading "sky130_fd_sc_hd__a2111oi_2".
Reading "sky130_fd_sc_hd__a22oi_4".
Reading "sky130_fd_sc_hd__a32oi_4".
Reading "sky130_fd_sc_hd__o22a_4".
Reading "sky130_fd_sc_hd__a31oi_4".
Reading "sky130_fd_sc_hd__a22o_4".
Reading "sky130_fd_sc_hd__a311o_2".
Reading "sky130_fd_sc_hd__a2111oi_4".
Reading "sky130_fd_sc_hd__mux2_4".
Reading "sky130_fd_sc_hd__o2bb2a_2".
Reading "sky130_fd_sc_hd__o2bb2a_4".
Reading "sky130_fd_sc_hd__nor4b_4".
Reading "sky130_fd_sc_hd__inv_12".
Reading "user_project_wrapper".
    5000 uses
    10000 uses
    15000 uses
    20000 uses
    25000 uses
    30000 uses
    35000 uses
    40000 uses
    45000 uses
    50000 uses
    55000 uses
    60000 uses
    65000 uses
    70000 uses
    75000 uses
    80000 uses
    85000 uses
    90000 uses
    95000 uses
    100000 uses
    105000 uses
    110000 uses
    115000 uses
    120000 uses
    125000 uses
    130000 uses
    135000 uses
    140000 uses
    145000 uses
    150000 uses
    155000 uses
    160000 uses
    165000 uses
    170000 uses
    175000 uses
    180000 uses
    185000 uses
    190000 uses
    195000 uses
    200000 uses
    205000 uses
    210000 uses
    215000 uses
    220000 uses
    225000 uses
    230000 uses
    235000 uses
    240000 uses
    245000 uses
    250000 uses
    255000 uses
    260000 uses
    265000 uses
    270000 uses
    275000 uses
    280000 uses
    285000 uses
    290000 uses
    295000 uses
    300000 uses
    305000 uses
    310000 uses
    315000 uses
    320000 uses
    325000 uses
    330000 uses
    335000 uses
    340000 uses
    345000 uses
    350000 uses
    355000 uses
    360000 uses
    365000 uses
    370000 uses
    375000 uses
    380000 uses
    385000 uses
    390000 uses
    395000 uses
    400000 uses
    405000 uses
    410000 uses
    415000 uses
    420000 uses
    425000 uses
    430000 uses
    435000 uses
    440000 uses
    445000 uses
    450000 uses
    455000 uses
    460000 uses
    465000 uses
    470000 uses
    475000 uses
    480000 uses
    485000 uses
    490000 uses
    495000 uses
    500000 uses
    505000 uses
    510000 uses
    515000 uses
    520000 uses
    525000 uses
    530000 uses
    535000 uses
    540000 uses
    545000 uses
    550000 uses
    555000 uses
    560000 uses
    565000 uses
    570000 uses
    575000 uses
    580000 uses
    585000 uses
    590000 uses
    595000 uses
    600000 uses
    605000 uses
    610000 uses
    615000 uses
    620000 uses
    625000 uses
    630000 uses
    635000 uses
    640000 uses
    645000 uses
    650000 uses
    655000 uses
    660000 uses
    665000 uses
    670000 uses
    675000 uses
    680000 uses
    685000 uses
    690000 uses
    695000 uses
    700000 uses
    705000 uses
    710000 uses
    715000 uses
    720000 uses
    725000 uses
    730000 uses
    735000 uses
    740000 uses
    745000 uses
    750000 uses
    755000 uses
    760000 uses
    765000 uses
    770000 uses
    775000 uses
    780000 uses
    785000 uses
    790000 uses
    795000 uses
    800000 uses
    805000 uses
    810000 uses
    815000 uses
    820000 uses
    825000 uses
    830000 uses
    835000 uses
    840000 uses
    845000 uses
    850000 uses
    855000 uses
    860000 uses
    865000 uses
    870000 uses
    875000 uses
    880000 uses
    885000 uses
    890000 uses
    895000 uses
    900000 uses
    905000 uses
    910000 uses
    915000 uses
    920000 uses
    925000 uses
    930000 uses
    935000 uses
    940000 uses
    945000 uses
    950000 uses
    955000 uses
    960000 uses
    965000 uses
    970000 uses
    975000 uses
    980000 uses
    985000 uses
    990000 uses
    995000 uses
    1000000 uses
    1005000 uses
    1010000 uses
    1015000 uses
    1020000 uses
    1025000 uses
    1030000 uses
    1035000 uses
    1040000 uses
    1045000 uses
    1050000 uses
    1055000 uses
    1060000 uses
    1065000 uses
    1070000 uses
    1075000 uses
    1080000 uses
    1085000 uses
    1090000 uses
    1095000 uses
    1100000 uses
    1105000 uses
    1110000 uses
    1115000 uses
    1120000 uses
    1125000 uses
    1130000 uses
    1135000 uses
    1140000 uses
    1145000 uses
    1150000 uses
    1155000 uses
    1160000 uses
    1165000 uses
    1170000 uses

TIME: read GDS: 00:00:12 


TIME: create subcut: 00:00:00 

Abstracting sky130_fd_sc_hd__fill_1
instance count:0 port count:5
Abstracting sky130_fd_sc_hd__fill_2
instance count:0 port count:5
Abstracting sky130_fd_sc_hd__fill_4
instance count:0 port count:5
Abstracting sky130_fd_sc_hd__fill_8
instance count:0 port count:5
Abstracting sky130_fd_sc_hd__tapvpwrvgnd_1
instance count:0 port count:3

TIME: create abstract: 00:00:00 

Using technology "sky130A", version 1.0.493

Magic 8.3 revision 471 - Compiled on Wed Apr 22 16:23:58 UTC 2026.
Starting magic under Tcl interpreter
Using the terminal as the console.
Using NULL graphics device.
Processing system .magicrc file
Sourcing design magicrc.well for technology sky130A ...
2 Magic internal units = 1 Lambda
Loading tech file /home/baungarten/Desktop/lacerta_march/precheck_results/30_APR_2026___11_20_10/tmp/sky130A.tech
Input style sky130(): scaleFactor=2, multiplier=2
The following types are not handled by extraction and will be treated as non-electrical types:
    ubm 
Scaled tech values by 2 / 1 to match internal grid scaling
Loading "/home/baungarten/Desktop/lacerta_march/precheck_results/30_APR_2026___11_20_10/tmp/ext/extract.tcl" from command line.
Extracting with top ports unique (digital)
CIF input style is now "sky130()"
Flattening 

Extracting /home/baungarten/Desktop/lacerta_march/gds/user_project_wrapper.gds
Warning: Calma reading is not undoable!  I hope that's OK.
Library written using GDS-II Release 3.0
Library name: user_project_wrapper
Reading "sky130_ef_sc_hd__decap_40_12".
Reading "sky130_fd_sc_hd__fill_4".
Reading "sky130_fd_sc_hd__decap_3".
Reading "sky130_fd_sc_hd__clkbuf_4".
Reading "sky130_fd_sc_hd__dlygate4sd3_1".
Reading "sky130_fd_sc_hd__tapvpwrvgnd_1".
Reading "sky130_fd_sc_hd__fill_2".
Reading "sky130_fd_sc_hd__fill_1".
Reading "sky130_fd_sc_hd__buf_12".
Reading "sky130_fd_sc_hd__buf_4".
Reading "sky130_fd_sc_hd__clkbuf_8".
Reading "sky130_fd_sc_hd__fill_8".
Reading "sky130_fd_sc_hd__clkbuf_2".
Reading "sky130_fd_sc_hd__buf_2".
Reading "sky130_fd_sc_hd__buf_1".
Reading "sky130_fd_sc_hd__clkbuf_1".
Reading "sky130_fd_sc_hd__nor4_1".
Reading "sky130_fd_sc_hd__conb_1".
Reading "sky130_fd_sc_hd__o21a_1".
Reading "sky130_fd_sc_hd__or4_1".
Reading "sky130_fd_sc_hd__inv_2".
Reading "sky130_fd_sc_hd__dfxtp_1".
Reading "sky130_fd_sc_hd__o211a_1".
Reading "sky130_fd_sc_hd__nor3_2".
Reading "sky130_fd_sc_hd__nand3_4".
Reading "sky130_fd_sc_hd__nor4_2".
Reading "sky130_fd_sc_hd__diode_2".
Reading "sky130_fd_sc_hd__nand3b_4".
Reading "sky130_fd_sc_hd__dfrtp_1".
Reading "sky130_fd_sc_hd__mux2_1".
Reading "sky130_fd_sc_hd__or4_2".
Reading "sky130_fd_sc_hd__clkbuf_16".
Reading "sky130_fd_sc_hd__or2_1".
Reading "sky130_fd_sc_hd__clkinv_2".
Reading "sky130_fd_sc_hd__mux2_2".
Reading "sky130_fd_sc_hd__buf_6".
Reading "sky130_fd_sc_hd__o21a_2".
Reading "sky130_fd_sc_hd__bufinv_16".
Reading "sky130_fd_sc_hd__a221o_1".
Reading "sky130_fd_sc_hd__a22o_1".
Reading "sky130_fd_sc_hd__a32o_1".
Reading "sky130_fd_sc_hd__a221oi_1".
Reading "sky130_fd_sc_hd__a22oi_1".
Reading "sky130_fd_sc_hd__a221oi_4".
Reading "sky130_fd_sc_hd__dfxtp_4".
Reading "sky130_fd_sc_hd__a41o_1".
Reading "sky130_fd_sc_hd__and4_1".
Reading "sky130_fd_sc_hd__dfxtp_2".
Reading "sky130_fd_sc_hd__mux4_1".
Reading "sky130_fd_sc_hd__nand3_1".
Reading "sky130_fd_sc_hd__a21oi_1".
Reading "sky130_fd_sc_hd__nand2_1".
Reading "sky130_fd_sc_hd__a221oi_2".
Reading "sky130_fd_sc_hd__dlymetal6s2s_1".
Reading "sky130_fd_sc_hd__inv_4".
Reading "sky130_fd_sc_hd__a2111o_1".
Reading "sky130_fd_sc_hd__or3_4".
Reading "sky130_fd_sc_hd__inv_8".
Reading "sky130_fd_sc_hd__and3_1".
Reading "sky130_fd_sc_hd__nor2_1".
Reading "sky130_fd_sc_hd__inv_6".
Reading "sky130_fd_sc_hd__nand3_2".
Reading "sky130_fd_sc_hd__or3_1".
Reading "sky130_fd_sc_hd__a211o_1".
Reading "sky130_fd_sc_hd__xor2_1".
Reading "sky130_fd_sc_hd__dfrtp_4".
Reading "sky130_fd_sc_hd__and2_1".
Reading "sky130_fd_sc_hd__a31o_1".
Reading "sky130_fd_sc_hd__o21ai_1".
Reading "sky130_fd_sc_hd__o21ai_2".
Reading "sky130_fd_sc_hd__nand2b_1".
Reading "sky130_fd_sc_hd__nor3_1".
Reading "sky130_fd_sc_hd__nor4b_1".
Reading "sky130_fd_sc_hd__dfrtp_2".
Reading "sky130_fd_sc_hd__o221ai_2".
Reading "sky130_fd_sc_hd__o21bai_1".
Reading "sky130_fd_sc_hd__o221ai_4".
Reading "sky130_fd_sc_hd__or3b_1".
Reading "sky130_fd_sc_hd__or4b_1".
Reading "sky130_fd_sc_hd__a21o_1".
Reading "sky130_fd_sc_hd__o311a_1".
Reading "sky130_fd_sc_hd__o221a_1".
Reading "sky130_fd_sc_hd__buf_8".
Reading "sky130_fd_sc_hd__and4b_1".
Reading "sky130_fd_sc_hd__and2b_1".
Reading "sky130_fd_sc_hd__clkinvlp_4".
Reading "sky130_fd_sc_hd__o31ai_1".
Reading "sky130_fd_sc_hd__o211ai_1".
Reading "sky130_fd_sc_hd__or3_2".
Reading "sky130_fd_sc_hd__a21bo_1".
Reading "sky130_fd_sc_hd__or4_4".
Reading "sky130_fd_sc_hd__o41a_1".
Reading "sky130_fd_sc_hd__mux2_8".
Reading "sky130_fd_sc_hd__nand2_2".
Reading "sky130_fd_sc_hd__xnor2_1".
Reading "sky130_fd_sc_hd__dfstp_4".
Reading "sky130_fd_sc_hd__nand3b_1".
Reading "sky130_fd_sc_hd__a32oi_2".
Reading "sky130_fd_sc_hd__and4bb_1".
Reading "sky130_fd_sc_hd__o31a_1".
Reading "sky130_fd_sc_hd__a2bb2o_1".
Reading "sky130_fd_sc_hd__a311o_1".
Reading "sky130_fd_sc_hd__mux4_2".
Reading "sky130_fd_sc_hd__and3_2".
Reading "sky130_fd_sc_hd__nand4_1".
Reading "sky130_fd_sc_hd__and3_4".
Reading "sky130_fd_sc_hd__nand4_4".
Reading "sky130_fd_sc_hd__nand4_2".
Reading "sky130_fd_sc_hd__or4b_4".
Reading "sky130_fd_sc_hd__and3b_1".
Reading "sky130_fd_sc_hd__o22a_2".
Reading "sky130_fd_sc_hd__and4b_2".
Reading "sky130_fd_sc_hd__o2bb2a_1".
Reading "sky130_fd_sc_hd__nor4b_2".
Reading "sky130_fd_sc_hd__o21ba_1".
Reading "sky130_fd_sc_hd__o221ai_1".
Reading "sky130_fd_sc_hd__o22ai_1".
Reading "sky130_fd_sc_hd__a211o_2".
Reading "sky130_fd_sc_hd__o22a_1".
Reading "sky130_fd_sc_hd__nand2b_2".
Reading "sky130_fd_sc_hd__and4bb_4".
Reading "sky130_fd_sc_hd__o41ai_1".
Reading "sky130_fd_sc_hd__and2b_4".
Reading "sky130_fd_sc_hd__and3b_2".
Reading "sky130_fd_sc_hd__and2b_2".
Reading "sky130_fd_sc_hd__and4b_4".
Reading "sky130_fd_sc_hd__or3b_4".
Reading "sky130_fd_sc_hd__or2_2".
Reading "sky130_fd_sc_hd__and4bb_2".
Reading "sky130_fd_sc_hd__a22oi_2".
Reading "sky130_fd_sc_hd__and2_2".
Reading "sky130_fd_sc_hd__nand4b_2".
Reading "sky130_fd_sc_hd__and4_2".
Reading "sky130_fd_sc_hd__and4_4".
Reading "sky130_fd_sc_hd__o32ai_1".
Reading "sky130_fd_sc_hd__a21boi_1".
Reading "sky130_fd_sc_hd__nand3b_2".
Reading "sky130_fd_sc_hd__o22ai_4".
Reading "sky130_fd_sc_hd__clkinv_4".
Reading "sky130_fd_sc_hd__nand2_4".
Reading "sky130_fd_sc_hd__a31oi_1".
Reading "sky130_fd_sc_hd__or4bb_1".
Reading "sky130_fd_sc_hd__or3b_2".
Reading "sky130_fd_sc_hd__dfstp_1".
Reading "sky130_fd_sc_hd__a211oi_1".
Reading "sky130_fd_sc_hd__nor3b_1".
Reading "sky130_fd_sc_hd__nand4b_1".
Reading "sky130_fd_sc_hd__o32a_1".
Reading "sky130_fd_sc_hd__a32oi_1".
Reading "sky130_fd_sc_hd__a311oi_1".
Reading "sky130_fd_sc_hd__o2bb2ai_1".
Reading "sky130_fd_sc_hd__o211ai_2".
Reading "sky130_fd_sc_hd__o221a_2".
Reading "sky130_fd_sc_hd__o2111a_2".
Reading "sky130_fd_sc_hd__o2111a_1".
Reading "sky130_fd_sc_hd__o41ai_2".
Reading "sky130_fd_sc_hd__a21boi_2".
Reading "sky130_fd_sc_hd__o22ai_2".
Reading "sky130_fd_sc_hd__or4bb_4".
Reading "sky130_fd_sc_hd__o2111ai_1".
Reading "sky130_fd_sc_hd__o2111ai_2".
Reading "sky130_fd_sc_hd__nand2b_4".
Reading "sky130_fd_sc_hd__a2bb2oi_1".
Reading "sky130_fd_sc_hd__or2_4".
Reading "sky130_fd_sc_hd__a41o_2".
Reading "sky130_fd_sc_hd__a21oi_2".
Reading "sky130_fd_sc_hd__o221a_4".
Reading "sky130_fd_sc_hd__o211a_2".
Reading "sky130_fd_sc_hd__a21bo_2".
Reading "sky130_fd_sc_hd__o21ai_4".
Reading "sky130_fd_sc_hd__dfstp_2".
Reading "sky130_fd_sc_hd__o2bb2ai_2".
Reading "sky130_fd_sc_hd__a41oi_1".
Reading "sky130_fd_sc_hd__o211ai_4".
Reading "sky130_fd_sc_hd__a22o_2".
Reading "sky130_fd_sc_hd__o311a_2".
Reading "sky130_fd_sc_hd__o211a_4".
Reading "sky130_fd_sc_hd__nand4b_4".
Reading "sky130_fd_sc_hd__o31a_4".
Reading "sky130_fd_sc_hd__o311ai_1".
Reading "sky130_fd_sc_hd__a211o_4".
Reading "sky130_fd_sc_hd__o311ai_2".
Reading "sky130_fd_sc_hd__o21bai_2".
Reading "sky130_fd_sc_hd__a21o_2".
Reading "sky130_fd_sc_hd__nor2_2".
Reading "sky130_fd_sc_hd__a31o_2".
Reading "sky130_fd_sc_hd__or4bb_2".
Reading "sky130_fd_sc_hd__a32o_2".
Reading "sky130_fd_sc_hd__a221o_2".
Reading "sky130_fd_sc_hd__nand2_8".
Reading "sky130_fd_sc_hd__a2111oi_1".
CIF file read warning: CIF style sky130(): units rescaled by factor of 5 / 1
CIF file read warning: Input off lambda grid by 2/5; snapped to grid.
Reading "sky130_fd_sc_hd__or4b_2".
Reading "sky130_fd_sc_hd__o2111ai_4".
Reading "sky130_fd_sc_hd__clkinv_8".
Reading "sky130_fd_sc_hd__a31o_4".
Reading "sky130_fd_sc_hd__a2bb2o_4".
Reading "sky130_fd_sc_hd__nor4_4".
Reading "sky130_fd_sc_hd__o31a_2".
Reading "sky130_fd_sc_hd__o21a_4".
Reading "sky130_fd_sc_hd__o311a_4".
Reading "sky130_fd_sc_hd__nor2_4".
Reading "sky130_fd_sc_hd__a2111oi_2".
Reading "sky130_fd_sc_hd__a22oi_4".
Reading "sky130_fd_sc_hd__a32oi_4".
Reading "sky130_fd_sc_hd__o22a_4".
Reading "sky130_fd_sc_hd__a31oi_4".
Reading "sky130_fd_sc_hd__a22o_4".
Reading "sky130_fd_sc_hd__a311o_2".
Reading "sky130_fd_sc_hd__a2111oi_4".
Reading "sky130_fd_sc_hd__mux2_4".
Reading "sky130_fd_sc_hd__o2bb2a_2".
Reading "sky130_fd_sc_hd__o2bb2a_4".
Reading "sky130_fd_sc_hd__nor4b_4".
Reading "sky130_fd_sc_hd__inv_12".
Reading "user_project_wrapper".
    5000 uses
    10000 uses
    15000 uses
    20000 uses
    25000 uses
    30000 uses
    35000 uses
    40000 uses
    45000 uses
    50000 uses
    55000 uses
    60000 uses
    65000 uses
    70000 uses
    75000 uses
    80000 uses
    85000 uses
    90000 uses
    95000 uses
    100000 uses
    105000 uses
    110000 uses
    115000 uses
    120000 uses
    125000 uses
    130000 uses
    135000 uses
    140000 uses
    145000 uses
    150000 uses
    155000 uses
    160000 uses
    165000 uses
    170000 uses
    175000 uses
    180000 uses
    185000 uses
    190000 uses
    195000 uses
    200000 uses
    205000 uses
    210000 uses
    215000 uses
    220000 uses
    225000 uses
    230000 uses
    235000 uses
    240000 uses
    245000 uses
    250000 uses
    255000 uses
    260000 uses
    265000 uses
    270000 uses
    275000 uses
    280000 uses
    285000 uses
    290000 uses
    295000 uses
    300000 uses
    305000 uses
    310000 uses
    315000 uses
    320000 uses
    325000 uses
    330000 uses
    335000 uses
    340000 uses
    345000 uses
    350000 uses
    355000 uses
    360000 uses
    365000 uses
    370000 uses
    375000 uses
    380000 uses
    385000 uses
    390000 uses
    395000 uses
    400000 uses
    405000 uses
    410000 uses
    415000 uses
    420000 uses
    425000 uses
    430000 uses
    435000 uses
    440000 uses
    445000 uses
    450000 uses
    455000 uses
    460000 uses
    465000 uses
    470000 uses
    475000 uses
    480000 uses
    485000 uses
    490000 uses
    495000 uses
    500000 uses
    505000 uses
    510000 uses
    515000 uses
    520000 uses
    525000 uses
    530000 uses
    535000 uses
    540000 uses
    545000 uses
    550000 uses
    555000 uses
    560000 uses
    565000 uses
    570000 uses
    575000 uses
    580000 uses
    585000 uses
    590000 uses
    595000 uses
    600000 uses
    605000 uses
    610000 uses
    615000 uses
    620000 uses
    625000 uses
    630000 uses
    635000 uses
    640000 uses
    645000 uses
    650000 uses
    655000 uses
    660000 uses
    665000 uses
    670000 uses
    675000 uses
    680000 uses
    685000 uses
    690000 uses
    695000 uses
    700000 uses
    705000 uses
    710000 uses
    715000 uses
    720000 uses
    725000 uses
    730000 uses
    735000 uses
    740000 uses
    745000 uses
    750000 uses
    755000 uses
    760000 uses
    765000 uses
    770000 uses
    775000 uses
    780000 uses
    785000 uses
    790000 uses
    795000 uses
    800000 uses
    805000 uses
    810000 uses
    815000 uses
    820000 uses
    825000 uses
    830000 uses
    835000 uses
    840000 uses
    845000 uses
    850000 uses
    855000 uses
    860000 uses
    865000 uses
    870000 uses
    875000 uses
    880000 uses
    885000 uses
    890000 uses
    895000 uses
    900000 uses
    905000 uses
    910000 uses
    915000 uses
    920000 uses
    925000 uses
    930000 uses
    935000 uses
    940000 uses
    945000 uses
    950000 uses
    955000 uses
    960000 uses
    965000 uses
    970000 uses
    975000 uses
    980000 uses
    985000 uses
    990000 uses
    995000 uses
    1000000 uses
    1005000 uses
    1010000 uses
    1015000 uses
    1020000 uses
    1025000 uses
    1030000 uses
    1035000 uses
    1040000 uses
    1045000 uses
    1050000 uses
    1055000 uses
    1060000 uses
    1065000 uses
    1070000 uses
    1075000 uses
    1080000 uses
    1085000 uses
    1090000 uses
    1095000 uses
    1100000 uses
    1105000 uses
    1110000 uses
    1115000 uses
    1120000 uses
    1125000 uses
    1130000 uses
    1135000 uses
    1140000 uses
    1145000 uses
    1150000 uses
    1155000 uses
    1160000 uses
    1165000 uses
    1170000 uses

TIME: read GDS: 00:00:12 


TIME: add subcut: 00:00:00 

Abstracting sky130_fd_sc_hd__fill_1
Abstracting sky130_fd_sc_hd__fill_2
Abstracting sky130_fd_sc_hd__fill_4
Abstracting sky130_fd_sc_hd__fill_8
Abstracting sky130_fd_sc_hd__tapvpwrvgnd_1

TIME: set abstract: 00:00:00 

Processing sky130_ef_sc_hd__decap_40_12
Processing sky130_fd_sc_hd__decap_3
Processing sky130_fd_sc_hd__clkbuf_4
Processing sky130_fd_sc_hd__dlygate4sd3_1
Processing sky130_fd_sc_hd__buf_12
Processing sky130_fd_sc_hd__buf_4
Processing sky130_fd_sc_hd__clkbuf_8
Processing sky130_fd_sc_hd__clkbuf_2
Processing sky130_fd_sc_hd__buf_2
Processing sky130_fd_sc_hd__buf_1
Processing sky130_fd_sc_hd__clkbuf_1
Processing sky130_fd_sc_hd__nor4_1
Processing sky130_fd_sc_hd__conb_1
Processing sky130_fd_sc_hd__o21a_1
Processing sky130_fd_sc_hd__or4_1
Processing sky130_fd_sc_hd__inv_2
Processing sky130_fd_sc_hd__dfxtp_1
Processing sky130_fd_sc_hd__o211a_1
Processing sky130_fd_sc_hd__nor3_2
Processing sky130_fd_sc_hd__nand3_4
Processing sky130_fd_sc_hd__nor4_2
Processing sky130_fd_sc_hd__diode_2
Processing sky130_fd_sc_hd__nand3b_4
Processing sky130_fd_sc_hd__dfrtp_1
Processing sky130_fd_sc_hd__mux2_1
Processing sky130_fd_sc_hd__or4_2
Processing sky130_fd_sc_hd__clkbuf_16
Processing sky130_fd_sc_hd__or2_1
Processing sky130_fd_sc_hd__clkinv_2
Processing sky130_fd_sc_hd__mux2_2
Processing sky130_fd_sc_hd__buf_6
Processing sky130_fd_sc_hd__o21a_2
Processing sky130_fd_sc_hd__bufinv_16
Processing sky130_fd_sc_hd__a221o_1
Processing sky130_fd_sc_hd__a22o_1
Processing sky130_fd_sc_hd__a32o_1
Processing sky130_fd_sc_hd__a221oi_1
Processing sky130_fd_sc_hd__a22oi_1
Processing sky130_fd_sc_hd__a221oi_4
Processing sky130_fd_sc_hd__dfxtp_4
Processing sky130_fd_sc_hd__a41o_1
Processing sky130_fd_sc_hd__and4_1
Processing sky130_fd_sc_hd__dfxtp_2
Processing sky130_fd_sc_hd__mux4_1
Processing sky130_fd_sc_hd__nand3_1
Processing sky130_fd_sc_hd__a21oi_1
Processing sky130_fd_sc_hd__nand2_1
Processing sky130_fd_sc_hd__a221oi_2
Processing sky130_fd_sc_hd__dlymetal6s2s_1
Processing sky130_fd_sc_hd__inv_4
Processing sky130_fd_sc_hd__a2111o_1
Processing sky130_fd_sc_hd__or3_4
Processing sky130_fd_sc_hd__inv_8
Processing sky130_fd_sc_hd__and3_1
Processing sky130_fd_sc_hd__nor2_1
Processing sky130_fd_sc_hd__inv_6
Processing sky130_fd_sc_hd__nand3_2
Processing sky130_fd_sc_hd__or3_1
Processing sky130_fd_sc_hd__a211o_1
Processing sky130_fd_sc_hd__xor2_1
Processing sky130_fd_sc_hd__dfrtp_4
Processing sky130_fd_sc_hd__and2_1
Processing sky130_fd_sc_hd__a31o_1
Processing sky130_fd_sc_hd__o21ai_1
Processing sky130_fd_sc_hd__o21ai_2
Processing sky130_fd_sc_hd__nand2b_1
Processing sky130_fd_sc_hd__nor3_1
Processing sky130_fd_sc_hd__nor4b_1
Processing sky130_fd_sc_hd__dfrtp_2
Processing sky130_fd_sc_hd__o221ai_2
Processing sky130_fd_sc_hd__o21bai_1
Processing sky130_fd_sc_hd__o221ai_4
Processing sky130_fd_sc_hd__or3b_1
Processing sky130_fd_sc_hd__or4b_1
Processing sky130_fd_sc_hd__a21o_1
Processing sky130_fd_sc_hd__o311a_1
Processing sky130_fd_sc_hd__o221a_1
Processing sky130_fd_sc_hd__buf_8
Processing sky130_fd_sc_hd__and4b_1
Processing sky130_fd_sc_hd__and2b_1
Processing sky130_fd_sc_hd__clkinvlp_4
Processing sky130_fd_sc_hd__o31ai_1
Processing sky130_fd_sc_hd__o211ai_1
Processing sky130_fd_sc_hd__or3_2
Processing sky130_fd_sc_hd__a21bo_1
Processing sky130_fd_sc_hd__or4_4
Processing sky130_fd_sc_hd__o41a_1
Processing sky130_fd_sc_hd__mux2_8
Processing sky130_fd_sc_hd__nand2_2
Processing sky130_fd_sc_hd__xnor2_1
Processing sky130_fd_sc_hd__dfstp_4
Processing sky130_fd_sc_hd__nand3b_1
Processing sky130_fd_sc_hd__a32oi_2
Processing sky130_fd_sc_hd__and4bb_1
Processing sky130_fd_sc_hd__o31a_1
Processing sky130_fd_sc_hd__a2bb2o_1
Processing sky130_fd_sc_hd__a311o_1
Processing sky130_fd_sc_hd__mux4_2
Processing sky130_fd_sc_hd__and3_2
Processing sky130_fd_sc_hd__nand4_1
Processing sky130_fd_sc_hd__and3_4
Processing sky130_fd_sc_hd__nand4_4
Processing sky130_fd_sc_hd__nand4_2
Processing sky130_fd_sc_hd__or4b_4
Processing sky130_fd_sc_hd__and3b_1
Processing sky130_fd_sc_hd__o22a_2
Processing sky130_fd_sc_hd__and4b_2
Processing sky130_fd_sc_hd__o2bb2a_1
Processing sky130_fd_sc_hd__nor4b_2
Processing sky130_fd_sc_hd__o21ba_1
Processing sky130_fd_sc_hd__o221ai_1
Processing sky130_fd_sc_hd__o22ai_1
Processing sky130_fd_sc_hd__a211o_2
Processing sky130_fd_sc_hd__o22a_1
Processing sky130_fd_sc_hd__nand2b_2
Processing sky130_fd_sc_hd__and4bb_4
Processing sky130_fd_sc_hd__o41ai_1
Processing sky130_fd_sc_hd__and2b_4
Processing sky130_fd_sc_hd__and3b_2
Processing sky130_fd_sc_hd__and2b_2
Processing sky130_fd_sc_hd__and4b_4
Processing sky130_fd_sc_hd__or3b_4
Processing sky130_fd_sc_hd__or2_2
Processing sky130_fd_sc_hd__and4bb_2
Processing sky130_fd_sc_hd__a22oi_2
Processing sky130_fd_sc_hd__and2_2
Processing sky130_fd_sc_hd__nand4b_2
Processing sky130_fd_sc_hd__and4_2
Processing sky130_fd_sc_hd__and4_4
Processing sky130_fd_sc_hd__o32ai_1
Processing sky130_fd_sc_hd__a21boi_1
Processing sky130_fd_sc_hd__nand3b_2
Processing sky130_fd_sc_hd__o22ai_4
Processing sky130_fd_sc_hd__clkinv_4
Processing sky130_fd_sc_hd__nand2_4
Processing sky130_fd_sc_hd__a31oi_1
Processing sky130_fd_sc_hd__or4bb_1
Processing sky130_fd_sc_hd__or3b_2
Processing sky130_fd_sc_hd__dfstp_1
Processing sky130_fd_sc_hd__a211oi_1
Processing sky130_fd_sc_hd__nor3b_1
Processing sky130_fd_sc_hd__nand4b_1
Processing sky130_fd_sc_hd__o32a_1
Processing sky130_fd_sc_hd__a32oi_1
Processing sky130_fd_sc_hd__a311oi_1
Processing sky130_fd_sc_hd__o2bb2ai_1
Processing sky130_fd_sc_hd__o211ai_2
Processing sky130_fd_sc_hd__o221a_2
Processing sky130_fd_sc_hd__o2111a_2
Processing sky130_fd_sc_hd__o2111a_1
Processing sky130_fd_sc_hd__o41ai_2
Processing sky130_fd_sc_hd__a21boi_2
Processing sky130_fd_sc_hd__o22ai_2
Processing sky130_fd_sc_hd__or4bb_4
Processing sky130_fd_sc_hd__o2111ai_1
Processing sky130_fd_sc_hd__o2111ai_2
Processing sky130_fd_sc_hd__nand2b_4
Processing sky130_fd_sc_hd__a2bb2oi_1
Processing sky130_fd_sc_hd__or2_4
Processing sky130_fd_sc_hd__a41o_2
Processing sky130_fd_sc_hd__a21oi_2
Processing sky130_fd_sc_hd__o221a_4
Processing sky130_fd_sc_hd__o211a_2
Processing sky130_fd_sc_hd__a21bo_2
Processing sky130_fd_sc_hd__o21ai_4
Processing sky130_fd_sc_hd__dfstp_2
Processing sky130_fd_sc_hd__o2bb2ai_2
Processing sky130_fd_sc_hd__a41oi_1
Processing sky130_fd_sc_hd__o211ai_4
Processing sky130_fd_sc_hd__a22o_2
Processing sky130_fd_sc_hd__o311a_2
Processing sky130_fd_sc_hd__o211a_4
Processing sky130_fd_sc_hd__nand4b_4
Processing sky130_fd_sc_hd__o31a_4
Processing sky130_fd_sc_hd__o311ai_1
Processing sky130_fd_sc_hd__a211o_4
Processing sky130_fd_sc_hd__o311ai_2
Processing sky130_fd_sc_hd__o21bai_2
Processing sky130_fd_sc_hd__a21o_2
Processing sky130_fd_sc_hd__nor2_2
Processing sky130_fd_sc_hd__a31o_2
Processing sky130_fd_sc_hd__or4bb_2
Processing sky130_fd_sc_hd__a32o_2
Processing sky130_fd_sc_hd__a221o_2
Processing sky130_fd_sc_hd__nand2_8
Processing sky130_fd_sc_hd__a2111oi_1
Processing sky130_fd_sc_hd__or4b_2
Processing sky130_fd_sc_hd__o2111ai_4
Processing sky130_fd_sc_hd__clkinv_8
Processing sky130_fd_sc_hd__a31o_4
Processing sky130_fd_sc_hd__a2bb2o_4
Processing sky130_fd_sc_hd__nor4_4
Processing sky130_fd_sc_hd__o31a_2
Processing sky130_fd_sc_hd__o21a_4
Processing sky130_fd_sc_hd__o311a_4
Processing sky130_fd_sc_hd__nor2_4
Processing sky130_fd_sc_hd__a2111oi_2
Processing sky130_fd_sc_hd__a22oi_4
Processing sky130_fd_sc_hd__a32oi_4
Processing sky130_fd_sc_hd__o22a_4
Processing sky130_fd_sc_hd__a31oi_4
Processing sky130_fd_sc_hd__a22o_4
Processing sky130_fd_sc_hd__a311o_2
Processing sky130_fd_sc_hd__a2111oi_4
Processing sky130_fd_sc_hd__mux2_4
Processing sky130_fd_sc_hd__o2bb2a_2
Processing sky130_fd_sc_hd__o2bb2a_4
Processing sky130_fd_sc_hd__nor4b_4
Processing sky130_fd_sc_hd__inv_12
Processing user_project_wrapper
The following types are not handled by extraction and will be treated as non-electrical types:
    ubm 
Extraction style is now "ngspice()"
Extracting sky130_ef_sc_hd__decap_40_12 into sky130_ef_sc_hd__decap_40_12.ext:
sky130_ef_sc_hd__decap_40_12: 2 warnings
Extracting sky130_fd_sc_hd__fill_4 into sky130_fd_sc_hd__fill_4.ext:
Extracting sky130_fd_sc_hd__decap_3 into sky130_fd_sc_hd__decap_3.ext:
sky130_fd_sc_hd__decap_3: 2 warnings
Extracting sky130_fd_sc_hd__clkbuf_4 into sky130_fd_sc_hd__clkbuf_4.ext:
Extracting sky130_fd_sc_hd__fill_2 into sky130_fd_sc_hd__fill_2.ext:
Extracting sky130_fd_sc_hd__fill_1 into sky130_fd_sc_hd__fill_1.ext:
Extracting sky130_fd_sc_hd__tapvpwrvgnd_1 into sky130_fd_sc_hd__tapvpwrvgnd_1.ext:
Extracting sky130_fd_sc_hd__dlygate4sd3_1 into sky130_fd_sc_hd__dlygate4sd3_1.ext:
Extracting sky130_fd_sc_hd__buf_12 into sky130_fd_sc_hd__buf_12.ext:
Extracting sky130_fd_sc_hd__buf_4 into sky130_fd_sc_hd__buf_4.ext:
Extracting sky130_fd_sc_hd__clkbuf_8 into sky130_fd_sc_hd__clkbuf_8.ext:
Extracting sky130_fd_sc_hd__fill_8 into sky130_fd_sc_hd__fill_8.ext:
Extracting sky130_fd_sc_hd__clkbuf_2 into sky130_fd_sc_hd__clkbuf_2.ext:
Extracting sky130_fd_sc_hd__buf_2 into sky130_fd_sc_hd__buf_2.ext:
Extracting sky130_fd_sc_hd__buf_1 into sky130_fd_sc_hd__buf_1.ext:
Extracting sky130_fd_sc_hd__clkbuf_1 into sky130_fd_sc_hd__clkbuf_1.ext:
Extracting sky130_fd_sc_hd__nor4_1 into sky130_fd_sc_hd__nor4_1.ext:
Extracting sky130_fd_sc_hd__conb_1 into sky130_fd_sc_hd__conb_1.ext:
Extracting sky130_fd_sc_hd__o21a_1 into sky130_fd_sc_hd__o21a_1.ext:
Extracting sky130_fd_sc_hd__or4_1 into sky130_fd_sc_hd__or4_1.ext:
Extracting sky130_fd_sc_hd__inv_2 into sky130_fd_sc_hd__inv_2.ext:
Extracting sky130_fd_sc_hd__dfxtp_1 into sky130_fd_sc_hd__dfxtp_1.ext:
Extracting sky130_fd_sc_hd__o211a_1 into sky130_fd_sc_hd__o211a_1.ext:
Extracting sky130_fd_sc_hd__nor3_2 into sky130_fd_sc_hd__nor3_2.ext:
Extracting sky130_fd_sc_hd__nand3_4 into sky130_fd_sc_hd__nand3_4.ext:
Extracting sky130_fd_sc_hd__nor4_2 into sky130_fd_sc_hd__nor4_2.ext:
Extracting sky130_fd_sc_hd__diode_2 into sky130_fd_sc_hd__diode_2.ext:
sky130_fd_sc_hd__diode_2: 1 warning
Extracting sky130_fd_sc_hd__nand3b_4 into sky130_fd_sc_hd__nand3b_4.ext:
Extracting sky130_fd_sc_hd__dfrtp_1 into sky130_fd_sc_hd__dfrtp_1.ext:
Extracting sky130_fd_sc_hd__mux2_1 into sky130_fd_sc_hd__mux2_1.ext:
Extracting sky130_fd_sc_hd__or4_2 into sky130_fd_sc_hd__or4_2.ext:
Extracting sky130_fd_sc_hd__clkbuf_16 into sky130_fd_sc_hd__clkbuf_16.ext:
Extracting sky130_fd_sc_hd__or2_1 into sky130_fd_sc_hd__or2_1.ext:
Extracting sky130_fd_sc_hd__clkinv_2 into sky130_fd_sc_hd__clkinv_2.ext:
Extracting sky130_fd_sc_hd__mux2_2 into sky130_fd_sc_hd__mux2_2.ext:
Extracting sky130_fd_sc_hd__buf_6 into sky130_fd_sc_hd__buf_6.ext:
Extracting sky130_fd_sc_hd__o21a_2 into sky130_fd_sc_hd__o21a_2.ext:
Extracting sky130_fd_sc_hd__bufinv_16 into sky130_fd_sc_hd__bufinv_16.ext:
Extracting sky130_fd_sc_hd__a221o_1 into sky130_fd_sc_hd__a221o_1.ext:
Extracting sky130_fd_sc_hd__a22o_1 into sky130_fd_sc_hd__a22o_1.ext:
Extracting sky130_fd_sc_hd__a32o_1 into sky130_fd_sc_hd__a32o_1.ext:
Extracting sky130_fd_sc_hd__a221oi_1 into sky130_fd_sc_hd__a221oi_1.ext:
Extracting sky130_fd_sc_hd__a22oi_1 into sky130_fd_sc_hd__a22oi_1.ext:
Extracting sky130_fd_sc_hd__a221oi_4 into sky130_fd_sc_hd__a221oi_4.ext:
Extracting sky130_fd_sc_hd__dfxtp_4 into sky130_fd_sc_hd__dfxtp_4.ext:
Extracting sky130_fd_sc_hd__a41o_1 into sky130_fd_sc_hd__a41o_1.ext:
Extracting sky130_fd_sc_hd__and4_1 into sky130_fd_sc_hd__and4_1.ext:
Extracting sky130_fd_sc_hd__dfxtp_2 into sky130_fd_sc_hd__dfxtp_2.ext:
Extracting sky130_fd_sc_hd__mux4_1 into sky130_fd_sc_hd__mux4_1.ext:
Extracting sky130_fd_sc_hd__nand3_1 into sky130_fd_sc_hd__nand3_1.ext:
Extracting sky130_fd_sc_hd__a21oi_1 into sky130_fd_sc_hd__a21oi_1.ext:
Extracting sky130_fd_sc_hd__nand2_1 into sky130_fd_sc_hd__nand2_1.ext:
Extracting sky130_fd_sc_hd__a221oi_2 into sky130_fd_sc_hd__a221oi_2.ext:
Extracting sky130_fd_sc_hd__dlymetal6s2s_1 into sky130_fd_sc_hd__dlymetal6s2s_1.ext:
Extracting sky130_fd_sc_hd__inv_4 into sky130_fd_sc_hd__inv_4.ext:
Extracting sky130_fd_sc_hd__a2111o_1 into sky130_fd_sc_hd__a2111o_1.ext:
Extracting sky130_fd_sc_hd__or3_4 into sky130_fd_sc_hd__or3_4.ext:
Extracting sky130_fd_sc_hd__inv_8 into sky130_fd_sc_hd__inv_8.ext:
Extracting sky130_fd_sc_hd__and3_1 into sky130_fd_sc_hd__and3_1.ext:
Extracting sky130_fd_sc_hd__nor2_1 into sky130_fd_sc_hd__nor2_1.ext:
Extracting sky130_fd_sc_hd__inv_6 into sky130_fd_sc_hd__inv_6.ext:
Extracting sky130_fd_sc_hd__nand3_2 into sky130_fd_sc_hd__nand3_2.ext:
Extracting sky130_fd_sc_hd__or3_1 into sky130_fd_sc_hd__or3_1.ext:
Extracting sky130_fd_sc_hd__a211o_1 into sky130_fd_sc_hd__a211o_1.ext:
Extracting sky130_fd_sc_hd__xor2_1 into sky130_fd_sc_hd__xor2_1.ext:
Extracting sky130_fd_sc_hd__dfrtp_4 into sky130_fd_sc_hd__dfrtp_4.ext:
Extracting sky130_fd_sc_hd__and2_1 into sky130_fd_sc_hd__and2_1.ext:
Extracting sky130_fd_sc_hd__a31o_1 into sky130_fd_sc_hd__a31o_1.ext:
Extracting sky130_fd_sc_hd__o21ai_1 into sky130_fd_sc_hd__o21ai_1.ext:
Extracting sky130_fd_sc_hd__o21ai_2 into sky130_fd_sc_hd__o21ai_2.ext:
Extracting sky130_fd_sc_hd__nand2b_1 into sky130_fd_sc_hd__nand2b_1.ext:
Extracting sky130_fd_sc_hd__nor3_1 into sky130_fd_sc_hd__nor3_1.ext:
Extracting sky130_fd_sc_hd__nor4b_1 into sky130_fd_sc_hd__nor4b_1.ext:
Extracting sky130_fd_sc_hd__dfrtp_2 into sky130_fd_sc_hd__dfrtp_2.ext:
Extracting sky130_fd_sc_hd__o221ai_2 into sky130_fd_sc_hd__o221ai_2.ext:
Extracting sky130_fd_sc_hd__o21bai_1 into sky130_fd_sc_hd__o21bai_1.ext:
Extracting sky130_fd_sc_hd__o221ai_4 into sky130_fd_sc_hd__o221ai_4.ext:
Extracting sky130_fd_sc_hd__or3b_1 into sky130_fd_sc_hd__or3b_1.ext:
Extracting sky130_fd_sc_hd__or4b_1 into sky130_fd_sc_hd__or4b_1.ext:
Extracting sky130_fd_sc_hd__a21o_1 into sky130_fd_sc_hd__a21o_1.ext:
Extracting sky130_fd_sc_hd__o311a_1 into sky130_fd_sc_hd__o311a_1.ext:
Extracting sky130_fd_sc_hd__o221a_1 into sky130_fd_sc_hd__o221a_1.ext:
Extracting sky130_fd_sc_hd__buf_8 into sky130_fd_sc_hd__buf_8.ext:
Extracting sky130_fd_sc_hd__and4b_1 into sky130_fd_sc_hd__and4b_1.ext:
Extracting sky130_fd_sc_hd__and2b_1 into sky130_fd_sc_hd__and2b_1.ext:
Extracting sky130_fd_sc_hd__clkinvlp_4 into sky130_fd_sc_hd__clkinvlp_4.ext:
Extracting sky130_fd_sc_hd__o31ai_1 into sky130_fd_sc_hd__o31ai_1.ext:
Extracting sky130_fd_sc_hd__o211ai_1 into sky130_fd_sc_hd__o211ai_1.ext:
Extracting sky130_fd_sc_hd__or3_2 into sky130_fd_sc_hd__or3_2.ext:
Extracting sky130_fd_sc_hd__a21bo_1 into sky130_fd_sc_hd__a21bo_1.ext:
Extracting sky130_fd_sc_hd__or4_4 into sky130_fd_sc_hd__or4_4.ext:
Extracting sky130_fd_sc_hd__o41a_1 into sky130_fd_sc_hd__o41a_1.ext:
Extracting sky130_fd_sc_hd__mux2_8 into sky130_fd_sc_hd__mux2_8.ext:
Extracting sky130_fd_sc_hd__nand2_2 into sky130_fd_sc_hd__nand2_2.ext:
Extracting sky130_fd_sc_hd__xnor2_1 into sky130_fd_sc_hd__xnor2_1.ext:
Extracting sky130_fd_sc_hd__dfstp_4 into sky130_fd_sc_hd__dfstp_4.ext:
Extracting sky130_fd_sc_hd__nand3b_1 into sky130_fd_sc_hd__nand3b_1.ext:
Extracting sky130_fd_sc_hd__a32oi_2 into sky130_fd_sc_hd__a32oi_2.ext:
Extracting sky130_fd_sc_hd__and4bb_1 into sky130_fd_sc_hd__and4bb_1.ext:
Extracting sky130_fd_sc_hd__o31a_1 into sky130_fd_sc_hd__o31a_1.ext:
Extracting sky130_fd_sc_hd__a2bb2o_1 into sky130_fd_sc_hd__a2bb2o_1.ext:
Extracting sky130_fd_sc_hd__a311o_1 into sky130_fd_sc_hd__a311o_1.ext:
Extracting sky130_fd_sc_hd__mux4_2 into sky130_fd_sc_hd__mux4_2.ext:
Extracting sky130_fd_sc_hd__and3_2 into sky130_fd_sc_hd__and3_2.ext:
Extracting sky130_fd_sc_hd__nand4_1 into sky130_fd_sc_hd__nand4_1.ext:
Extracting sky130_fd_sc_hd__and3_4 into sky130_fd_sc_hd__and3_4.ext:
Extracting sky130_fd_sc_hd__nand4_4 into sky130_fd_sc_hd__nand4_4.ext:
Extracting sky130_fd_sc_hd__nand4_2 into sky130_fd_sc_hd__nand4_2.ext:
Extracting sky130_fd_sc_hd__or4b_4 into sky130_fd_sc_hd__or4b_4.ext:
Extracting sky130_fd_sc_hd__and3b_1 into sky130_fd_sc_hd__and3b_1.ext:
Extracting sky130_fd_sc_hd__o22a_2 into sky130_fd_sc_hd__o22a_2.ext:
Extracting sky130_fd_sc_hd__and4b_2 into sky130_fd_sc_hd__and4b_2.ext:
Extracting sky130_fd_sc_hd__o2bb2a_1 into sky130_fd_sc_hd__o2bb2a_1.ext:
Extracting sky130_fd_sc_hd__nor4b_2 into sky130_fd_sc_hd__nor4b_2.ext:
Extracting sky130_fd_sc_hd__o21ba_1 into sky130_fd_sc_hd__o21ba_1.ext:
Extracting sky130_fd_sc_hd__o221ai_1 into sky130_fd_sc_hd__o221ai_1.ext:
Extracting sky130_fd_sc_hd__o22ai_1 into sky130_fd_sc_hd__o22ai_1.ext:
Extracting sky130_fd_sc_hd__a211o_2 into sky130_fd_sc_hd__a211o_2.ext:
Extracting sky130_fd_sc_hd__o22a_1 into sky130_fd_sc_hd__o22a_1.ext:
Extracting sky130_fd_sc_hd__nand2b_2 into sky130_fd_sc_hd__nand2b_2.ext:
Extracting sky130_fd_sc_hd__and4bb_4 into sky130_fd_sc_hd__and4bb_4.ext:
Extracting sky130_fd_sc_hd__o41ai_1 into sky130_fd_sc_hd__o41ai_1.ext:
Extracting sky130_fd_sc_hd__and2b_4 into sky130_fd_sc_hd__and2b_4.ext:
Extracting sky130_fd_sc_hd__and3b_2 into sky130_fd_sc_hd__and3b_2.ext:
Extracting sky130_fd_sc_hd__and2b_2 into sky130_fd_sc_hd__and2b_2.ext:
Extracting sky130_fd_sc_hd__and4b_4 into sky130_fd_sc_hd__and4b_4.ext:
Extracting sky130_fd_sc_hd__or3b_4 into sky130_fd_sc_hd__or3b_4.ext:
Extracting sky130_fd_sc_hd__or2_2 into sky130_fd_sc_hd__or2_2.ext:
Extracting sky130_fd_sc_hd__and4bb_2 into sky130_fd_sc_hd__and4bb_2.ext:
Extracting sky130_fd_sc_hd__a22oi_2 into sky130_fd_sc_hd__a22oi_2.ext:
Extracting sky130_fd_sc_hd__and2_2 into sky130_fd_sc_hd__and2_2.ext:
Extracting sky130_fd_sc_hd__nand4b_2 into sky130_fd_sc_hd__nand4b_2.ext:
Extracting sky130_fd_sc_hd__and4_2 into sky130_fd_sc_hd__and4_2.ext:
Extracting sky130_fd_sc_hd__and4_4 into sky130_fd_sc_hd__and4_4.ext:
Extracting sky130_fd_sc_hd__o32ai_1 into sky130_fd_sc_hd__o32ai_1.ext:
Extracting sky130_fd_sc_hd__a21boi_1 into sky130_fd_sc_hd__a21boi_1.ext:
Extracting sky130_fd_sc_hd__nand3b_2 into sky130_fd_sc_hd__nand3b_2.ext:
Extracting sky130_fd_sc_hd__o22ai_4 into sky130_fd_sc_hd__o22ai_4.ext:
Extracting sky130_fd_sc_hd__clkinv_4 into sky130_fd_sc_hd__clkinv_4.ext:
Extracting sky130_fd_sc_hd__nand2_4 into sky130_fd_sc_hd__nand2_4.ext:
Extracting sky130_fd_sc_hd__a31oi_1 into sky130_fd_sc_hd__a31oi_1.ext:
Extracting sky130_fd_sc_hd__or4bb_1 into sky130_fd_sc_hd__or4bb_1.ext:
Extracting sky130_fd_sc_hd__or3b_2 into sky130_fd_sc_hd__or3b_2.ext:
Extracting sky130_fd_sc_hd__dfstp_1 into sky130_fd_sc_hd__dfstp_1.ext:
Extracting sky130_fd_sc_hd__a211oi_1 into sky130_fd_sc_hd__a211oi_1.ext:
Extracting sky130_fd_sc_hd__nor3b_1 into sky130_fd_sc_hd__nor3b_1.ext:
Extracting sky130_fd_sc_hd__nand4b_1 into sky130_fd_sc_hd__nand4b_1.ext:
Extracting sky130_fd_sc_hd__o32a_1 into sky130_fd_sc_hd__o32a_1.ext:
Extracting sky130_fd_sc_hd__a32oi_1 into sky130_fd_sc_hd__a32oi_1.ext:
Extracting sky130_fd_sc_hd__a311oi_1 into sky130_fd_sc_hd__a311oi_1.ext:
Extracting sky130_fd_sc_hd__o2bb2ai_1 into sky130_fd_sc_hd__o2bb2ai_1.ext:
Extracting sky130_fd_sc_hd__o211ai_2 into sky130_fd_sc_hd__o211ai_2.ext:
Extracting sky130_fd_sc_hd__o221a_2 into sky130_fd_sc_hd__o221a_2.ext:
Extracting sky130_fd_sc_hd__o2111a_2 into sky130_fd_sc_hd__o2111a_2.ext:
Extracting sky130_fd_sc_hd__o2111a_1 into sky130_fd_sc_hd__o2111a_1.ext:
Extracting sky130_fd_sc_hd__o41ai_2 into sky130_fd_sc_hd__o41ai_2.ext:
Extracting sky130_fd_sc_hd__a21boi_2 into sky130_fd_sc_hd__a21boi_2.ext:
Extracting sky130_fd_sc_hd__o22ai_2 into sky130_fd_sc_hd__o22ai_2.ext:
Extracting sky130_fd_sc_hd__or4bb_4 into sky130_fd_sc_hd__or4bb_4.ext:
Extracting sky130_fd_sc_hd__o2111ai_1 into sky130_fd_sc_hd__o2111ai_1.ext:
Extracting sky130_fd_sc_hd__o2111ai_2 into sky130_fd_sc_hd__o2111ai_2.ext:
Extracting sky130_fd_sc_hd__nand2b_4 into sky130_fd_sc_hd__nand2b_4.ext:
Extracting sky130_fd_sc_hd__a2bb2oi_1 into sky130_fd_sc_hd__a2bb2oi_1.ext:
Extracting sky130_fd_sc_hd__or2_4 into sky130_fd_sc_hd__or2_4.ext:
Extracting sky130_fd_sc_hd__a41o_2 into sky130_fd_sc_hd__a41o_2.ext:
Extracting sky130_fd_sc_hd__a21oi_2 into sky130_fd_sc_hd__a21oi_2.ext:
Extracting sky130_fd_sc_hd__o221a_4 into sky130_fd_sc_hd__o221a_4.ext:
Extracting sky130_fd_sc_hd__o211a_2 into sky130_fd_sc_hd__o211a_2.ext:
Extracting sky130_fd_sc_hd__a21bo_2 into sky130_fd_sc_hd__a21bo_2.ext:
Extracting sky130_fd_sc_hd__o21ai_4 into sky130_fd_sc_hd__o21ai_4.ext:
Extracting sky130_fd_sc_hd__dfstp_2 into sky130_fd_sc_hd__dfstp_2.ext:
Extracting sky130_fd_sc_hd__o2bb2ai_2 into sky130_fd_sc_hd__o2bb2ai_2.ext:
Extracting sky130_fd_sc_hd__a41oi_1 into sky130_fd_sc_hd__a41oi_1.ext:
Extracting sky130_fd_sc_hd__o211ai_4 into sky130_fd_sc_hd__o211ai_4.ext:
Extracting sky130_fd_sc_hd__a22o_2 into sky130_fd_sc_hd__a22o_2.ext:
Extracting sky130_fd_sc_hd__o311a_2 into sky130_fd_sc_hd__o311a_2.ext:
Extracting sky130_fd_sc_hd__o211a_4 into sky130_fd_sc_hd__o211a_4.ext:
Extracting sky130_fd_sc_hd__nand4b_4 into sky130_fd_sc_hd__nand4b_4.ext:
Extracting sky130_fd_sc_hd__o31a_4 into sky130_fd_sc_hd__o31a_4.ext:
Extracting sky130_fd_sc_hd__o311ai_1 into sky130_fd_sc_hd__o311ai_1.ext:
Extracting sky130_fd_sc_hd__a211o_4 into sky130_fd_sc_hd__a211o_4.ext:
Extracting sky130_fd_sc_hd__o311ai_2 into sky130_fd_sc_hd__o311ai_2.ext:
Extracting sky130_fd_sc_hd__o21bai_2 into sky130_fd_sc_hd__o21bai_2.ext:
Extracting sky130_fd_sc_hd__a21o_2 into sky130_fd_sc_hd__a21o_2.ext:
Extracting sky130_fd_sc_hd__nor2_2 into sky130_fd_sc_hd__nor2_2.ext:
Extracting sky130_fd_sc_hd__a31o_2 into sky130_fd_sc_hd__a31o_2.ext:
Extracting sky130_fd_sc_hd__or4bb_2 into sky130_fd_sc_hd__or4bb_2.ext:
Extracting sky130_fd_sc_hd__a32o_2 into sky130_fd_sc_hd__a32o_2.ext:
Extracting sky130_fd_sc_hd__a221o_2 into sky130_fd_sc_hd__a221o_2.ext:
Extracting sky130_fd_sc_hd__nand2_8 into sky130_fd_sc_hd__nand2_8.ext:
Extracting sky130_fd_sc_hd__a2111oi_1 into sky130_fd_sc_hd__a2111oi_1.ext:
Extracting sky130_fd_sc_hd__or4b_2 into sky130_fd_sc_hd__or4b_2.ext:
Extracting sky130_fd_sc_hd__o2111ai_4 into sky130_fd_sc_hd__o2111ai_4.ext:
Extracting sky130_fd_sc_hd__clkinv_8 into sky130_fd_sc_hd__clkinv_8.ext:
Extracting sky130_fd_sc_hd__a31o_4 into sky130_fd_sc_hd__a31o_4.ext:
Extracting sky130_fd_sc_hd__a2bb2o_4 into sky130_fd_sc_hd__a2bb2o_4.ext:
Extracting sky130_fd_sc_hd__nor4_4 into sky130_fd_sc_hd__nor4_4.ext:
Extracting sky130_fd_sc_hd__o31a_2 into sky130_fd_sc_hd__o31a_2.ext:
Extracting sky130_fd_sc_hd__o21a_4 into sky130_fd_sc_hd__o21a_4.ext:
Extracting sky130_fd_sc_hd__o311a_4 into sky130_fd_sc_hd__o311a_4.ext:
Extracting sky130_fd_sc_hd__nor2_4 into sky130_fd_sc_hd__nor2_4.ext:
Extracting sky130_fd_sc_hd__a2111oi_2 into sky130_fd_sc_hd__a2111oi_2.ext:
Extracting sky130_fd_sc_hd__a22oi_4 into sky130_fd_sc_hd__a22oi_4.ext:
Extracting sky130_fd_sc_hd__a32oi_4 into sky130_fd_sc_hd__a32oi_4.ext:
Extracting sky130_fd_sc_hd__o22a_4 into sky130_fd_sc_hd__o22a_4.ext:
Extracting sky130_fd_sc_hd__a31oi_4 into sky130_fd_sc_hd__a31oi_4.ext:
Extracting sky130_fd_sc_hd__a22o_4 into sky130_fd_sc_hd__a22o_4.ext:
Extracting sky130_fd_sc_hd__a311o_2 into sky130_fd_sc_hd__a311o_2.ext:
Extracting sky130_fd_sc_hd__a2111oi_4 into sky130_fd_sc_hd__a2111oi_4.ext:
Extracting sky130_fd_sc_hd__mux2_4 into sky130_fd_sc_hd__mux2_4.ext:
Extracting sky130_fd_sc_hd__o2bb2a_2 into sky130_fd_sc_hd__o2bb2a_2.ext:
Extracting sky130_fd_sc_hd__o2bb2a_4 into sky130_fd_sc_hd__o2bb2a_4.ext:
Extracting sky130_fd_sc_hd__nor4b_4 into sky130_fd_sc_hd__nor4b_4.ext:
Extracting sky130_fd_sc_hd__inv_12 into sky130_fd_sc_hd__inv_12.ext:
Extracting user_project_wrapper into user_project_wrapper.ext:
Total of 5 warnings.

TIME: extract: 00:04:31 

Devs merged: 0
Devs merged: 0
Devs merged: 2
Devs merged: 2
Devs merged: 2
Devs merged: 18
Devs merged: 18
Devs merged: 18
Devs merged: 30
Devs merged: 30
Devs merged: 36
Devs merged: 38
Devs merged: 40
Devs merged: 40
Devs merged: 46
Devs merged: 46
Devs merged: 46
Devs merged: 46
Devs merged: 46
Devs merged: 70
Devs merged: 70
Devs merged: 72
Devs merged: 76
Devs merged: 78
Devs merged: 78
Devs merged: 78
Devs merged: 78
Devs merged: 80
Devs merged: 82
Devs merged: 82
Devs merged: 82
Devs merged: 82
Devs merged: 82
Devs merged: 82
Devs merged: 82
Devs merged: 82
Devs merged: 82
Devs merged: 82
Devs merged: 82
Devs merged: 84
Devs merged: 84
Devs merged: 84
Devs merged: 84
Devs merged: 84
Devs merged: 84
Devs merged: 90
Devs merged: 90
Devs merged: 90
Devs merged: 96
Devs merged: 96
Devs merged: 96
Devs merged: 96
Devs merged: 96
Devs merged: 98
Devs merged: 98
Devs merged: 98
Devs merged: 98
Devs merged: 98
Devs merged: 98
Devs merged: 98
Devs merged: 98
Devs merged: 98
Devs merged: 142
Devs merged: 145
Devs merged: 145
Devs merged: 163
Devs merged: 163
Devs merged: 199
Devs merged: 199
Devs merged: 201
Devs merged: 201
Devs merged: 201
Devs merged: 201
Devs merged: 225
Devs merged: 227
Devs merged: 227
Devs merged: 233
Devs merged: 233
Devs merged: 233
Devs merged: 233
Devs merged: 233
Devs merged: 233
Devs merged: 235
Devs merged: 237
Devs merged: 265
Devs merged: 265
Devs merged: 265
Devs merged: 273
Devs merged: 275
Devs merged: 275
Devs merged: 277
Devs merged: 287
Devs merged: 297
Devs merged: 297
Devs merged: 297
Devs merged: 299
Devs merged: 301
Devs merged: 304
Devs merged: 304
Devs merged: 312
Devs merged: 312
Devs merged: 314
Devs merged: 324
Devs merged: 324
Devs merged: 332
Devs merged: 334
Devs merged: 334
Devs merged: 334
Devs merged: 342
Devs merged: 348
Devs merged: 354
Devs merged: 356
Devs merged: 356
Devs merged: 356
Devs merged: 364
Devs merged: 364
Devs merged: 370
Devs merged: 370
Devs merged: 380
Devs merged: 386
Devs merged: 386
Devs merged: 386
Devs merged: 386
Devs merged: 386
Devs merged: 388
Devs merged: 388
Devs merged: 390
Devs merged: 392
Devs merged: 398
Devs merged: 400
Devs merged: 404
Devs merged: 404
Devs merged: 410
Devs merged: 420
Devs merged: 450
Devs merged: 450
Devs merged: 456
Devs merged: 468
Devs merged: 480
Devs merged: 492
Devs merged: 496
Devs merged: 510
Devs merged: 526
Devs merged: 532
Devs merged: 532
Devs merged: 550
Devs merged: 556
Devs merged: 570
Devs merged: 570
Devs merged: 572
Devs merged: 574
Devs merged: 592
Devs merged: 594
Devs merged: 594
Devs merged: 624
Devs merged: 630
Devs merged: 636
Devs merged: 658
Devs merged: 664
Devs merged: 672
Devs merged: 690
Devs merged: 700
Devs merged: 700
Devs merged: 706
Devs merged: 708
Devs merged: 710
Devs merged: 712
Devs merged: 734
Devs merged: 740
Devs merged: 746
Devs merged: 776
Devs merged: 804
Devs merged: 814
Devs merged: 818
Devs merged: 820
Devs merged: 836
Devs merged: 838
Devs merged: 844
Devs merged: 868
Devs merged: 898
Devs merged: 902
Devs merged: 910
Devs merged: 928
Devs merged: 944
Devs merged: 952
Devs merged: 982
Devs merged: 990
Devs merged: 1000
Devs merged: 1006
Devs merged: 1030
Devs merged: 1032
Devs merged: 1032
Devs merged: 1043
Devs merged: 1057
Devs merged: 1059
Devs merged: 1069
Devs merged: 1079
Devs merged: 1085
Devs merged: 1095
Devs merged: 1109
Devs merged: 1111
Devs merged: 1135
Devs merged: 1155
Devs merged: 1157
Devs merged: 1159
Devs merged: 1183
Devs merged: 1199
Devs merged: 1223
Devs merged: 1225
Devs merged: 1225
exttospice finished.

TIME: netlist: 00:00:26 

Using technology "sky130A", version 1.0.493
Creating layout hierarchy in /home/baungarten/Desktop/lacerta_march/precheck_results/30_APR_2026___11_20_10/tmp/ext/user_project_wrapper.hier...
 
Netgen 1.5.272 compiled on Wed Apr 22 16:24:02 UTC 2026
Warning: netgen command 'format' use fully-qualified name '::netgen::format'
Warning: netgen command 'global' use fully-qualified name '::netgen::global'
Reading layout /home/baungarten/Desktop/lacerta_march/precheck_results/30_APR_2026___11_20_10/tmp/ext/user_project_wrapper.gds.spice...
Call to undefined subcircuit sky130_fd_pr__pfet_01v8_hvt
Creating placeholder cell definition.
Call to undefined subcircuit sky130_fd_pr__nfet_01v8
Creating placeholder cell definition.
Call to undefined subcircuit sky130_fd_pr__special_nfet_01v8
Creating placeholder cell definition.
Call to undefined subcircuit sky130_fd_pr__diode_pw2nd_05v5
Creating placeholder cell definition.
Call to undefined subcircuit sky130_fd_pr__res_generic_po
Creating placeholder cell definition.
Reading source /home/baungarten/Desktop/lacerta_march/dependencies/pdks/sky130A/libs.ref/sky130_fd_sc_hd/spice/sky130_ef_sc_hd__decap_12.spice...
Call to undefined subcircuit sky130_fd_pr__pfet_01v8_hvt
Creating placeholder cell definition.
Call to undefined subcircuit sky130_fd_pr__nfet_01v8
Creating placeholder cell definition.
Reading source /home/baungarten/Desktop/lacerta_march/dependencies/pdks/sky130A/libs.ref/sky130_fd_sc_hd/spice/sky130_ef_sc_hd__decap_20_12.spice...
Reading source /home/baungarten/Desktop/lacerta_march/dependencies/pdks/sky130A/libs.ref/sky130_fd_sc_hd/spice/sky130_ef_sc_hd__decap_40_12.spice...
Reading source /home/baungarten/Desktop/lacerta_march/dependencies/pdks/sky130A/libs.ref/sky130_fd_sc_hd/spice/sky130_ef_sc_hd__decap_60_12.spice...
Reading source /home/baungarten/Desktop/lacerta_march/dependencies/pdks/sky130A/libs.ref/sky130_fd_sc_hd/spice/sky130_ef_sc_hd__decap_80_12.spice...
Reading source /home/baungarten/Desktop/lacerta_march/dependencies/pdks/sky130A/libs.ref/sky130_fd_sc_hd/spice/sky130_fd_sc_hd.spice...
Call to undefined subcircuit sky130_fd_pr__res_generic_po
Creating placeholder cell definition.
Call to undefined subcircuit sky130_fd_pr__special_nfet_01v8
Creating placeholder cell definition.
Call to undefined subcircuit sky130_fd_pr__diode_pw2nd_05v5
Creating placeholder cell definition.
Call to undefined subcircuit sky130_fd_pr__special_pfet_01v8_hvt
Creating placeholder cell definition.
Call to undefined subcircuit sky130_fd_sc_hd__nand2_2
Creating placeholder cell definition.
Call to undefined subcircuit sky130_fd_sc_hd__nor2_2
Creating placeholder cell definition.
Reading source /home/baungarten/Desktop/lacerta_march/verilog/gl/user_proj_example.v...
Warning:  A case-insensitive file has been read and so the	verilog file must be treated case-insensitive to match.
Note:  Implicit pin HI in instance user_proj_example_142 of sky130_fd_sc_hd__conb_1 in cell user_proj_example
Note:  Implicit pin HI in instance user_proj_example_143 of sky130_fd_sc_hd__conb_1 in cell user_proj_example
Note:  Implicit pin HI in instance user_proj_example_144 of sky130_fd_sc_hd__conb_1 in cell user_proj_example
Note:  Implicit pin HI in instance user_proj_example_145 of sky130_fd_sc_hd__conb_1 in cell user_proj_example
Note:  Implicit pin HI in instance user_proj_example_146 of sky130_fd_sc_hd__conb_1 in cell user_proj_example
Note:  Implicit pin HI in instance user_proj_example_147 of sky130_fd_sc_hd__conb_1 in cell user_proj_example
Note:  Implicit pin HI in instance user_proj_example_148 of sky130_fd_sc_hd__conb_1 in cell user_proj_example
Note:  Implicit pin HI in instance user_proj_example_149 of sky130_fd_sc_hd__conb_1 in cell user_proj_example
Note:  Implicit pin HI in instance user_proj_example_150 of sky130_fd_sc_hd__conb_1 in cell user_proj_example
Note:  Implicit pin HI in instance user_proj_example_151 of sky130_fd_sc_hd__conb_1 in cell user_proj_example
Note:  Implicit pin HI in instance user_proj_example_152 of sky130_fd_sc_hd__conb_1 in cell user_proj_example
Note:  Implicit pin HI in instance user_proj_example_153 of sky130_fd_sc_hd__conb_1 in cell user_proj_example
Note:  Implicit pin HI in instance user_proj_example_154 of sky130_fd_sc_hd__conb_1 in cell user_proj_example
Note:  Implicit pin HI in instance user_proj_example_155 of sky130_fd_sc_hd__conb_1 in cell user_proj_example
Note:  Implicit pin HI in instance user_proj_example_156 of sky130_fd_sc_hd__conb_1 in cell user_proj_example
Note:  Implicit pin HI in instance user_proj_example_157 of sky130_fd_sc_hd__conb_1 in cell user_proj_example
Note:  Implicit pin HI in instance user_proj_example_158 of sky130_fd_sc_hd__conb_1 in cell user_proj_example
Note:  Implicit pin HI in instance user_proj_example_159 of sky130_fd_sc_hd__conb_1 in cell user_proj_example
Note:  Implicit pin HI in instance user_proj_example_160 of sky130_fd_sc_hd__conb_1 in cell user_proj_example
Note:  Implicit pin HI in instance user_proj_example_161 of sky130_fd_sc_hd__conb_1 in cell user_proj_example
Note:  Implicit pin HI in instance user_proj_example_162 of sky130_fd_sc_hd__conb_1 in cell user_proj_example
Note:  Implicit pin HI in instance user_proj_example_163 of sky130_fd_sc_hd__conb_1 in cell user_proj_example
Note:  Implicit pin HI in instance user_proj_example_164 of sky130_fd_sc_hd__conb_1 in cell user_proj_example
Note:  Implicit pin HI in instance user_proj_example_165 of sky130_fd_sc_hd__conb_1 in cell user_proj_example
Note:  Implicit pin HI in instance user_proj_example_166 of sky130_fd_sc_hd__conb_1 in cell user_proj_example
Note:  Implicit pin HI in instance user_proj_example_167 of sky130_fd_sc_hd__conb_1 in cell user_proj_example
Note:  Implicit pin HI in instance user_proj_example_168 of sky130_fd_sc_hd__conb_1 in cell user_proj_example
Note:  Implicit pin HI in instance user_proj_example_169 of sky130_fd_sc_hd__conb_1 in cell user_proj_example
Note:  Implicit pin HI in instance user_proj_example_170 of sky130_fd_sc_hd__conb_1 in cell user_proj_example
Note:  Implicit pin HI in instance user_proj_example_171 of sky130_fd_sc_hd__conb_1 in cell user_proj_example
Note:  Implicit pin HI in instance user_proj_example_172 of sky130_fd_sc_hd__conb_1 in cell user_proj_example
Note:  Implicit pin HI in instance user_proj_example_173 of sky130_fd_sc_hd__conb_1 in cell user_proj_example
Note:  Implicit pin HI in instance user_proj_example_174 of sky130_fd_sc_hd__conb_1 in cell user_proj_example
Note:  Implicit pin HI in instance user_proj_example_175 of sky130_fd_sc_hd__conb_1 in cell user_proj_example
Note:  Implicit pin HI in instance user_proj_example_176 of sky130_fd_sc_hd__conb_1 in cell user_proj_example
Note:  Implicit pin HI in instance user_proj_example_177 of sky130_fd_sc_hd__conb_1 in cell user_proj_example
Note:  Implicit pin HI in instance user_proj_example_178 of sky130_fd_sc_hd__conb_1 in cell user_proj_example
Note:  Implicit pin HI in instance user_proj_example_179 of sky130_fd_sc_hd__conb_1 in cell user_proj_example
Note:  Implicit pin HI in instance user_proj_example_180 of sky130_fd_sc_hd__conb_1 in cell user_proj_example
Note:  Implicit pin HI in instance user_proj_example_181 of sky130_fd_sc_hd__conb_1 in cell user_proj_example
Note:  Implicit pin HI in instance user_proj_example_182 of sky130_fd_sc_hd__conb_1 in cell user_proj_example
Note:  Implicit pin HI in instance user_proj_example_183 of sky130_fd_sc_hd__conb_1 in cell user_proj_example
Note:  Implicit pin HI in instance user_proj_example_184 of sky130_fd_sc_hd__conb_1 in cell user_proj_example
Note:  Implicit pin HI in instance user_proj_example_185 of sky130_fd_sc_hd__conb_1 in cell user_proj_example
Note:  Implicit pin HI in instance user_proj_example_186 of sky130_fd_sc_hd__conb_1 in cell user_proj_example
Note:  Implicit pin HI in instance user_proj_example_187 of sky130_fd_sc_hd__conb_1 in cell user_proj_example
Note:  Implicit pin HI in instance user_proj_example_188 of sky130_fd_sc_hd__conb_1 in cell user_proj_example
Note:  Implicit pin HI in instance user_proj_example_189 of sky130_fd_sc_hd__conb_1 in cell user_proj_example
Note:  Implicit pin HI in instance user_proj_example_190 of sky130_fd_sc_hd__conb_1 in cell user_proj_example
Note:  Implicit pin HI in instance user_proj_example_191 of sky130_fd_sc_hd__conb_1 in cell user_proj_example
Note:  Implicit pin HI in instance user_proj_example_192 of sky130_fd_sc_hd__conb_1 in cell user_proj_example
Note:  Implicit pin HI in instance user_proj_example_193 of sky130_fd_sc_hd__conb_1 in cell user_proj_example
Note:  Implicit pin HI in instance user_proj_example_194 of sky130_fd_sc_hd__conb_1 in cell user_proj_example
Note:  Implicit pin HI in instance user_proj_example_195 of sky130_fd_sc_hd__conb_1 in cell user_proj_example
Note:  Implicit pin HI in instance user_proj_example_196 of sky130_fd_sc_hd__conb_1 in cell user_proj_example
Note:  Implicit pin HI in instance user_proj_example_197 of sky130_fd_sc_hd__conb_1 in cell user_proj_example
Note:  Implicit pin HI in instance user_proj_example_198 of sky130_fd_sc_hd__conb_1 in cell user_proj_example
Note:  Implicit pin HI in instance user_proj_example_199 of sky130_fd_sc_hd__conb_1 in cell user_proj_example
Note:  Implicit pin HI in instance user_proj_example_200 of sky130_fd_sc_hd__conb_1 in cell user_proj_example
Note:  Implicit pin HI in instance user_proj_example_201 of sky130_fd_sc_hd__conb_1 in cell user_proj_example
Note:  Implicit pin HI in instance user_proj_example_202 of sky130_fd_sc_hd__conb_1 in cell user_proj_example
Note:  Implicit pin HI in instance user_proj_example_203 of sky130_fd_sc_hd__conb_1 in cell user_proj_example
Note:  Implicit pin HI in instance user_proj_example_204 of sky130_fd_sc_hd__conb_1 in cell user_proj_example
Note:  Implicit pin HI in instance user_proj_example_205 of sky130_fd_sc_hd__conb_1 in cell user_proj_example
Note:  Implicit pin HI in instance user_proj_example_206 of sky130_fd_sc_hd__conb_1 in cell user_proj_example
Note:  Implicit pin HI in instance user_proj_example_207 of sky130_fd_sc_hd__conb_1 in cell user_proj_example
Note:  Implicit pin HI in instance user_proj_example_208 of sky130_fd_sc_hd__conb_1 in cell user_proj_example
Note:  Implicit pin HI in instance user_proj_example_209 of sky130_fd_sc_hd__conb_1 in cell user_proj_example
Note:  Implicit pin HI in instance user_proj_example_210 of sky130_fd_sc_hd__conb_1 in cell user_proj_example
Note:  Implicit pin HI in instance user_proj_example_211 of sky130_fd_sc_hd__conb_1 in cell user_proj_example
Note:  Implicit pin HI in instance user_proj_example_212 of sky130_fd_sc_hd__conb_1 in cell user_proj_example
Note:  Implicit pin HI in instance user_proj_example_213 of sky130_fd_sc_hd__conb_1 in cell user_proj_example
Note:  Implicit pin HI in instance user_proj_example_214 of sky130_fd_sc_hd__conb_1 in cell user_proj_example
Note:  Implicit pin HI in instance user_proj_example_215 of sky130_fd_sc_hd__conb_1 in cell user_proj_example
Note:  Implicit pin HI in instance user_proj_example_216 of sky130_fd_sc_hd__conb_1 in cell user_proj_example
Note:  Implicit pin HI in instance user_proj_example_217 of sky130_fd_sc_hd__conb_1 in cell user_proj_example
Note:  Implicit pin HI in instance user_proj_example_218 of sky130_fd_sc_hd__conb_1 in cell user_proj_example
Note:  Implicit pin HI in instance user_proj_example_219 of sky130_fd_sc_hd__conb_1 in cell user_proj_example
Note:  Implicit pin HI in instance user_proj_example_220 of sky130_fd_sc_hd__conb_1 in cell user_proj_example
Note:  Implicit pin HI in instance user_proj_example_221 of sky130_fd_sc_hd__conb_1 in cell user_proj_example
Note:  Implicit pin HI in instance user_proj_example_222 of sky130_fd_sc_hd__conb_1 in cell user_proj_example
Note:  Implicit pin HI in instance user_proj_example_223 of sky130_fd_sc_hd__conb_1 in cell user_proj_example
Note:  Implicit pin HI in instance user_proj_example_224 of sky130_fd_sc_hd__conb_1 in cell user_proj_example
Note:  Implicit pin HI in instance user_proj_example_225 of sky130_fd_sc_hd__conb_1 in cell user_proj_example
Note:  Implicit pin HI in instance user_proj_example_226 of sky130_fd_sc_hd__conb_1 in cell user_proj_example
Note:  Implicit pin HI in instance user_proj_example_227 of sky130_fd_sc_hd__conb_1 in cell user_proj_example
Note:  Implicit pin HI in instance user_proj_example_228 of sky130_fd_sc_hd__conb_1 in cell user_proj_example
Note:  Implicit pin HI in instance user_proj_example_229 of sky130_fd_sc_hd__conb_1 in cell user_proj_example
Note:  Implicit pin HI in instance user_proj_example_230 of sky130_fd_sc_hd__conb_1 in cell user_proj_example
Note:  Implicit pin HI in instance user_proj_example_231 of sky130_fd_sc_hd__conb_1 in cell user_proj_example
Note:  Implicit pin HI in instance user_proj_example_232 of sky130_fd_sc_hd__conb_1 in cell user_proj_example
Note:  Implicit pin HI in instance user_proj_example_233 of sky130_fd_sc_hd__conb_1 in cell user_proj_example
Note:  Implicit pin HI in instance user_proj_example_234 of sky130_fd_sc_hd__conb_1 in cell user_proj_example
Note:  Implicit pin HI in instance user_proj_example_235 of sky130_fd_sc_hd__conb_1 in cell user_proj_example
Note:  Implicit pin HI in instance user_proj_example_236 of sky130_fd_sc_hd__conb_1 in cell user_proj_example
Note:  Implicit pin HI in instance user_proj_example_237 of sky130_fd_sc_hd__conb_1 in cell user_proj_example
Note:  Implicit pin HI in instance user_proj_example_238 of sky130_fd_sc_hd__conb_1 in cell user_proj_example
Note:  Implicit pin HI in instance user_proj_example_239 of sky130_fd_sc_hd__conb_1 in cell user_proj_example
Note:  Implicit pin HI in instance user_proj_example_240 of sky130_fd_sc_hd__conb_1 in cell user_proj_example
Note:  Implicit pin HI in instance user_proj_example_241 of sky130_fd_sc_hd__conb_1 in cell user_proj_example
Note:  Implicit pin HI in instance user_proj_example_242 of sky130_fd_sc_hd__conb_1 in cell user_proj_example
Note:  Implicit pin HI in instance user_proj_example_243 of sky130_fd_sc_hd__conb_1 in cell user_proj_example
Note:  Implicit pin HI in instance user_proj_example_244 of sky130_fd_sc_hd__conb_1 in cell user_proj_example
Note:  Implicit pin HI in instance user_proj_example_245 of sky130_fd_sc_hd__conb_1 in cell user_proj_example
Note:  Implicit pin HI in instance user_proj_example_246 of sky130_fd_sc_hd__conb_1 in cell user_proj_example
Note:  Implicit pin HI in instance user_proj_example_247 of sky130_fd_sc_hd__conb_1 in cell user_proj_example
Note:  Implicit pin HI in instance user_proj_example_248 of sky130_fd_sc_hd__conb_1 in cell user_proj_example
Note:  Implicit pin HI in instance user_proj_example_249 of sky130_fd_sc_hd__conb_1 in cell user_proj_example
Note:  Implicit pin HI in instance user_proj_example_250 of sky130_fd_sc_hd__conb_1 in cell user_proj_example
Note:  Implicit pin HI in instance user_proj_example_251 of sky130_fd_sc_hd__conb_1 in cell user_proj_example
Note:  Implicit pin HI in instance user_proj_example_252 of sky130_fd_sc_hd__conb_1 in cell user_proj_example
Note:  Implicit pin HI in instance user_proj_example_253 of sky130_fd_sc_hd__conb_1 in cell user_proj_example
Note:  Implicit pin HI in instance user_proj_example_254 of sky130_fd_sc_hd__conb_1 in cell user_proj_example
Note:  Implicit pin HI in instance user_proj_example_255 of sky130_fd_sc_hd__conb_1 in cell user_proj_example
Note:  Implicit pin HI in instance user_proj_example_256 of sky130_fd_sc_hd__conb_1 in cell user_proj_example
Note:  Implicit pin HI in instance user_proj_example_257 of sky130_fd_sc_hd__conb_1 in cell user_proj_example
Note:  Implicit pin HI in instance user_proj_example_258 of sky130_fd_sc_hd__conb_1 in cell user_proj_example
Note:  Implicit pin HI in instance user_proj_example_259 of sky130_fd_sc_hd__conb_1 in cell user_proj_example
Note:  Implicit pin HI in instance user_proj_example_260 of sky130_fd_sc_hd__conb_1 in cell user_proj_example
Note:  Implicit pin HI in instance user_proj_example_261 of sky130_fd_sc_hd__conb_1 in cell user_proj_example
Note:  Implicit pin HI in instance user_proj_example_262 of sky130_fd_sc_hd__conb_1 in cell user_proj_example
Note:  Implicit pin HI in instance user_proj_example_263 of sky130_fd_sc_hd__conb_1 in cell user_proj_example
Note:  Implicit pin HI in instance user_proj_example_264 of sky130_fd_sc_hd__conb_1 in cell user_proj_example
Note:  Implicit pin HI in instance user_proj_example_265 of sky130_fd_sc_hd__conb_1 in cell user_proj_example
Note:  Implicit pin HI in instance user_proj_example_266 of sky130_fd_sc_hd__conb_1 in cell user_proj_example
Note:  Implicit pin HI in instance user_proj_example_267 of sky130_fd_sc_hd__conb_1 in cell user_proj_example
Note:  Implicit pin HI in instance user_proj_example_268 of sky130_fd_sc_hd__conb_1 in cell user_proj_example
Note:  Implicit pin HI in instance user_proj_example_269 of sky130_fd_sc_hd__conb_1 in cell user_proj_example
Note:  Implicit pin HI in instance user_proj_example_270 of sky130_fd_sc_hd__conb_1 in cell user_proj_example
Note:  Implicit pin HI in instance user_proj_example_271 of sky130_fd_sc_hd__conb_1 in cell user_proj_example
Note:  Implicit pin HI in instance user_proj_example_141 of sky130_fd_sc_hd__conb_1 in cell user_proj_example
Note:  Implicit pin X in instance clkload0 of sky130_fd_sc_hd__clkbuf_8 in cell user_proj_example
Note:  Implicit pin X in instance clkload1 of sky130_fd_sc_hd__clkbuf_4 in cell user_proj_example
Note:  Implicit pin X in instance clkload2 of sky130_fd_sc_hd__clkbuf_4 in cell user_proj_example
Reading source /home/baungarten/Desktop/lacerta_march/verilog/gl/user_project_wrapper.v...
Warning:  A case-insensitive file has been read and so the	verilog file must be treated case-insensitive to match.
Note:  Implicit pin HI in instance user_project_wrapper_3213 of sky130_fd_sc_hd__conb_1 in cell user_project_wrapper
Note:  Implicit pin HI in instance user_project_wrapper_3214 of sky130_fd_sc_hd__conb_1 in cell user_project_wrapper
Note:  Implicit pin HI in instance user_project_wrapper_3215 of sky130_fd_sc_hd__conb_1 in cell user_project_wrapper
Note:  Implicit pin HI in instance user_project_wrapper_3216 of sky130_fd_sc_hd__conb_1 in cell user_project_wrapper
Note:  Implicit pin HI in instance user_project_wrapper_3217 of sky130_fd_sc_hd__conb_1 in cell user_project_wrapper
Note:  Implicit pin HI in instance user_project_wrapper_3218 of sky130_fd_sc_hd__conb_1 in cell user_project_wrapper
Note:  Implicit pin HI in instance user_project_wrapper_3219 of sky130_fd_sc_hd__conb_1 in cell user_project_wrapper
Note:  Implicit pin HI in instance user_project_wrapper_3220 of sky130_fd_sc_hd__conb_1 in cell user_project_wrapper
Note:  Implicit pin HI in instance user_project_wrapper_3221 of sky130_fd_sc_hd__conb_1 in cell user_project_wrapper
Note:  Implicit pin HI in instance user_project_wrapper_3222 of sky130_fd_sc_hd__conb_1 in cell user_project_wrapper
Note:  Implicit pin HI in instance user_project_wrapper_3223 of sky130_fd_sc_hd__conb_1 in cell user_project_wrapper
Note:  Implicit pin HI in instance user_project_wrapper_3224 of sky130_fd_sc_hd__conb_1 in cell user_project_wrapper
Note:  Implicit pin HI in instance user_project_wrapper_3225 of sky130_fd_sc_hd__conb_1 in cell user_project_wrapper
Note:  Implicit pin HI in instance user_project_wrapper_3226 of sky130_fd_sc_hd__conb_1 in cell user_project_wrapper
Note:  Implicit pin HI in instance user_project_wrapper_3227 of sky130_fd_sc_hd__conb_1 in cell user_project_wrapper
Note:  Implicit pin HI in instance user_project_wrapper_3228 of sky130_fd_sc_hd__conb_1 in cell user_project_wrapper
Note:  Implicit pin HI in instance user_project_wrapper_3229 of sky130_fd_sc_hd__conb_1 in cell user_project_wrapper
Note:  Implicit pin HI in instance user_project_wrapper_3230 of sky130_fd_sc_hd__conb_1 in cell user_project_wrapper
Note:  Implicit pin HI in instance user_project_wrapper_3231 of sky130_fd_sc_hd__conb_1 in cell user_project_wrapper
Note:  Implicit pin HI in instance user_project_wrapper_3232 of sky130_fd_sc_hd__conb_1 in cell user_project_wrapper
Note:  Implicit pin HI in instance user_project_wrapper_3233 of sky130_fd_sc_hd__conb_1 in cell user_project_wrapper
Note:  Implicit pin HI in instance user_project_wrapper_3234 of sky130_fd_sc_hd__conb_1 in cell user_project_wrapper
Note:  Implicit pin HI in instance user_project_wrapper_3235 of sky130_fd_sc_hd__conb_1 in cell user_project_wrapper
Note:  Implicit pin HI in instance user_project_wrapper_3236 of sky130_fd_sc_hd__conb_1 in cell user_project_wrapper
Note:  Implicit pin HI in instance user_project_wrapper_3237 of sky130_fd_sc_hd__conb_1 in cell user_project_wrapper
Note:  Implicit pin HI in instance user_project_wrapper_3238 of sky130_fd_sc_hd__conb_1 in cell user_project_wrapper
Note:  Implicit pin HI in instance user_project_wrapper_3239 of sky130_fd_sc_hd__conb_1 in cell user_project_wrapper
Note:  Implicit pin HI in instance user_project_wrapper_3240 of sky130_fd_sc_hd__conb_1 in cell user_project_wrapper
Note:  Implicit pin HI in instance user_project_wrapper_3241 of sky130_fd_sc_hd__conb_1 in cell user_project_wrapper
Note:  Implicit pin HI in instance user_project_wrapper_3242 of sky130_fd_sc_hd__conb_1 in cell user_project_wrapper
Note:  Implicit pin HI in instance user_project_wrapper_3243 of sky130_fd_sc_hd__conb_1 in cell user_project_wrapper
Note:  Implicit pin HI in instance user_project_wrapper_3244 of sky130_fd_sc_hd__conb_1 in cell user_project_wrapper
Note:  Implicit pin HI in instance user_project_wrapper_3245 of sky130_fd_sc_hd__conb_1 in cell user_project_wrapper
Note:  Implicit pin HI in instance user_project_wrapper_3246 of sky130_fd_sc_hd__conb_1 in cell user_project_wrapper
Note:  Implicit pin HI in instance user_project_wrapper_3247 of sky130_fd_sc_hd__conb_1 in cell user_project_wrapper
Note:  Implicit pin HI in instance user_project_wrapper_3248 of sky130_fd_sc_hd__conb_1 in cell user_project_wrapper
Note:  Implicit pin HI in instance user_project_wrapper_3249 of sky130_fd_sc_hd__conb_1 in cell user_project_wrapper
Note:  Implicit pin HI in instance user_project_wrapper_3250 of sky130_fd_sc_hd__conb_1 in cell user_project_wrapper
Note:  Implicit pin HI in instance user_project_wrapper_3251 of sky130_fd_sc_hd__conb_1 in cell user_project_wrapper
Note:  Implicit pin HI in instance user_project_wrapper_3252 of sky130_fd_sc_hd__conb_1 in cell user_project_wrapper
Note:  Implicit pin HI in instance user_project_wrapper_3253 of sky130_fd_sc_hd__conb_1 in cell user_project_wrapper
Note:  Implicit pin HI in instance user_project_wrapper_3254 of sky130_fd_sc_hd__conb_1 in cell user_project_wrapper
Note:  Implicit pin HI in instance user_project_wrapper_3255 of sky130_fd_sc_hd__conb_1 in cell user_project_wrapper
Note:  Implicit pin HI in instance user_project_wrapper_3256 of sky130_fd_sc_hd__conb_1 in cell user_project_wrapper
Note:  Implicit pin HI in instance user_project_wrapper_3257 of sky130_fd_sc_hd__conb_1 in cell user_project_wrapper
Note:  Implicit pin HI in instance user_project_wrapper_3258 of sky130_fd_sc_hd__conb_1 in cell user_project_wrapper
Note:  Implicit pin HI in instance user_project_wrapper_3259 of sky130_fd_sc_hd__conb_1 in cell user_project_wrapper
Note:  Implicit pin HI in instance user_project_wrapper_3260 of sky130_fd_sc_hd__conb_1 in cell user_project_wrapper
Note:  Implicit pin HI in instance user_project_wrapper_3261 of sky130_fd_sc_hd__conb_1 in cell user_project_wrapper
Note:  Implicit pin HI in instance user_project_wrapper_3262 of sky130_fd_sc_hd__conb_1 in cell user_project_wrapper
Note:  Implicit pin HI in instance user_project_wrapper_3263 of sky130_fd_sc_hd__conb_1 in cell user_project_wrapper
Note:  Implicit pin HI in instance user_project_wrapper_3264 of sky130_fd_sc_hd__conb_1 in cell user_project_wrapper
Note:  Implicit pin HI in instance user_project_wrapper_3265 of sky130_fd_sc_hd__conb_1 in cell user_project_wrapper
Note:  Implicit pin HI in instance user_project_wrapper_3266 of sky130_fd_sc_hd__conb_1 in cell user_project_wrapper
Note:  Implicit pin HI in instance user_project_wrapper_3267 of sky130_fd_sc_hd__conb_1 in cell user_project_wrapper
Note:  Implicit pin HI in instance user_project_wrapper_3268 of sky130_fd_sc_hd__conb_1 in cell user_project_wrapper
Note:  Implicit pin HI in instance user_project_wrapper_3269 of sky130_fd_sc_hd__conb_1 in cell user_project_wrapper
Note:  Implicit pin HI in instance user_project_wrapper_3270 of sky130_fd_sc_hd__conb_1 in cell user_project_wrapper
Note:  Implicit pin HI in instance user_project_wrapper_3271 of sky130_fd_sc_hd__conb_1 in cell user_project_wrapper
Note:  Implicit pin HI in instance user_project_wrapper_3272 of sky130_fd_sc_hd__conb_1 in cell user_project_wrapper
Note:  Implicit pin HI in instance user_project_wrapper_3273 of sky130_fd_sc_hd__conb_1 in cell user_project_wrapper
Note:  Implicit pin HI in instance user_project_wrapper_3274 of sky130_fd_sc_hd__conb_1 in cell user_project_wrapper
Note:  Implicit pin HI in instance user_project_wrapper_3275 of sky130_fd_sc_hd__conb_1 in cell user_project_wrapper
Note:  Implicit pin HI in instance user_project_wrapper_3276 of sky130_fd_sc_hd__conb_1 in cell user_project_wrapper
Note:  Implicit pin HI in instance user_project_wrapper_3277 of sky130_fd_sc_hd__conb_1 in cell user_project_wrapper
Note:  Implicit pin HI in instance user_project_wrapper_3278 of sky130_fd_sc_hd__conb_1 in cell user_project_wrapper
Note:  Implicit pin HI in instance user_project_wrapper_3279 of sky130_fd_sc_hd__conb_1 in cell user_project_wrapper
Note:  Implicit pin HI in instance user_project_wrapper_3280 of sky130_fd_sc_hd__conb_1 in cell user_project_wrapper
Note:  Implicit pin HI in instance user_project_wrapper_3281 of sky130_fd_sc_hd__conb_1 in cell user_project_wrapper
Note:  Implicit pin HI in instance user_project_wrapper_3282 of sky130_fd_sc_hd__conb_1 in cell user_project_wrapper
Note:  Implicit pin HI in instance user_project_wrapper_3283 of sky130_fd_sc_hd__conb_1 in cell user_project_wrapper
Note:  Implicit pin HI in instance user_project_wrapper_3284 of sky130_fd_sc_hd__conb_1 in cell user_project_wrapper
Note:  Implicit pin HI in instance user_project_wrapper_3285 of sky130_fd_sc_hd__conb_1 in cell user_project_wrapper
Note:  Implicit pin HI in instance user_project_wrapper_3286 of sky130_fd_sc_hd__conb_1 in cell user_project_wrapper
Note:  Implicit pin HI in instance user_project_wrapper_3287 of sky130_fd_sc_hd__conb_1 in cell user_project_wrapper
Note:  Implicit pin HI in instance user_project_wrapper_3288 of sky130_fd_sc_hd__conb_1 in cell user_project_wrapper
Note:  Implicit pin HI in instance user_project_wrapper_3289 of sky130_fd_sc_hd__conb_1 in cell user_project_wrapper
Note:  Implicit pin HI in instance user_project_wrapper_3290 of sky130_fd_sc_hd__conb_1 in cell user_project_wrapper
Note:  Implicit pin HI in instance user_project_wrapper_3291 of sky130_fd_sc_hd__conb_1 in cell user_project_wrapper
Note:  Implicit pin HI in instance user_project_wrapper_3292 of sky130_fd_sc_hd__conb_1 in cell user_project_wrapper
Note:  Implicit pin HI in instance user_project_wrapper_3293 of sky130_fd_sc_hd__conb_1 in cell user_project_wrapper
Note:  Implicit pin HI in instance user_project_wrapper_3294 of sky130_fd_sc_hd__conb_1 in cell user_project_wrapper
Note:  Implicit pin HI in instance user_project_wrapper_3295 of sky130_fd_sc_hd__conb_1 in cell user_project_wrapper
Note:  Implicit pin HI in instance user_project_wrapper_3296 of sky130_fd_sc_hd__conb_1 in cell user_project_wrapper
Note:  Implicit pin HI in instance user_project_wrapper_3297 of sky130_fd_sc_hd__conb_1 in cell user_project_wrapper
Note:  Implicit pin HI in instance user_project_wrapper_3298 of sky130_fd_sc_hd__conb_1 in cell user_project_wrapper
Note:  Implicit pin HI in instance user_project_wrapper_3299 of sky130_fd_sc_hd__conb_1 in cell user_project_wrapper
Note:  Implicit pin HI in instance user_project_wrapper_3300 of sky130_fd_sc_hd__conb_1 in cell user_project_wrapper
Note:  Implicit pin HI in instance user_project_wrapper_3301 of sky130_fd_sc_hd__conb_1 in cell user_project_wrapper
Note:  Implicit pin HI in instance user_project_wrapper_3302 of sky130_fd_sc_hd__conb_1 in cell user_project_wrapper
Note:  Implicit pin HI in instance user_project_wrapper_3303 of sky130_fd_sc_hd__conb_1 in cell user_project_wrapper
Note:  Implicit pin HI in instance user_project_wrapper_3304 of sky130_fd_sc_hd__conb_1 in cell user_project_wrapper
Note:  Implicit pin HI in instance user_project_wrapper_3305 of sky130_fd_sc_hd__conb_1 in cell user_project_wrapper
Note:  Implicit pin HI in instance user_project_wrapper_3306 of sky130_fd_sc_hd__conb_1 in cell user_project_wrapper
Note:  Implicit pin HI in instance user_project_wrapper_3307 of sky130_fd_sc_hd__conb_1 in cell user_project_wrapper
Note:  Implicit pin HI in instance user_project_wrapper_3308 of sky130_fd_sc_hd__conb_1 in cell user_project_wrapper
Note:  Implicit pin HI in instance user_project_wrapper_3309 of sky130_fd_sc_hd__conb_1 in cell user_project_wrapper
Note:  Implicit pin HI in instance user_project_wrapper_3310 of sky130_fd_sc_hd__conb_1 in cell user_project_wrapper
Note:  Implicit pin HI in instance user_project_wrapper_3311 of sky130_fd_sc_hd__conb_1 in cell user_project_wrapper
Note:  Implicit pin HI in instance user_project_wrapper_3312 of sky130_fd_sc_hd__conb_1 in cell user_project_wrapper
Note:  Implicit pin HI in instance user_project_wrapper_3313 of sky130_fd_sc_hd__conb_1 in cell user_project_wrapper
Note:  Implicit pin HI in instance user_project_wrapper_3314 of sky130_fd_sc_hd__conb_1 in cell user_project_wrapper
Note:  Implicit pin HI in instance user_project_wrapper_3315 of sky130_fd_sc_hd__conb_1 in cell user_project_wrapper
Note:  Implicit pin HI in instance user_project_wrapper_3316 of sky130_fd_sc_hd__conb_1 in cell user_project_wrapper
Note:  Implicit pin HI in instance user_project_wrapper_3317 of sky130_fd_sc_hd__conb_1 in cell user_project_wrapper
Note:  Implicit pin HI in instance user_project_wrapper_3318 of sky130_fd_sc_hd__conb_1 in cell user_project_wrapper
Note:  Implicit pin HI in instance user_project_wrapper_3319 of sky130_fd_sc_hd__conb_1 in cell user_project_wrapper
Note:  Implicit pin HI in instance user_project_wrapper_3320 of sky130_fd_sc_hd__conb_1 in cell user_project_wrapper
Note:  Implicit pin HI in instance user_project_wrapper_3321 of sky130_fd_sc_hd__conb_1 in cell user_project_wrapper
Note:  Implicit pin HI in instance user_project_wrapper_3322 of sky130_fd_sc_hd__conb_1 in cell user_project_wrapper
Note:  Implicit pin HI in instance user_project_wrapper_3323 of sky130_fd_sc_hd__conb_1 in cell user_project_wrapper
Note:  Implicit pin HI in instance user_project_wrapper_3324 of sky130_fd_sc_hd__conb_1 in cell user_project_wrapper
Note:  Implicit pin HI in instance user_project_wrapper_3325 of sky130_fd_sc_hd__conb_1 in cell user_project_wrapper
Note:  Implicit pin HI in instance user_project_wrapper_3326 of sky130_fd_sc_hd__conb_1 in cell user_project_wrapper
Note:  Implicit pin HI in instance user_project_wrapper_3327 of sky130_fd_sc_hd__conb_1 in cell user_project_wrapper
Note:  Implicit pin HI in instance user_project_wrapper_3328 of sky130_fd_sc_hd__conb_1 in cell user_project_wrapper
Note:  Implicit pin HI in instance user_project_wrapper_3329 of sky130_fd_sc_hd__conb_1 in cell user_project_wrapper
Note:  Implicit pin HI in instance user_project_wrapper_3330 of sky130_fd_sc_hd__conb_1 in cell user_project_wrapper
Note:  Implicit pin HI in instance user_project_wrapper_3331 of sky130_fd_sc_hd__conb_1 in cell user_project_wrapper
Note:  Implicit pin HI in instance user_project_wrapper_3332 of sky130_fd_sc_hd__conb_1 in cell user_project_wrapper
Note:  Implicit pin HI in instance user_project_wrapper_3333 of sky130_fd_sc_hd__conb_1 in cell user_project_wrapper
Note:  Implicit pin HI in instance user_project_wrapper_3334 of sky130_fd_sc_hd__conb_1 in cell user_project_wrapper
Note:  Implicit pin HI in instance user_project_wrapper_3335 of sky130_fd_sc_hd__conb_1 in cell user_project_wrapper
Note:  Implicit pin HI in instance user_project_wrapper_3336 of sky130_fd_sc_hd__conb_1 in cell user_project_wrapper
Note:  Implicit pin HI in instance user_project_wrapper_3337 of sky130_fd_sc_hd__conb_1 in cell user_project_wrapper
Note:  Implicit pin HI in instance user_project_wrapper_3338 of sky130_fd_sc_hd__conb_1 in cell user_project_wrapper
Note:  Implicit pin HI in instance user_project_wrapper_3339 of sky130_fd_sc_hd__conb_1 in cell user_project_wrapper
Note:  Implicit pin HI in instance user_project_wrapper_3340 of sky130_fd_sc_hd__conb_1 in cell user_project_wrapper
Note:  Implicit pin HI in instance user_project_wrapper_3341 of sky130_fd_sc_hd__conb_1 in cell user_project_wrapper
Note:  Implicit pin HI in instance user_project_wrapper_3342 of sky130_fd_sc_hd__conb_1 in cell user_project_wrapper
Note:  Implicit pin HI in instance user_project_wrapper_3343 of sky130_fd_sc_hd__conb_1 in cell user_project_wrapper
Note:  Implicit pin HI in instance user_project_wrapper_3344 of sky130_fd_sc_hd__conb_1 in cell user_project_wrapper
Note:  Implicit pin HI in instance user_project_wrapper_3345 of sky130_fd_sc_hd__conb_1 in cell user_project_wrapper
Note:  Implicit pin HI in instance user_project_wrapper_3346 of sky130_fd_sc_hd__conb_1 in cell user_project_wrapper
Note:  Implicit pin HI in instance user_project_wrapper_3347 of sky130_fd_sc_hd__conb_1 in cell user_project_wrapper
Note:  Implicit pin HI in instance user_project_wrapper_3348 of sky130_fd_sc_hd__conb_1 in cell user_project_wrapper
Note:  Implicit pin HI in instance user_project_wrapper_3349 of sky130_fd_sc_hd__conb_1 in cell user_project_wrapper
Note:  Implicit pin HI in instance user_project_wrapper_3350 of sky130_fd_sc_hd__conb_1 in cell user_project_wrapper
Note:  Implicit pin HI in instance user_project_wrapper_3351 of sky130_fd_sc_hd__conb_1 in cell user_project_wrapper
Note:  Implicit pin HI in instance user_project_wrapper_3352 of sky130_fd_sc_hd__conb_1 in cell user_project_wrapper
Note:  Implicit pin HI in instance user_project_wrapper_3353 of sky130_fd_sc_hd__conb_1 in cell user_project_wrapper
Note:  Implicit pin HI in instance user_project_wrapper_3354 of sky130_fd_sc_hd__conb_1 in cell user_project_wrapper
Note:  Implicit pin HI in instance user_project_wrapper_3355 of sky130_fd_sc_hd__conb_1 in cell user_project_wrapper
Note:  Implicit pin HI in instance user_project_wrapper_3356 of sky130_fd_sc_hd__conb_1 in cell user_project_wrapper
Note:  Implicit pin HI in instance user_project_wrapper_3357 of sky130_fd_sc_hd__conb_1 in cell user_project_wrapper
Note:  Implicit pin HI in instance user_project_wrapper_3358 of sky130_fd_sc_hd__conb_1 in cell user_project_wrapper
Note:  Implicit pin HI in instance user_project_wrapper_3359 of sky130_fd_sc_hd__conb_1 in cell user_project_wrapper
Note:  Implicit pin HI in instance user_project_wrapper_3360 of sky130_fd_sc_hd__conb_1 in cell user_project_wrapper
Note:  Implicit pin HI in instance user_project_wrapper_3361 of sky130_fd_sc_hd__conb_1 in cell user_project_wrapper
Note:  Implicit pin HI in instance user_project_wrapper_3362 of sky130_fd_sc_hd__conb_1 in cell user_project_wrapper
Note:  Implicit pin HI in instance user_project_wrapper_3363 of sky130_fd_sc_hd__conb_1 in cell user_project_wrapper
Note:  Implicit pin HI in instance user_project_wrapper_3364 of sky130_fd_sc_hd__conb_1 in cell user_project_wrapper
Note:  Implicit pin HI in instance user_project_wrapper_3365 of sky130_fd_sc_hd__conb_1 in cell user_project_wrapper
Note:  Implicit pin HI in instance user_project_wrapper_3366 of sky130_fd_sc_hd__conb_1 in cell user_project_wrapper
Note:  Implicit pin HI in instance user_project_wrapper_3367 of sky130_fd_sc_hd__conb_1 in cell user_project_wrapper
Note:  Implicit pin HI in instance user_project_wrapper_3368 of sky130_fd_sc_hd__conb_1 in cell user_project_wrapper
Note:  Implicit pin HI in instance user_project_wrapper_3369 of sky130_fd_sc_hd__conb_1 in cell user_project_wrapper
Note:  Implicit pin HI in instance user_project_wrapper_3370 of sky130_fd_sc_hd__conb_1 in cell user_project_wrapper
Note:  Implicit pin HI in instance user_project_wrapper_3371 of sky130_fd_sc_hd__conb_1 in cell user_project_wrapper
Note:  Implicit pin HI in instance user_project_wrapper_3372 of sky130_fd_sc_hd__conb_1 in cell user_project_wrapper
Note:  Implicit pin HI in instance user_project_wrapper_3373 of sky130_fd_sc_hd__conb_1 in cell user_project_wrapper
Note:  Implicit pin HI in instance user_project_wrapper_3374 of sky130_fd_sc_hd__conb_1 in cell user_project_wrapper
Note:  Implicit pin HI in instance user_project_wrapper_3375 of sky130_fd_sc_hd__conb_1 in cell user_project_wrapper
Note:  Implicit pin HI in instance user_project_wrapper_3376 of sky130_fd_sc_hd__conb_1 in cell user_project_wrapper
Note:  Implicit pin HI in instance user_project_wrapper_3377 of sky130_fd_sc_hd__conb_1 in cell user_project_wrapper
Note:  Implicit pin HI in instance user_project_wrapper_3212 of sky130_fd_sc_hd__conb_1 in cell user_project_wrapper
Note:  Implicit pin Y in instance clkload0 of sky130_fd_sc_hd__inv_8 in cell user_project_wrapper
Note:  Implicit pin Y in instance clkload1 of sky130_fd_sc_hd__clkinvlp_4 in cell user_project_wrapper
Note:  Implicit pin Y in instance clkload2 of sky130_fd_sc_hd__clkinvlp_4 in cell user_project_wrapper
Note:  Implicit pin Y in instance clkload3 of sky130_fd_sc_hd__clkinvlp_4 in cell user_project_wrapper
Note:  Implicit pin Y in instance clkload4 of sky130_fd_sc_hd__inv_6 in cell user_project_wrapper
Note:  Implicit pin Y in instance clkload5 of sky130_fd_sc_hd__inv_8 in cell user_project_wrapper
Note:  Implicit pin Y in instance clkload6 of sky130_fd_sc_hd__inv_6 in cell user_project_wrapper
Note:  Implicit pin Y in instance clkload7 of sky130_fd_sc_hd__inv_8 in cell user_project_wrapper
Note:  Implicit pin Y in instance clkload8 of sky130_fd_sc_hd__clkinvlp_4 in cell user_project_wrapper
Note:  Implicit pin Y in instance clkload9 of sky130_fd_sc_hd__inv_8 in cell user_project_wrapper
Note:  Implicit pin Y in instance clkload10 of sky130_fd_sc_hd__clkinv_4 in cell user_project_wrapper
Note:  Implicit pin Y in instance clkload11 of sky130_fd_sc_hd__bufinv_16 in cell user_project_wrapper
Note:  Implicit pin Y in instance clkload12 of sky130_fd_sc_hd__bufinv_16 in cell user_project_wrapper
Note:  Implicit pin Y in instance clkload13 of sky130_fd_sc_hd__clkinv_4 in cell user_project_wrapper
Note:  Implicit pin Y in instance clkload14 of sky130_fd_sc_hd__inv_8 in cell user_project_wrapper
Note:  Implicit pin X in instance clkload15 of sky130_fd_sc_hd__clkbuf_8 in cell user_project_wrapper
Note:  Implicit pin X in instance clkload16 of sky130_fd_sc_hd__clkbuf_8 in cell user_project_wrapper
Note:  Implicit pin Y in instance clkload17 of sky130_fd_sc_hd__clkinv_4 in cell user_project_wrapper
Note:  Implicit pin X in instance clkload18 of sky130_fd_sc_hd__clkbuf_4 in cell user_project_wrapper
Note:  Implicit pin X in instance clkload19 of sky130_fd_sc_hd__clkbuf_4 in cell user_project_wrapper
Note:  Implicit pin X in instance clkload20 of sky130_fd_sc_hd__clkbuf_4 in cell user_project_wrapper
Note:  Implicit pin Y in instance clkload21 of sky130_fd_sc_hd__inv_6 in cell user_project_wrapper
Note:  Implicit pin Y in instance clkload22 of sky130_fd_sc_hd__inv_8 in cell user_project_wrapper
Note:  Implicit pin X in instance clkload23 of sky130_fd_sc_hd__clkbuf_8 in cell user_project_wrapper
Note:  Implicit pin Y in instance clkload24 of sky130_fd_sc_hd__inv_6 in cell user_project_wrapper
Note:  Implicit pin Y in instance clkload25 of sky130_fd_sc_hd__inv_6 in cell user_project_wrapper
Note:  Implicit pin Y in instance clkload26 of sky130_fd_sc_hd__inv_8 in cell user_project_wrapper
Note:  Implicit pin X in instance clkload27 of sky130_fd_sc_hd__clkbuf_8 in cell user_project_wrapper
Note:  Implicit pin Y in instance clkload28 of sky130_fd_sc_hd__clkinvlp_4 in cell user_project_wrapper
Note:  Implicit pin Y in instance clkload29 of sky130_fd_sc_hd__inv_6 in cell user_project_wrapper
Note:  Implicit pin Y in instance clkload30 of sky130_fd_sc_hd__inv_8 in cell user_project_wrapper
Note:  Implicit pin Y in instance clkload31 of sky130_fd_sc_hd__inv_8 in cell user_project_wrapper
Note:  Implicit pin Y in instance clkload32 of sky130_fd_sc_hd__clkinv_4 in cell user_project_wrapper
Note:  Implicit pin Y in instance clkload33 of sky130_fd_sc_hd__inv_6 in cell user_project_wrapper
Note:  Implicit pin Y in instance clkload34 of sky130_fd_sc_hd__clkinv_2 in cell user_project_wrapper
Note:  Implicit pin Y in instance clkload35 of sky130_fd_sc_hd__clkinvlp_4 in cell user_project_wrapper
Note:  Implicit pin Y in instance clkload36 of sky130_fd_sc_hd__clkinvlp_4 in cell user_project_wrapper
Note:  Implicit pin Y in instance clkload37 of sky130_fd_sc_hd__inv_6 in cell user_project_wrapper
Note:  Implicit pin Y in instance clkload38 of sky130_fd_sc_hd__inv_8 in cell user_project_wrapper
Note:  Implicit pin Y in instance clkload39 of sky130_fd_sc_hd__clkinv_4 in cell user_project_wrapper
Note:  Implicit pin Y in instance clkload40 of sky130_fd_sc_hd__clkinv_8 in cell user_project_wrapper
Note:  Implicit pin Y in instance clkload41 of sky130_fd_sc_hd__inv_6 in cell user_project_wrapper
Note:  Implicit pin Y in instance clkload42 of sky130_fd_sc_hd__inv_8 in cell user_project_wrapper
Note:  Implicit pin Y in instance clkload43 of sky130_fd_sc_hd__clkinvlp_4 in cell user_project_wrapper
Note:  Implicit pin Y in instance clkload44 of sky130_fd_sc_hd__inv_6 in cell user_project_wrapper
Note:  Implicit pin Y in instance clkload45 of sky130_fd_sc_hd__clkinvlp_4 in cell user_project_wrapper
Note:  Implicit pin X in instance clkload46 of sky130_fd_sc_hd__clkbuf_8 in cell user_project_wrapper
Note:  Implicit pin X in instance clkload47 of sky130_fd_sc_hd__clkbuf_8 in cell user_project_wrapper
Note:  Implicit pin X in instance clkload48 of sky130_fd_sc_hd__clkbuf_8 in cell user_project_wrapper
Note:  Implicit pin Y in instance clkload49 of sky130_fd_sc_hd__clkinv_4 in cell user_project_wrapper
Note:  Implicit pin X in instance clkload50 of sky130_fd_sc_hd__clkbuf_2 in cell user_project_wrapper
Note:  Implicit pin X in instance clkload51 of sky130_fd_sc_hd__clkbuf_2 in cell user_project_wrapper
Note:  Implicit pin Y in instance clkload52 of sky130_fd_sc_hd__inv_6 in cell user_project_wrapper
Note:  Implicit pin Y in instance clkload53 of sky130_fd_sc_hd__inv_6 in cell user_project_wrapper
Note:  Implicit pin Y in instance clkload54 of sky130_fd_sc_hd__clkinvlp_4 in cell user_project_wrapper
Note:  Implicit pin X in instance clkload55 of sky130_fd_sc_hd__clkbuf_2 in cell user_project_wrapper
Note:  Implicit pin X in instance clkload56 of sky130_fd_sc_hd__clkbuf_2 in cell user_project_wrapper
Note:  Implicit pin X in instance clkload57 of sky130_fd_sc_hd__clkbuf_8 in cell user_project_wrapper
Note:  Implicit pin Y in instance clkload58 of sky130_fd_sc_hd__clkinvlp_4 in cell user_project_wrapper
Note:  Implicit pin Y in instance clkload59 of sky130_fd_sc_hd__inv_6 in cell user_project_wrapper
Note:  Implicit pin Y in instance clkload60 of sky130_fd_sc_hd__bufinv_16 in cell user_project_wrapper
Note:  Implicit pin Y in instance clkload61 of sky130_fd_sc_hd__inv_8 in cell user_project_wrapper
Note:  Implicit pin Y in instance clkload62 of sky130_fd_sc_hd__clkinv_8 in cell user_project_wrapper
Note:  Implicit pin Y in instance clkload63 of sky130_fd_sc_hd__clkinvlp_4 in cell user_project_wrapper
Note:  Implicit pin Y in instance clkload64 of sky130_fd_sc_hd__inv_6 in cell user_project_wrapper
Note:  Implicit pin Y in instance clkload65 of sky130_fd_sc_hd__clkinv_4 in cell user_project_wrapper
Note:  Implicit pin X in instance clkload66 of sky130_fd_sc_hd__clkbuf_8 in cell user_project_wrapper
Note:  Implicit pin X in instance clkload67 of sky130_fd_sc_hd__clkbuf_2 in cell user_project_wrapper
Note:  Implicit pin Y in instance clkload68 of sky130_fd_sc_hd__clkinvlp_4 in cell user_project_wrapper
Note:  Implicit pin X in instance clkload69 of sky130_fd_sc_hd__clkbuf_8 in cell user_project_wrapper
Note:  Implicit pin Y in instance clkload70 of sky130_fd_sc_hd__bufinv_16 in cell user_project_wrapper
Note:  Implicit pin Y in instance clkload71 of sky130_fd_sc_hd__clkinvlp_4 in cell user_project_wrapper
Note:  Implicit pin X in instance clkload72 of sky130_fd_sc_hd__clkbuf_2 in cell user_project_wrapper
Note:  Implicit pin X in instance clkload73 of sky130_fd_sc_hd__clkbuf_8 in cell user_project_wrapper
Note:  Implicit pin Y in instance clkload74 of sky130_fd_sc_hd__clkinvlp_4 in cell user_project_wrapper
Note:  Implicit pin Y in instance clkload75 of sky130_fd_sc_hd__clkinv_8 in cell user_project_wrapper
Note:  Implicit pin Y in instance clkload76 of sky130_fd_sc_hd__inv_12 in cell user_project_wrapper
Note:  Implicit pin Y in instance clkload77 of sky130_fd_sc_hd__inv_12 in cell user_project_wrapper
Note:  Implicit pin Y in instance clkload78 of sky130_fd_sc_hd__clkinvlp_4 in cell user_project_wrapper
Note:  Implicit pin Y in instance clkload79 of sky130_fd_sc_hd__clkinvlp_4 in cell user_project_wrapper
Note:  Implicit pin Y in instance clkload80 of sky130_fd_sc_hd__inv_6 in cell user_project_wrapper
Note:  Implicit pin X in instance clkload81 of sky130_fd_sc_hd__clkbuf_8 in cell user_project_wrapper
Note:  Implicit pin Y in instance clkload82 of sky130_fd_sc_hd__inv_6 in cell user_project_wrapper
Note:  Implicit pin Y in instance clkload83 of sky130_fd_sc_hd__clkinvlp_4 in cell user_project_wrapper
Note:  Implicit pin X in instance clkload84 of sky130_fd_sc_hd__clkbuf_8 in cell user_project_wrapper
Note:  Implicit pin Y in instance clkload85 of sky130_fd_sc_hd__inv_8 in cell user_project_wrapper
Note:  Implicit pin Y in instance clkload86 of sky130_fd_sc_hd__clkinvlp_4 in cell user_project_wrapper
Note:  Implicit pin Y in instance clkload87 of sky130_fd_sc_hd__clkinv_2 in cell user_project_wrapper
Note:  Implicit pin Y in instance clkload88 of sky130_fd_sc_hd__clkinv_2 in cell user_project_wrapper
Note:  Implicit pin Y in instance clkload89 of sky130_fd_sc_hd__clkinv_2 in cell user_project_wrapper
Note:  Implicit pin X in instance clkload90 of sky130_fd_sc_hd__clkbuf_8 in cell user_project_wrapper
Note:  Implicit pin X in instance clkload91 of sky130_fd_sc_hd__clkbuf_8 in cell user_project_wrapper
Note:  Implicit pin X in instance clkload92 of sky130_fd_sc_hd__clkbuf_8 in cell user_project_wrapper
Note:  Implicit pin Y in instance clkload93 of sky130_fd_sc_hd__bufinv_16 in cell user_project_wrapper
Note:  Implicit pin Y in instance clkload94 of sky130_fd_sc_hd__bufinv_16 in cell user_project_wrapper
Note:  Implicit pin Y in instance clkload95 of sky130_fd_sc_hd__bufinv_16 in cell user_project_wrapper
Note:  Implicit pin X in instance clkload96 of sky130_fd_sc_hd__clkbuf_4 in cell user_project_wrapper
Note:  Implicit pin X in instance clkload97 of sky130_fd_sc_hd__clkbuf_8 in cell user_project_wrapper
Note:  Implicit pin Y in instance clkload98 of sky130_fd_sc_hd__bufinv_16 in cell user_project_wrapper
Note:  Implicit pin X in instance clkload99 of sky130_fd_sc_hd__clkbuf_8 in cell user_project_wrapper
Note:  Implicit pin Y in instance clkload100 of sky130_fd_sc_hd__bufinv_16 in cell user_project_wrapper
Note:  Implicit pin Y in instance clkload101 of sky130_fd_sc_hd__inv_4 in cell user_project_wrapper
Note:  Implicit pin X in instance clkload102 of sky130_fd_sc_hd__clkbuf_4 in cell user_project_wrapper
Note:  Implicit pin Y in instance clkload103 of sky130_fd_sc_hd__bufinv_16 in cell user_project_wrapper
Note:  Implicit pin Y in instance clkload104 of sky130_fd_sc_hd__bufinv_16 in cell user_project_wrapper
Note:  Implicit pin Y in instance clkload105 of sky130_fd_sc_hd__bufinv_16 in cell user_project_wrapper
Note:  Implicit pin Y in instance clkload106 of sky130_fd_sc_hd__clkinv_2 in cell user_project_wrapper
Note:  Implicit pin X in instance clkload107 of sky130_fd_sc_hd__clkbuf_8 in cell user_project_wrapper
Note:  Implicit pin Y in instance clkload108 of sky130_fd_sc_hd__bufinv_16 in cell user_project_wrapper
Note:  Implicit pin X in instance clkload109 of sky130_fd_sc_hd__clkbuf_8 in cell user_project_wrapper
Note:  Implicit pin X in instance clkload110 of sky130_fd_sc_hd__clkbuf_8 in cell user_project_wrapper
Note:  Implicit pin Y in instance clkload111 of sky130_fd_sc_hd__clkinv_2 in cell user_project_wrapper
Note:  Implicit pin Y in instance clkload112 of sky130_fd_sc_hd__clkinv_2 in cell user_project_wrapper
Note:  Implicit pin Y in instance clkload113 of sky130_fd_sc_hd__clkinv_2 in cell user_project_wrapper
Note:  Implicit pin X in instance clkload114 of sky130_fd_sc_hd__clkbuf_8 in cell user_project_wrapper
Note:  Implicit pin Y in instance clkload115 of sky130_fd_sc_hd__bufinv_16 in cell user_project_wrapper
Note:  Implicit pin Y in instance clkload116 of sky130_fd_sc_hd__clkinv_2 in cell user_project_wrapper
Note:  Implicit pin Y in instance clkload117 of sky130_fd_sc_hd__clkinv_2 in cell user_project_wrapper
Note:  Implicit pin Y in instance clkload118 of sky130_fd_sc_hd__clkinv_2 in cell user_project_wrapper
Note:  Implicit pin X in instance clkload119 of sky130_fd_sc_hd__clkbuf_8 in cell user_project_wrapper
Note:  Implicit pin X in instance clkload120 of sky130_fd_sc_hd__clkbuf_4 in cell user_project_wrapper
Note:  Implicit pin Y in instance clkload121 of sky130_fd_sc_hd__bufinv_16 in cell user_project_wrapper
Note:  Implicit pin Y in instance clkload122 of sky130_fd_sc_hd__clkinv_2 in cell user_project_wrapper
Note:  Implicit pin Y in instance clkload123 of sky130_fd_sc_hd__clkinv_2 in cell user_project_wrapper
Note:  Implicit pin X in instance clkload124 of sky130_fd_sc_hd__clkbuf_4 in cell user_project_wrapper
Note:  Implicit pin Y in instance clkload125 of sky130_fd_sc_hd__clkinv_2 in cell user_project_wrapper
Note:  Implicit pin X in instance clkload126 of sky130_fd_sc_hd__clkbuf_8 in cell user_project_wrapper
Note:  Implicit pin X in instance clkload127 of sky130_fd_sc_hd__clkbuf_8 in cell user_project_wrapper
Note:  Implicit pin Y in instance clkload128 of sky130_fd_sc_hd__clkinv_2 in cell user_project_wrapper
Note:  Implicit pin Y in instance clkload129 of sky130_fd_sc_hd__bufinv_16 in cell user_project_wrapper
Note:  Implicit pin Y in instance clkload130 of sky130_fd_sc_hd__clkinvlp_4 in cell user_project_wrapper
Note:  Implicit pin Y in instance clkload131 of sky130_fd_sc_hd__clkinvlp_4 in cell user_project_wrapper
Note:  Implicit pin X in instance clkload132 of sky130_fd_sc_hd__clkbuf_8 in cell user_project_wrapper
Note:  Implicit pin Y in instance clkload133 of sky130_fd_sc_hd__bufinv_16 in cell user_project_wrapper
Note:  Implicit pin X in instance clkload134 of sky130_fd_sc_hd__clkbuf_4 in cell user_project_wrapper
Note:  Implicit pin X in instance clkload135 of sky130_fd_sc_hd__clkbuf_4 in cell user_project_wrapper
Note:  Implicit pin X in instance clkload136 of sky130_fd_sc_hd__clkbuf_8 in cell user_project_wrapper
Note:  Implicit pin X in instance clkload137 of sky130_fd_sc_hd__clkbuf_8 in cell user_project_wrapper
Note:  Implicit pin X in instance clkload138 of sky130_fd_sc_hd__clkbuf_8 in cell user_project_wrapper
Note:  Implicit pin X in instance clkload139 of sky130_fd_sc_hd__clkbuf_4 in cell user_project_wrapper
Note:  Implicit pin Y in instance clkload140 of sky130_fd_sc_hd__clkinv_2 in cell user_project_wrapper
Note:  Implicit pin X in instance clkload141 of sky130_fd_sc_hd__clkbuf_4 in cell user_project_wrapper
Note:  Implicit pin X in instance clkload142 of sky130_fd_sc_hd__clkbuf_4 in cell user_project_wrapper
Note:  Implicit pin X in instance clkload143 of sky130_fd_sc_hd__clkbuf_4 in cell user_project_wrapper
Note:  Implicit pin X in instance clkload144 of sky130_fd_sc_hd__clkbuf_4 in cell user_project_wrapper
Note:  Implicit pin X in instance clkload145 of sky130_fd_sc_hd__clkbuf_8 in cell user_project_wrapper
Note:  Implicit pin X in instance clkload146 of sky130_fd_sc_hd__clkbuf_4 in cell user_project_wrapper
Note:  Implicit pin Y in instance clkload147 of sky130_fd_sc_hd__clkinv_2 in cell user_project_wrapper
Note:  Implicit pin X in instance clkload148 of sky130_fd_sc_hd__clkbuf_4 in cell user_project_wrapper
Note:  Implicit pin X in instance clkload149 of sky130_fd_sc_hd__clkbuf_8 in cell user_project_wrapper
Note:  Implicit pin X in instance clkload150 of sky130_fd_sc_hd__clkbuf_8 in cell user_project_wrapper
Note:  Implicit pin X in instance clkload151 of sky130_fd_sc_hd__clkbuf_4 in cell user_project_wrapper
Note:  Implicit pin Y in instance clkload152 of sky130_fd_sc_hd__clkinv_2 in cell user_project_wrapper
Note:  Implicit pin X in instance clkload153 of sky130_fd_sc_hd__clkbuf_4 in cell user_project_wrapper
Note:  Implicit pin Y in instance clkload154 of sky130_fd_sc_hd__clkinv_2 in cell user_project_wrapper
Note:  Implicit pin X in instance clkload155 of sky130_fd_sc_hd__clkbuf_8 in cell user_project_wrapper
Note:  Implicit pin X in instance clkload156 of sky130_fd_sc_hd__clkbuf_4 in cell user_project_wrapper
Note:  Implicit pin X in instance clkload157 of sky130_fd_sc_hd__clkbuf_8 in cell user_project_wrapper
Note:  Implicit pin X in instance clkload158 of sky130_fd_sc_hd__clkbuf_8 in cell user_project_wrapper
Note:  Implicit pin Y in instance clkload159 of sky130_fd_sc_hd__clkinv_2 in cell user_project_wrapper
Note:  Implicit pin Y in instance clkload160 of sky130_fd_sc_hd__clkinv_2 in cell user_project_wrapper
Note:  Implicit pin X in instance clkload161 of sky130_fd_sc_hd__clkbuf_4 in cell user_project_wrapper
Note:  Implicit pin Y in instance clkload162 of sky130_fd_sc_hd__bufinv_16 in cell user_project_wrapper
Note:  Implicit pin X in instance clkload163 of sky130_fd_sc_hd__clkbuf_8 in cell user_project_wrapper
Note:  Implicit pin X in instance clkload164 of sky130_fd_sc_hd__clkbuf_8 in cell user_project_wrapper
Note:  Implicit pin Y in instance clkload165 of sky130_fd_sc_hd__clkinv_2 in cell user_project_wrapper
Note:  Implicit pin Y in instance clkload166 of sky130_fd_sc_hd__clkinv_2 in cell user_project_wrapper
Note:  Implicit pin X in instance clkload167 of sky130_fd_sc_hd__clkbuf_4 in cell user_project_wrapper
Note:  Implicit pin Y in instance clkload168 of sky130_fd_sc_hd__clkinv_2 in cell user_project_wrapper
Note:  Implicit pin Y in instance clkload169 of sky130_fd_sc_hd__bufinv_16 in cell user_project_wrapper
Note:  Implicit pin X in instance clkload170 of sky130_fd_sc_hd__clkbuf_4 in cell user_project_wrapper
Note:  Implicit pin Y in instance clkload171 of sky130_fd_sc_hd__bufinv_16 in cell user_project_wrapper
Note:  Implicit pin Y in instance clkload172 of sky130_fd_sc_hd__clkinv_2 in cell user_project_wrapper
Note:  Implicit pin Y in instance clkload173 of sky130_fd_sc_hd__clkinv_2 in cell user_project_wrapper
Note:  Implicit pin Y in instance clkload174 of sky130_fd_sc_hd__clkinv_2 in cell user_project_wrapper
Note:  Implicit pin X in instance clkload175 of sky130_fd_sc_hd__clkbuf_8 in cell user_project_wrapper
Note:  Implicit pin X in instance clkload176 of sky130_fd_sc_hd__clkbuf_8 in cell user_project_wrapper
Note:  Implicit pin X in instance clkload177 of sky130_fd_sc_hd__clkbuf_8 in cell user_project_wrapper
Note:  Implicit pin Y in instance clkload178 of sky130_fd_sc_hd__clkinv_2 in cell user_project_wrapper
Note:  Implicit pin Y in instance clkload179 of sky130_fd_sc_hd__clkinv_2 in cell user_project_wrapper
Note:  Implicit pin Y in instance clkload180 of sky130_fd_sc_hd__clkinv_2 in cell user_project_wrapper
Note:  Implicit pin X in instance clkload181 of sky130_fd_sc_hd__clkbuf_4 in cell user_project_wrapper
Note:  Implicit pin X in instance clkload182 of sky130_fd_sc_hd__clkbuf_4 in cell user_project_wrapper
Note:  Implicit pin Y in instance clkload183 of sky130_fd_sc_hd__clkinv_2 in cell user_project_wrapper
Note:  Implicit pin X in instance clkload184 of sky130_fd_sc_hd__clkbuf_8 in cell user_project_wrapper
Note:  Implicit pin X in instance clkload185 of sky130_fd_sc_hd__clkbuf_4 in cell user_project_wrapper
Note:  Implicit pin X in instance clkload186 of sky130_fd_sc_hd__clkbuf_8 in cell user_project_wrapper
Note:  Implicit pin Y in instance clkload187 of sky130_fd_sc_hd__clkinv_2 in cell user_project_wrapper
Note:  Implicit pin X in instance clkload188 of sky130_fd_sc_hd__clkbuf_8 in cell user_project_wrapper
Note:  Implicit pin Y in instance clkload189 of sky130_fd_sc_hd__clkinv_2 in cell user_project_wrapper
Note:  Implicit pin X in instance clkload190 of sky130_fd_sc_hd__clkbuf_4 in cell user_project_wrapper
Note:  Implicit pin X in instance clkload191 of sky130_fd_sc_hd__clkbuf_4 in cell user_project_wrapper
Note:  Implicit pin X in instance clkload192 of sky130_fd_sc_hd__clkbuf_8 in cell user_project_wrapper
Note:  Implicit pin Y in instance clkload193 of sky130_fd_sc_hd__clkinv_2 in cell user_project_wrapper
Note:  Implicit pin X in instance clkload194 of sky130_fd_sc_hd__clkbuf_4 in cell user_project_wrapper
Note:  Implicit pin X in instance clkload195 of sky130_fd_sc_hd__clkbuf_8 in cell user_project_wrapper
Note:  Implicit pin X in instance clkload196 of sky130_fd_sc_hd__clkbuf_4 in cell user_project_wrapper
Note:  Implicit pin X in instance clkload197 of sky130_fd_sc_hd__clkbuf_8 in cell user_project_wrapper
Note:  Implicit pin X in instance clkload198 of sky130_fd_sc_hd__clkbuf_8 in cell user_project_wrapper
Note:  Implicit pin X in instance clkload199 of sky130_fd_sc_hd__clkbuf_4 in cell user_project_wrapper
Note:  Implicit pin X in instance clkload200 of sky130_fd_sc_hd__clkbuf_8 in cell user_project_wrapper
Note:  Implicit pin X in instance clkload201 of sky130_fd_sc_hd__clkbuf_8 in cell user_project_wrapper
Note:  Implicit pin X in instance clkload202 of sky130_fd_sc_hd__clkbuf_8 in cell user_project_wrapper
Note:  Implicit pin X in instance clkload203 of sky130_fd_sc_hd__clkbuf_8 in cell user_project_wrapper
Note:  Implicit pin X in instance clkload204 of sky130_fd_sc_hd__clkbuf_8 in cell user_project_wrapper
Note:  Implicit pin X in instance clkload205 of sky130_fd_sc_hd__clkbuf_8 in cell user_project_wrapper
Note:  Implicit pin X in instance clkload206 of sky130_fd_sc_hd__clkbuf_8 in cell user_project_wrapper
Note:  Implicit pin X in instance clkload207 of sky130_fd_sc_hd__clkbuf_8 in cell user_project_wrapper
Note:  Implicit pin X in instance clkload208 of sky130_fd_sc_hd__clkbuf_8 in cell user_project_wrapper
Note:  Implicit pin Y in instance clkload209 of sky130_fd_sc_hd__clkinv_2 in cell user_project_wrapper
Note:  Implicit pin Y in instance clkload210 of sky130_fd_sc_hd__clkinv_2 in cell user_project_wrapper
Note:  Implicit pin Y in instance clkload211 of sky130_fd_sc_hd__clkinv_2 in cell user_project_wrapper
Note:  Implicit pin X in instance clkload212 of sky130_fd_sc_hd__clkbuf_8 in cell user_project_wrapper
Note:  Implicit pin Y in instance clkload213 of sky130_fd_sc_hd__clkinv_2 in cell user_project_wrapper
Note:  Implicit pin Y in instance clkload214 of sky130_fd_sc_hd__clkinv_2 in cell user_project_wrapper
Note:  Implicit pin X in instance clkload215 of sky130_fd_sc_hd__clkbuf_8 in cell user_project_wrapper
Note:  Implicit pin X in instance clkload216 of sky130_fd_sc_hd__clkbuf_4 in cell user_project_wrapper
Note:  Implicit pin X in instance clkload217 of sky130_fd_sc_hd__clkbuf_4 in cell user_project_wrapper
Note:  Implicit pin X in instance clkload218 of sky130_fd_sc_hd__clkbuf_4 in cell user_project_wrapper
Note:  Implicit pin X in instance clkload219 of sky130_fd_sc_hd__clkbuf_4 in cell user_project_wrapper
Note:  Implicit pin X in instance clkload220 of sky130_fd_sc_hd__clkbuf_8 in cell user_project_wrapper
Note:  Implicit pin X in instance clkload221 of sky130_fd_sc_hd__clkbuf_4 in cell user_project_wrapper
Note:  Implicit pin X in instance clkload222 of sky130_fd_sc_hd__clkbuf_4 in cell user_project_wrapper
Note:  Implicit pin X in instance clkload223 of sky130_fd_sc_hd__clkbuf_8 in cell user_project_wrapper
Note:  Implicit pin X in instance clkload224 of sky130_fd_sc_hd__clkbuf_8 in cell user_project_wrapper
Note:  Implicit pin X in instance clkload225 of sky130_fd_sc_hd__clkbuf_4 in cell user_project_wrapper
Note:  Implicit pin X in instance clkload226 of sky130_fd_sc_hd__clkbuf_4 in cell user_project_wrapper
Note:  Implicit pin X in instance clkload227 of sky130_fd_sc_hd__clkbuf_8 in cell user_project_wrapper
Note:  Implicit pin Y in instance clkload228 of sky130_fd_sc_hd__clkinv_2 in cell user_project_wrapper
Note:  Implicit pin Y in instance clkload229 of sky130_fd_sc_hd__clkinvlp_4 in cell user_project_wrapper
Note:  Implicit pin Y in instance clkload230 of sky130_fd_sc_hd__clkinv_2 in cell user_project_wrapper
Note:  Implicit pin Y in instance clkload231 of sky130_fd_sc_hd__clkinv_2 in cell user_project_wrapper
Note:  Implicit pin X in instance clkload232 of sky130_fd_sc_hd__clkbuf_8 in cell user_project_wrapper
Note:  Implicit pin X in instance clkload233 of sky130_fd_sc_hd__clkbuf_8 in cell user_project_wrapper
Note:  Implicit pin Y in instance clkload234 of sky130_fd_sc_hd__clkinv_2 in cell user_project_wrapper
Note:  Implicit pin Y in instance clkload235 of sky130_fd_sc_hd__clkinvlp_4 in cell user_project_wrapper
Note:  Implicit pin X in instance clkload236 of sky130_fd_sc_hd__clkbuf_8 in cell user_project_wrapper
Note:  Implicit pin Y in instance clkload237 of sky130_fd_sc_hd__clkinv_2 in cell user_project_wrapper
Note:  Implicit pin Y in instance clkload238 of sky130_fd_sc_hd__clkinv_2 in cell user_project_wrapper
Note:  Implicit pin X in instance clkload239 of sky130_fd_sc_hd__clkbuf_4 in cell user_project_wrapper
Note:  Implicit pin X in instance clkload240 of sky130_fd_sc_hd__clkbuf_8 in cell user_project_wrapper
Note:  Implicit pin X in instance clkload241 of sky130_fd_sc_hd__clkbuf_4 in cell user_project_wrapper
Note:  Implicit pin X in instance clkload242 of sky130_fd_sc_hd__clkbuf_4 in cell user_project_wrapper
Note:  Implicit pin X in instance clkload243 of sky130_fd_sc_hd__clkbuf_4 in cell user_project_wrapper
Note:  Implicit pin X in instance clkload244 of sky130_fd_sc_hd__clkbuf_8 in cell user_project_wrapper
Note:  Implicit pin X in instance clkload245 of sky130_fd_sc_hd__clkbuf_4 in cell user_project_wrapper
Note:  Implicit pin X in instance clkload246 of sky130_fd_sc_hd__clkbuf_4 in cell user_project_wrapper
Note:  Implicit pin Y in instance clkload247 of sky130_fd_sc_hd__clkinv_2 in cell user_project_wrapper
Note:  Implicit pin X in instance clkload248 of sky130_fd_sc_hd__clkbuf_4 in cell user_project_wrapper
Note:  Implicit pin Y in instance clkload249 of sky130_fd_sc_hd__clkinv_2 in cell user_project_wrapper
Note:  Implicit pin Y in instance clkload250 of sky130_fd_sc_hd__clkinv_2 in cell user_project_wrapper
Note:  Implicit pin X in instance clkload251 of sky130_fd_sc_hd__clkbuf_8 in cell user_project_wrapper
Note:  Implicit pin X in instance clkload252 of sky130_fd_sc_hd__clkbuf_8 in cell user_project_wrapper
Note:  Implicit pin X in instance clkload253 of sky130_fd_sc_hd__clkbuf_8 in cell user_project_wrapper
Note:  Implicit pin X in instance clkload254 of sky130_fd_sc_hd__clkbuf_4 in cell user_project_wrapper
Note:  Implicit pin X in instance clkload255 of sky130_fd_sc_hd__clkbuf_4 in cell user_project_wrapper
Note:  Implicit pin X in instance clkload256 of sky130_fd_sc_hd__clkbuf_8 in cell user_project_wrapper
Note:  Implicit pin X in instance clkload257 of sky130_fd_sc_hd__clkbuf_4 in cell user_project_wrapper
Note:  Implicit pin X in instance clkload258 of sky130_fd_sc_hd__clkbuf_4 in cell user_project_wrapper
Note:  Implicit pin X in instance clkload259 of sky130_fd_sc_hd__clkbuf_8 in cell user_project_wrapper
Note:  Implicit pin X in instance clkload260 of sky130_fd_sc_hd__clkbuf_4 in cell user_project_wrapper
Note:  Implicit pin X in instance clkload261 of sky130_fd_sc_hd__clkbuf_8 in cell user_project_wrapper
Note:  Implicit pin X in instance clkload262 of sky130_fd_sc_hd__clkbuf_4 in cell user_project_wrapper
Note:  Implicit pin X in instance clkload263 of sky130_fd_sc_hd__clkbuf_8 in cell user_project_wrapper
Note:  Implicit pin X in instance clkload264 of sky130_fd_sc_hd__clkbuf_8 in cell user_project_wrapper
Note:  Implicit pin X in instance clkload265 of sky130_fd_sc_hd__clkbuf_4 in cell user_project_wrapper
Note:  Implicit pin X in instance clkload266 of sky130_fd_sc_hd__clkbuf_8 in cell user_project_wrapper
Note:  Implicit pin X in instance clkload267 of sky130_fd_sc_hd__clkbuf_4 in cell user_project_wrapper
Note:  Implicit pin X in instance clkload268 of sky130_fd_sc_hd__clkbuf_8 in cell user_project_wrapper
Note:  Implicit pin X in instance clkload269 of sky130_fd_sc_hd__clkbuf_4 in cell user_project_wrapper
Note:  Implicit pin X in instance clkload270 of sky130_fd_sc_hd__clkbuf_8 in cell user_project_wrapper
Note:  Implicit pin X in instance clkload271 of sky130_fd_sc_hd__clkbuf_8 in cell user_project_wrapper
Note:  Implicit pin X in instance clkload272 of sky130_fd_sc_hd__clkbuf_4 in cell user_project_wrapper
Note:  Implicit pin X in instance clkload273 of sky130_fd_sc_hd__clkbuf_4 in cell user_project_wrapper
Note:  Implicit pin X in instance clkload274 of sky130_fd_sc_hd__clkbuf_4 in cell user_project_wrapper
Note:  Implicit pin Y in instance clkload275 of sky130_fd_sc_hd__clkinv_2 in cell user_project_wrapper
Note:  Implicit pin X in instance clkload276 of sky130_fd_sc_hd__clkbuf_8 in cell user_project_wrapper
Note:  Implicit pin X in instance clkload277 of sky130_fd_sc_hd__clkbuf_8 in cell user_project_wrapper
Note:  Implicit pin X in instance clkload278 of sky130_fd_sc_hd__clkbuf_4 in cell user_project_wrapper
Note:  Implicit pin Y in instance clkload279 of sky130_fd_sc_hd__clkinv_2 in cell user_project_wrapper
Note:  Implicit pin X in instance clkload280 of sky130_fd_sc_hd__clkbuf_4 in cell user_project_wrapper
Note:  Implicit pin X in instance clkload281 of sky130_fd_sc_hd__clkbuf_8 in cell user_project_wrapper
Note:  Implicit pin X in instance clkload282 of sky130_fd_sc_hd__clkbuf_8 in cell user_project_wrapper
Note:  Implicit pin X in instance clkload283 of sky130_fd_sc_hd__clkbuf_8 in cell user_project_wrapper
Note:  Implicit pin X in instance clkload284 of sky130_fd_sc_hd__clkbuf_8 in cell user_project_wrapper
Note:  Implicit pin Y in instance clkload285 of sky130_fd_sc_hd__clkinv_2 in cell user_project_wrapper
Note:  Implicit pin X in instance clkload286 of sky130_fd_sc_hd__clkbuf_4 in cell user_project_wrapper
Note:  Implicit pin X in instance clkload287 of sky130_fd_sc_hd__clkbuf_8 in cell user_project_wrapper
Note:  Implicit pin X in instance clkload288 of sky130_fd_sc_hd__clkbuf_8 in cell user_project_wrapper
Note:  Implicit pin Y in instance clkload289 of sky130_fd_sc_hd__clkinv_2 in cell user_project_wrapper
Note:  Implicit pin Y in instance clkload290 of sky130_fd_sc_hd__clkinv_2 in cell user_project_wrapper
Note:  Implicit pin Y in instance clkload291 of sky130_fd_sc_hd__clkinv_2 in cell user_project_wrapper
Note:  Implicit pin X in instance clkload292 of sky130_fd_sc_hd__clkbuf_8 in cell user_project_wrapper
Note:  Implicit pin X in instance clkload293 of sky130_fd_sc_hd__clkbuf_4 in cell user_project_wrapper
Note:  Implicit pin Y in instance clkload294 of sky130_fd_sc_hd__clkinv_2 in cell user_project_wrapper
Note:  Implicit pin X in instance clkload295 of sky130_fd_sc_hd__clkbuf_4 in cell user_project_wrapper
Note:  Implicit pin X in instance clkload296 of sky130_fd_sc_hd__clkbuf_4 in cell user_project_wrapper
Note:  Implicit pin X in instance clkload297 of sky130_fd_sc_hd__clkbuf_4 in cell user_project_wrapper
Note:  Implicit pin X in instance clkload298 of sky130_fd_sc_hd__clkbuf_4 in cell user_project_wrapper
Note:  Implicit pin X in instance clkload299 of sky130_fd_sc_hd__clkbuf_4 in cell user_project_wrapper
Note:  Implicit pin X in instance clkload300 of sky130_fd_sc_hd__clkbuf_4 in cell user_project_wrapper
Note:  Implicit pin X in instance clkload301 of sky130_fd_sc_hd__clkbuf_4 in cell user_project_wrapper
Note:  Implicit pin X in instance clkload302 of sky130_fd_sc_hd__clkbuf_4 in cell user_project_wrapper
Note:  Implicit pin X in instance clkload303 of sky130_fd_sc_hd__clkbuf_4 in cell user_project_wrapper
Note:  Implicit pin X in instance clkload304 of sky130_fd_sc_hd__clkbuf_4 in cell user_project_wrapper
Note:  Implicit pin X in instance clkload305 of sky130_fd_sc_hd__clkbuf_8 in cell user_project_wrapper
Note:  Implicit pin X in instance clkload306 of sky130_fd_sc_hd__clkbuf_4 in cell user_project_wrapper
Note:  Implicit pin X in instance clkload307 of sky130_fd_sc_hd__clkbuf_8 in cell user_project_wrapper
Note:  Implicit pin X in instance clkload308 of sky130_fd_sc_hd__clkbuf_8 in cell user_project_wrapper
Note:  Implicit pin X in instance clkload309 of sky130_fd_sc_hd__clkbuf_4 in cell user_project_wrapper
Note:  Implicit pin X in instance clkload310 of sky130_fd_sc_hd__clkbuf_4 in cell user_project_wrapper
Note:  Implicit pin X in instance clkload311 of sky130_fd_sc_hd__clkbuf_8 in cell user_project_wrapper
Note:  Implicit pin Y in instance clkload312 of sky130_fd_sc_hd__clkinv_2 in cell user_project_wrapper
Note:  Implicit pin X in instance clkload313 of sky130_fd_sc_hd__clkbuf_8 in cell user_project_wrapper
Note:  Implicit pin X in instance clkload314 of sky130_fd_sc_hd__clkbuf_4 in cell user_project_wrapper
Note:  Implicit pin X in instance clkload315 of sky130_fd_sc_hd__clkbuf_8 in cell user_project_wrapper
Note:  Implicit pin X in instance clkload316 of sky130_fd_sc_hd__clkbuf_4 in cell user_project_wrapper
Note:  Implicit pin X in instance clkload317 of sky130_fd_sc_hd__clkbuf_8 in cell user_project_wrapper
Note:  Implicit pin Y in instance clkload318 of sky130_fd_sc_hd__clkinv_2 in cell user_project_wrapper
Note:  Implicit pin X in instance clkload319 of sky130_fd_sc_hd__clkbuf_4 in cell user_project_wrapper
Note:  Implicit pin Y in instance clkload320 of sky130_fd_sc_hd__clkinv_2 in cell user_project_wrapper
Note:  Implicit pin Y in instance clkload321 of sky130_fd_sc_hd__clkinv_2 in cell user_project_wrapper
Note:  Implicit pin Y in instance clkload322 of sky130_fd_sc_hd__clkinv_2 in cell user_project_wrapper
Note:  Implicit pin X in instance clkload323 of sky130_fd_sc_hd__clkbuf_4 in cell user_project_wrapper
Note:  Implicit pin Y in instance clkload324 of sky130_fd_sc_hd__clkinv_2 in cell user_project_wrapper
Note:  Implicit pin Y in instance clkload325 of sky130_fd_sc_hd__clkinv_2 in cell user_project_wrapper
Note:  Implicit pin Y in instance clkload326 of sky130_fd_sc_hd__bufinv_16 in cell user_project_wrapper
Note:  Implicit pin X in instance clkload327 of sky130_fd_sc_hd__clkbuf_8 in cell user_project_wrapper
Note:  Implicit pin Y in instance clkload328 of sky130_fd_sc_hd__clkinv_2 in cell user_project_wrapper
Note:  Implicit pin Y in instance clkload329 of sky130_fd_sc_hd__bufinv_16 in cell user_project_wrapper
Note:  Implicit pin Y in instance clkload330 of sky130_fd_sc_hd__clkinv_2 in cell user_project_wrapper
Note:  Implicit pin X in instance clkload331 of sky130_fd_sc_hd__clkbuf_8 in cell user_project_wrapper
Note:  Implicit pin Y in instance clkload332 of sky130_fd_sc_hd__clkinv_2 in cell user_project_wrapper
Note:  Implicit pin X in instance clkload333 of sky130_fd_sc_hd__clkbuf_8 in cell user_project_wrapper
Note:  Implicit pin X in instance clkload334 of sky130_fd_sc_hd__clkbuf_8 in cell user_project_wrapper
Note:  Implicit pin X in instance clkload335 of sky130_fd_sc_hd__clkbuf_8 in cell user_project_wrapper
Note:  Implicit pin Y in instance clkload336 of sky130_fd_sc_hd__clkinv_2 in cell user_project_wrapper
Note:  Implicit pin X in instance clkload337 of sky130_fd_sc_hd__clkbuf_8 in cell user_project_wrapper
Note:  Implicit pin X in instance clkload338 of sky130_fd_sc_hd__clkbuf_4 in cell user_project_wrapper
Note:  Implicit pin Y in instance clkload339 of sky130_fd_sc_hd__clkinv_2 in cell user_project_wrapper
Note:  Implicit pin X in instance clkload340 of sky130_fd_sc_hd__clkbuf_4 in cell user_project_wrapper
Note:  Implicit pin X in instance clkload341 of sky130_fd_sc_hd__clkbuf_4 in cell user_project_wrapper
Note:  Implicit pin X in instance clkload342 of sky130_fd_sc_hd__clkbuf_4 in cell user_project_wrapper
Note:  Implicit pin X in instance clkload343 of sky130_fd_sc_hd__clkbuf_4 in cell user_project_wrapper
Note:  Implicit pin X in instance clkload344 of sky130_fd_sc_hd__clkbuf_4 in cell user_project_wrapper
Note:  Implicit pin X in instance clkload345 of sky130_fd_sc_hd__clkbuf_4 in cell user_project_wrapper
Note:  Implicit pin X in instance clkload346 of sky130_fd_sc_hd__clkbuf_4 in cell user_project_wrapper
Note:  Implicit pin X in instance clkload347 of sky130_fd_sc_hd__clkbuf_4 in cell user_project_wrapper
Note:  Implicit pin X in instance clkload348 of sky130_fd_sc_hd__clkbuf_4 in cell user_project_wrapper
Note:  Implicit pin Y in instance clkload349 of sky130_fd_sc_hd__clkinv_2 in cell user_project_wrapper
Note:  Implicit pin X in instance clkload350 of sky130_fd_sc_hd__clkbuf_4 in cell user_project_wrapper
Note:  Implicit pin X in instance clkload351 of sky130_fd_sc_hd__clkbuf_8 in cell user_project_wrapper
Note:  Implicit pin X in instance clkload352 of sky130_fd_sc_hd__clkbuf_8 in cell user_project_wrapper
Note:  Implicit pin X in instance clkload353 of sky130_fd_sc_hd__clkbuf_4 in cell user_project_wrapper
Note:  Implicit pin X in instance clkload354 of sky130_fd_sc_hd__clkbuf_4 in cell user_project_wrapper
Note:  Implicit pin X in instance clkload355 of sky130_fd_sc_hd__clkbuf_8 in cell user_project_wrapper
Note:  Implicit pin X in instance clkload356 of sky130_fd_sc_hd__clkbuf_8 in cell user_project_wrapper
Note:  Implicit pin X in instance clkload357 of sky130_fd_sc_hd__clkbuf_4 in cell user_project_wrapper
Note:  Implicit pin X in instance clkload358 of sky130_fd_sc_hd__clkbuf_8 in cell user_project_wrapper
Note:  Implicit pin Y in instance clkload359 of sky130_fd_sc_hd__clkinv_2 in cell user_project_wrapper
Note:  Implicit pin X in instance clkload360 of sky130_fd_sc_hd__clkbuf_8 in cell user_project_wrapper
Note:  Implicit pin Y in instance clkload361 of sky130_fd_sc_hd__clkinv_2 in cell user_project_wrapper
Note:  Implicit pin X in instance clkload362 of sky130_fd_sc_hd__clkbuf_8 in cell user_project_wrapper
Note:  Implicit pin X in instance clkload363 of sky130_fd_sc_hd__clkbuf_8 in cell user_project_wrapper
Note:  Implicit pin Y in instance clkload364 of sky130_fd_sc_hd__clkinv_2 in cell user_project_wrapper
Note:  Implicit pin X in instance clkload365 of sky130_fd_sc_hd__clkbuf_4 in cell user_project_wrapper
Note:  Implicit pin X in instance clkload366 of sky130_fd_sc_hd__clkbuf_8 in cell user_project_wrapper
Note:  Implicit pin X in instance clkload367 of sky130_fd_sc_hd__clkbuf_4 in cell user_project_wrapper
Note:  Implicit pin X in instance clkload368 of sky130_fd_sc_hd__clkbuf_8 in cell user_project_wrapper
Note:  Implicit pin Y in instance clkload369 of sky130_fd_sc_hd__clkinv_2 in cell user_project_wrapper
Note:  Implicit pin X in instance clkload370 of sky130_fd_sc_hd__clkbuf_4 in cell user_project_wrapper
Note:  Implicit pin X in instance clkload371 of sky130_fd_sc_hd__clkbuf_8 in cell user_project_wrapper
Note:  Implicit pin X in instance clkload372 of sky130_fd_sc_hd__clkbuf_8 in cell user_project_wrapper
Note:  Implicit pin X in instance clkload373 of sky130_fd_sc_hd__clkbuf_4 in cell user_project_wrapper
Note:  Implicit pin X in instance clkload374 of sky130_fd_sc_hd__clkbuf_8 in cell user_project_wrapper
Note:  Implicit pin X in instance clkload375 of sky130_fd_sc_hd__clkbuf_8 in cell user_project_wrapper
Note:  Implicit pin X in instance clkload376 of sky130_fd_sc_hd__clkbuf_8 in cell user_project_wrapper
Note:  Implicit pin X in instance clkload377 of sky130_fd_sc_hd__clkbuf_8 in cell user_project_wrapper
Note:  Implicit pin X in instance clkload378 of sky130_fd_sc_hd__clkbuf_4 in cell user_project_wrapper
Note:  Implicit pin X in instance clkload379 of sky130_fd_sc_hd__clkbuf_4 in cell user_project_wrapper
Note:  Implicit pin X in instance clkload380 of sky130_fd_sc_hd__clkbuf_4 in cell user_project_wrapper
Note:  Implicit pin X in instance clkload381 of sky130_fd_sc_hd__clkbuf_4 in cell user_project_wrapper
Note:  Implicit pin X in instance clkload382 of sky130_fd_sc_hd__clkbuf_4 in cell user_project_wrapper
Note:  Implicit pin X in instance clkload383 of sky130_fd_sc_hd__clkbuf_4 in cell user_project_wrapper
Note:  Implicit pin Y in instance clkload384 of sky130_fd_sc_hd__clkinv_2 in cell user_project_wrapper
Note:  Implicit pin X in instance clkload385 of sky130_fd_sc_hd__clkbuf_8 in cell user_project_wrapper
Note:  Implicit pin X in instance clkload386 of sky130_fd_sc_hd__clkbuf_4 in cell user_project_wrapper
Note:  Implicit pin X in instance clkload387 of sky130_fd_sc_hd__clkbuf_4 in cell user_project_wrapper
Note:  Implicit pin X in instance clkload388 of sky130_fd_sc_hd__clkbuf_8 in cell user_project_wrapper
Note:  Implicit pin Y in instance clkload389 of sky130_fd_sc_hd__clkinv_2 in cell user_project_wrapper
Note:  Implicit pin Y in instance clkload390 of sky130_fd_sc_hd__clkinv_2 in cell user_project_wrapper
Note:  Implicit pin Y in instance clkload391 of sky130_fd_sc_hd__clkinv_2 in cell user_project_wrapper
Note:  Implicit pin X in instance clkload392 of sky130_fd_sc_hd__clkbuf_8 in cell user_project_wrapper
Note:  Implicit pin X in instance clkload393 of sky130_fd_sc_hd__clkbuf_4 in cell user_project_wrapper
Note:  Implicit pin X in instance clkload394 of sky130_fd_sc_hd__clkbuf_8 in cell user_project_wrapper
Note:  Implicit pin X in instance clkload395 of sky130_fd_sc_hd__clkbuf_8 in cell user_project_wrapper
Note:  Implicit pin X in instance clkload396 of sky130_fd_sc_hd__clkbuf_8 in cell user_project_wrapper
Note:  Implicit pin Y in instance clkload397 of sky130_fd_sc_hd__clkinv_2 in cell user_project_wrapper
Note:  Implicit pin Y in instance clkload398 of sky130_fd_sc_hd__clkinv_2 in cell user_project_wrapper
Note:  Implicit pin X in instance clkload399 of sky130_fd_sc_hd__clkbuf_8 in cell user_project_wrapper
Note:  Implicit pin X in instance clkload400 of sky130_fd_sc_hd__clkbuf_8 in cell user_project_wrapper
Note:  Implicit pin X in instance clkload401 of sky130_fd_sc_hd__clkbuf_4 in cell user_project_wrapper
Note:  Implicit pin Y in instance clkload402 of sky130_fd_sc_hd__clkinv_2 in cell user_project_wrapper
Note:  Implicit pin X in instance clkload403 of sky130_fd_sc_hd__clkbuf_4 in cell user_project_wrapper
Note:  Implicit pin Y in instance clkload404 of sky130_fd_sc_hd__clkinv_2 in cell user_project_wrapper
Note:  Implicit pin X in instance clkload405 of sky130_fd_sc_hd__clkbuf_8 in cell user_project_wrapper
Note:  Implicit pin X in instance clkload406 of sky130_fd_sc_hd__clkbuf_4 in cell user_project_wrapper
Note:  Implicit pin Y in instance clkload407 of sky130_fd_sc_hd__clkinv_2 in cell user_project_wrapper
Note:  Implicit pin X in instance clkload408 of sky130_fd_sc_hd__clkbuf_4 in cell user_project_wrapper
Note:  Implicit pin X in instance clkload409 of sky130_fd_sc_hd__clkbuf_8 in cell user_project_wrapper
Note:  Implicit pin X in instance clkload410 of sky130_fd_sc_hd__clkbuf_4 in cell user_project_wrapper
Note:  Implicit pin X in instance clkload411 of sky130_fd_sc_hd__clkbuf_4 in cell user_project_wrapper
Note:  Implicit pin X in instance clkload412 of sky130_fd_sc_hd__clkbuf_4 in cell user_project_wrapper
Note:  Implicit pin X in instance clkload413 of sky130_fd_sc_hd__clkbuf_4 in cell user_project_wrapper
Note:  Implicit pin X in instance clkload414 of sky130_fd_sc_hd__clkbuf_4 in cell user_project_wrapper
Note:  Implicit pin X in instance clkload415 of sky130_fd_sc_hd__clkbuf_4 in cell user_project_wrapper
Note:  Implicit pin X in instance clkload416 of sky130_fd_sc_hd__clkbuf_4 in cell user_project_wrapper
Note:  Implicit pin X in instance clkload417 of sky130_fd_sc_hd__clkbuf_4 in cell user_project_wrapper
Note:  Implicit pin X in instance clkload418 of sky130_fd_sc_hd__clkbuf_4 in cell user_project_wrapper
Note:  Implicit pin X in instance clkload419 of sky130_fd_sc_hd__clkbuf_4 in cell user_project_wrapper
Note:  Implicit pin X in instance clkload420 of sky130_fd_sc_hd__clkbuf_4 in cell user_project_wrapper
Note:  Implicit pin X in instance clkload421 of sky130_fd_sc_hd__clkbuf_4 in cell user_project_wrapper
Note:  Implicit pin X in instance clkload422 of sky130_fd_sc_hd__clkbuf_8 in cell user_project_wrapper
Note:  Implicit pin X in instance clkload423 of sky130_fd_sc_hd__clkbuf_4 in cell user_project_wrapper
Note:  Implicit pin X in instance clkload424 of sky130_fd_sc_hd__clkbuf_4 in cell user_project_wrapper
Note:  Implicit pin X in instance clkload425 of sky130_fd_sc_hd__clkbuf_8 in cell user_project_wrapper
Note:  Implicit pin X in instance clkload426 of sky130_fd_sc_hd__clkbuf_4 in cell user_project_wrapper
Note:  Implicit pin X in instance clkload427 of sky130_fd_sc_hd__clkbuf_4 in cell user_project_wrapper
Note:  Implicit pin X in instance clkload428 of sky130_fd_sc_hd__clkbuf_4 in cell user_project_wrapper
Note:  Implicit pin X in instance clkload429 of sky130_fd_sc_hd__clkbuf_8 in cell user_project_wrapper
Note:  Implicit pin X in instance clkload430 of sky130_fd_sc_hd__clkbuf_4 in cell user_project_wrapper
Note:  Implicit pin X in instance clkload431 of sky130_fd_sc_hd__clkbuf_8 in cell user_project_wrapper
Note:  Implicit pin Y in instance clkload432 of sky130_fd_sc_hd__clkinv_2 in cell user_project_wrapper
Note:  Implicit pin X in instance clkload433 of sky130_fd_sc_hd__clkbuf_4 in cell user_project_wrapper
Note:  Implicit pin Y in instance clkload434 of sky130_fd_sc_hd__clkinv_2 in cell user_project_wrapper
Note:  Implicit pin X in instance clkload435 of sky130_fd_sc_hd__clkbuf_8 in cell user_project_wrapper
Note:  Implicit pin Y in instance clkload436 of sky130_fd_sc_hd__clkinv_2 in cell user_project_wrapper
Note:  Implicit pin X in instance clkload437 of sky130_fd_sc_hd__clkbuf_8 in cell user_project_wrapper
Note:  Implicit pin X in instance clkload438 of sky130_fd_sc_hd__clkbuf_4 in cell user_project_wrapper
Note:  Implicit pin Y in instance clkload439 of sky130_fd_sc_hd__clkinv_2 in cell user_project_wrapper
Note:  Implicit pin X in instance clkload440 of sky130_fd_sc_hd__clkbuf_8 in cell user_project_wrapper
Note:  Implicit pin X in instance clkload441 of sky130_fd_sc_hd__clkbuf_4 in cell user_project_wrapper
Note:  Implicit pin X in instance clkload442 of sky130_fd_sc_hd__clkbuf_8 in cell user_project_wrapper
Note:  Implicit pin X in instance clkload443 of sky130_fd_sc_hd__clkbuf_4 in cell user_project_wrapper
Note:  Implicit pin X in instance clkload444 of sky130_fd_sc_hd__clkbuf_4 in cell user_project_wrapper
Note:  Implicit pin Y in instance clkload445 of sky130_fd_sc_hd__bufinv_16 in cell user_project_wrapper
Note:  Implicit pin X in instance clkload446 of sky130_fd_sc_hd__clkbuf_8 in cell user_project_wrapper
Note:  Implicit pin Y in instance clkload447 of sky130_fd_sc_hd__clkinv_2 in cell user_project_wrapper
Note:  Implicit pin Y in instance clkload448 of sky130_fd_sc_hd__bufinv_16 in cell user_project_wrapper
Note:  Implicit pin X in instance clkload449 of sky130_fd_sc_hd__clkbuf_8 in cell user_project_wrapper
Note:  Implicit pin X in instance clkload450 of sky130_fd_sc_hd__clkbuf_4 in cell user_project_wrapper
Note:  Implicit pin Y in instance clkload451 of sky130_fd_sc_hd__clkinv_2 in cell user_project_wrapper
Note:  Implicit pin X in instance clkload452 of sky130_fd_sc_hd__clkbuf_8 in cell user_project_wrapper
Note:  Implicit pin X in instance clkload453 of sky130_fd_sc_hd__clkbuf_8 in cell user_project_wrapper
Note:  Implicit pin Y in instance clkload454 of sky130_fd_sc_hd__clkinv_2 in cell user_project_wrapper
Note:  Implicit pin X in instance clkload455 of sky130_fd_sc_hd__clkbuf_4 in cell user_project_wrapper
Note:  Implicit pin Y in instance clkload456 of sky130_fd_sc_hd__clkinv_2 in cell user_project_wrapper
Note:  Implicit pin X in instance clkload457 of sky130_fd_sc_hd__clkbuf_4 in cell user_project_wrapper
Note:  Implicit pin X in instance clkload458 of sky130_fd_sc_hd__clkbuf_4 in cell user_project_wrapper
Note:  Implicit pin X in instance clkload459 of sky130_fd_sc_hd__clkbuf_4 in cell user_project_wrapper
Note:  Implicit pin X in instance clkload460 of sky130_fd_sc_hd__clkbuf_8 in cell user_project_wrapper
Note:  Implicit pin X in instance clkload461 of sky130_fd_sc_hd__clkbuf_8 in cell user_project_wrapper
Note:  Implicit pin X in instance clkload462 of sky130_fd_sc_hd__clkbuf_8 in cell user_project_wrapper
Note:  Implicit pin X in instance clkload463 of sky130_fd_sc_hd__clkbuf_8 in cell user_project_wrapper
Note:  Implicit pin X in instance clkload464 of sky130_fd_sc_hd__clkbuf_8 in cell user_project_wrapper
Note:  Implicit pin X in instance clkload465 of sky130_fd_sc_hd__clkbuf_8 in cell user_project_wrapper
Note:  Implicit pin X in instance clkload466 of sky130_fd_sc_hd__clkbuf_4 in cell user_project_wrapper
Note:  Implicit pin X in instance clkload467 of sky130_fd_sc_hd__clkbuf_8 in cell user_project_wrapper
Note:  Implicit pin X in instance clkload468 of sky130_fd_sc_hd__clkbuf_4 in cell user_project_wrapper
Note:  Implicit pin X in instance clkload469 of sky130_fd_sc_hd__clkbuf_4 in cell user_project_wrapper
Note:  Implicit pin X in instance clkload470 of sky130_fd_sc_hd__clkbuf_8 in cell user_project_wrapper
Note:  Implicit pin X in instance clkload471 of sky130_fd_sc_hd__clkbuf_8 in cell user_project_wrapper
Note:  Implicit pin X in instance clkload472 of sky130_fd_sc_hd__clkbuf_8 in cell user_project_wrapper
Note:  Implicit pin Y in instance clkload473 of sky130_fd_sc_hd__clkinv_2 in cell user_project_wrapper
Note:  Implicit pin Y in instance clkload474 of sky130_fd_sc_hd__bufinv_16 in cell user_project_wrapper
Note:  Implicit pin X in instance clkload475 of sky130_fd_sc_hd__clkbuf_8 in cell user_project_wrapper
Note:  Implicit pin Y in instance clkload476 of sky130_fd_sc_hd__bufinv_16 in cell user_project_wrapper
Note:  Implicit pin Y in instance clkload477 of sky130_fd_sc_hd__bufinv_16 in cell user_project_wrapper
Note:  Implicit pin Y in instance clkload478 of sky130_fd_sc_hd__clkinv_2 in cell user_project_wrapper
Note:  Implicit pin X in instance clkload479 of sky130_fd_sc_hd__clkbuf_4 in cell user_project_wrapper
Note:  Implicit pin X in instance clkload480 of sky130_fd_sc_hd__clkbuf_8 in cell user_project_wrapper
Note:  Implicit pin Y in instance clkload481 of sky130_fd_sc_hd__bufinv_16 in cell user_project_wrapper
Note:  Implicit pin Y in instance clkload482 of sky130_fd_sc_hd__clkinv_2 in cell user_project_wrapper
Note:  Implicit pin Y in instance clkload483 of sky130_fd_sc_hd__bufinv_16 in cell user_project_wrapper
Note:  Implicit pin Y in instance clkload484 of sky130_fd_sc_hd__clkinv_2 in cell user_project_wrapper
Note:  Implicit pin X in instance clkload485 of sky130_fd_sc_hd__clkbuf_8 in cell user_project_wrapper
Note:  Implicit pin X in instance clkload486 of sky130_fd_sc_hd__clkbuf_4 in cell user_project_wrapper
Note:  Implicit pin X in instance clkload487 of sky130_fd_sc_hd__clkbuf_4 in cell user_project_wrapper
Note:  Implicit pin X in instance clkload488 of sky130_fd_sc_hd__clkbuf_4 in cell user_project_wrapper
Note:  Implicit pin X in instance clkload489 of sky130_fd_sc_hd__clkbuf_8 in cell user_project_wrapper
Note:  Implicit pin X in instance clkload490 of sky130_fd_sc_hd__clkbuf_8 in cell user_project_wrapper
Note:  Implicit pin X in instance clkload491 of sky130_fd_sc_hd__clkbuf_8 in cell user_project_wrapper
Note:  Implicit pin X in instance clkload492 of sky130_fd_sc_hd__clkbuf_8 in cell user_project_wrapper
Note:  Implicit pin X in instance clkload493 of sky130_fd_sc_hd__clkbuf_8 in cell user_project_wrapper
Note:  Implicit pin X in instance clkload494 of sky130_fd_sc_hd__clkbuf_8 in cell user_project_wrapper
Note:  Implicit pin X in instance clkload495 of sky130_fd_sc_hd__clkbuf_4 in cell user_project_wrapper
Note:  Implicit pin X in instance clkload496 of sky130_fd_sc_hd__clkbuf_4 in cell user_project_wrapper
Note:  Implicit pin Y in instance clkload497 of sky130_fd_sc_hd__clkinv_2 in cell user_project_wrapper
Note:  Implicit pin Y in instance clkload498 of sky130_fd_sc_hd__clkinv_2 in cell user_project_wrapper
Note:  Implicit pin Y in instance clkload499 of sky130_fd_sc_hd__bufinv_16 in cell user_project_wrapper
Note:  Implicit pin Y in instance clkload500 of sky130_fd_sc_hd__clkinv_2 in cell user_project_wrapper
Note:  Implicit pin Y in instance clkload501 of sky130_fd_sc_hd__clkinv_2 in cell user_project_wrapper
Note:  Implicit pin X in instance clkload502 of sky130_fd_sc_hd__clkbuf_8 in cell user_project_wrapper
Note:  Implicit pin Y in instance clkload503 of sky130_fd_sc_hd__clkinv_2 in cell user_project_wrapper
Note:  Implicit pin Y in instance clkload504 of sky130_fd_sc_hd__clkinv_2 in cell user_project_wrapper
Note:  Implicit pin Y in instance clkload505 of sky130_fd_sc_hd__clkinv_2 in cell user_project_wrapper
Note:  Implicit pin X in instance clkload506 of sky130_fd_sc_hd__clkbuf_4 in cell user_project_wrapper
Note:  Implicit pin Y in instance clkload507 of sky130_fd_sc_hd__clkinv_2 in cell user_project_wrapper
Note:  Implicit pin X in instance clkload508 of sky130_fd_sc_hd__clkbuf_8 in cell user_project_wrapper
Note:  Implicit pin X in instance clkload509 of sky130_fd_sc_hd__clkbuf_8 in cell user_project_wrapper
Note:  Implicit pin Y in instance clkload510 of sky130_fd_sc_hd__clkinv_2 in cell user_project_wrapper
Note:  Implicit pin X in instance clkload511 of sky130_fd_sc_hd__clkbuf_8 in cell user_project_wrapper
Note:  Implicit pin X in instance clkload512 of sky130_fd_sc_hd__clkbuf_4 in cell user_project_wrapper
Note:  Implicit pin X in instance clkload513 of sky130_fd_sc_hd__clkbuf_4 in cell user_project_wrapper
Note:  Implicit pin X in instance clkload514 of sky130_fd_sc_hd__clkbuf_8 in cell user_project_wrapper
Note:  Implicit pin X in instance clkload515 of sky130_fd_sc_hd__clkbuf_4 in cell user_project_wrapper
Note:  Implicit pin X in instance clkload516 of sky130_fd_sc_hd__clkbuf_8 in cell user_project_wrapper
Note:  Implicit pin X in instance clkload517 of sky130_fd_sc_hd__clkbuf_4 in cell user_project_wrapper
Note:  Implicit pin X in instance clkload518 of sky130_fd_sc_hd__clkbuf_4 in cell user_project_wrapper
Note:  Implicit pin X in instance clkload519 of sky130_fd_sc_hd__clkbuf_4 in cell user_project_wrapper
Note:  Implicit pin Y in instance clkload520 of sky130_fd_sc_hd__clkinv_2 in cell user_project_wrapper
Note:  Implicit pin X in instance clkload521 of sky130_fd_sc_hd__clkbuf_8 in cell user_project_wrapper
Note:  Implicit pin X in instance clkload522 of sky130_fd_sc_hd__clkbuf_8 in cell user_project_wrapper
Note:  Implicit pin X in instance clkload523 of sky130_fd_sc_hd__clkbuf_4 in cell user_project_wrapper
Note:  Implicit pin X in instance clkload524 of sky130_fd_sc_hd__clkbuf_4 in cell user_project_wrapper
Note:  Implicit pin Y in instance clkload525 of sky130_fd_sc_hd__clkinv_2 in cell user_project_wrapper
Note:  Implicit pin Y in instance clkload526 of sky130_fd_sc_hd__clkinv_2 in cell user_project_wrapper
Note:  Implicit pin Y in instance clkload527 of sky130_fd_sc_hd__clkinv_2 in cell user_project_wrapper
Note:  Implicit pin Y in instance clkload528 of sky130_fd_sc_hd__clkinv_2 in cell user_project_wrapper
Note:  Implicit pin X in instance clkload529 of sky130_fd_sc_hd__clkbuf_8 in cell user_project_wrapper
Note:  Implicit pin X in instance clkload530 of sky130_fd_sc_hd__clkbuf_4 in cell user_project_wrapper
Note:  Implicit pin X in instance clkload531 of sky130_fd_sc_hd__clkbuf_4 in cell user_project_wrapper
Note:  Implicit pin X in instance clkload532 of sky130_fd_sc_hd__clkbuf_8 in cell user_project_wrapper
Note:  Implicit pin X in instance clkload533 of sky130_fd_sc_hd__clkbuf_4 in cell user_project_wrapper
Note:  Implicit pin X in instance clkload534 of sky130_fd_sc_hd__clkbuf_8 in cell user_project_wrapper
Note:  Implicit pin Y in instance clkload535 of sky130_fd_sc_hd__clkinv_2 in cell user_project_wrapper
Note:  Implicit pin X in instance clkload536 of sky130_fd_sc_hd__clkbuf_8 in cell user_project_wrapper
Note:  Implicit pin Y in instance clkload537 of sky130_fd_sc_hd__bufinv_16 in cell user_project_wrapper
Note:  Implicit pin Y in instance clkload538 of sky130_fd_sc_hd__clkinv_2 in cell user_project_wrapper
Note:  Implicit pin Y in instance clkload539 of sky130_fd_sc_hd__clkinv_2 in cell user_project_wrapper
Note:  Implicit pin Y in instance clkload540 of sky130_fd_sc_hd__bufinv_16 in cell user_project_wrapper
Note:  Implicit pin Y in instance clkload541 of sky130_fd_sc_hd__bufinv_16 in cell user_project_wrapper
Note:  Implicit pin X in instance clkload542 of sky130_fd_sc_hd__clkbuf_4 in cell user_project_wrapper
Note:  Implicit pin Y in instance clkload543 of sky130_fd_sc_hd__clkinv_2 in cell user_project_wrapper
Note:  Implicit pin Y in instance clkload544 of sky130_fd_sc_hd__bufinv_16 in cell user_project_wrapper
Note:  Implicit pin Y in instance clkload545 of sky130_fd_sc_hd__clkinv_2 in cell user_project_wrapper
Note:  Implicit pin X in instance clkload546 of sky130_fd_sc_hd__clkbuf_8 in cell user_project_wrapper
Note:  Implicit pin Y in instance clkload547 of sky130_fd_sc_hd__clkinv_2 in cell user_project_wrapper
Note:  Implicit pin X in instance clkload548 of sky130_fd_sc_hd__clkbuf_4 in cell user_project_wrapper
Note:  Implicit pin X in instance clkload549 of sky130_fd_sc_hd__clkbuf_4 in cell user_project_wrapper
Note:  Implicit pin X in instance clkload550 of sky130_fd_sc_hd__clkbuf_8 in cell user_project_wrapper
Note:  Implicit pin X in instance clkload551 of sky130_fd_sc_hd__clkbuf_8 in cell user_project_wrapper
Note:  Implicit pin Y in instance clkload552 of sky130_fd_sc_hd__clkinv_2 in cell user_project_wrapper
Note:  Implicit pin X in instance clkload553 of sky130_fd_sc_hd__clkbuf_4 in cell user_project_wrapper
Note:  Implicit pin X in instance clkload554 of sky130_fd_sc_hd__clkbuf_4 in cell user_project_wrapper
Note:  Implicit pin X in instance clkload555 of sky130_fd_sc_hd__clkbuf_4 in cell user_project_wrapper
Note:  Implicit pin Y in instance clkload556 of sky130_fd_sc_hd__clkinv_2 in cell user_project_wrapper
Note:  Implicit pin Y in instance clkload557 of sky130_fd_sc_hd__clkinv_2 in cell user_project_wrapper
Note:  Implicit pin Y in instance clkload558 of sky130_fd_sc_hd__clkinv_2 in cell user_project_wrapper
Note:  Implicit pin X in instance clkload559 of sky130_fd_sc_hd__clkbuf_8 in cell user_project_wrapper
Note:  Implicit pin Y in instance clkload560 of sky130_fd_sc_hd__clkinv_2 in cell user_project_wrapper
Note:  Implicit pin X in instance clkload561 of sky130_fd_sc_hd__clkbuf_8 in cell user_project_wrapper
Note:  Implicit pin Y in instance clkload562 of sky130_fd_sc_hd__clkinvlp_4 in cell user_project_wrapper
Note:  Implicit pin X in instance clkload563 of sky130_fd_sc_hd__clkbuf_4 in cell user_project_wrapper
Note:  Implicit pin Y in instance clkload564 of sky130_fd_sc_hd__clkinvlp_4 in cell user_project_wrapper
Note:  Implicit pin X in instance clkload565 of sky130_fd_sc_hd__clkbuf_8 in cell user_project_wrapper
Note:  Implicit pin X in instance clkload566 of sky130_fd_sc_hd__clkbuf_8 in cell user_project_wrapper
Note:  Implicit pin Y in instance clkload567 of sky130_fd_sc_hd__clkinvlp_4 in cell user_project_wrapper
Note:  Implicit pin Y in instance clkload568 of sky130_fd_sc_hd__clkinv_2 in cell user_project_wrapper
Note:  Implicit pin Y in instance clkload569 of sky130_fd_sc_hd__clkinv_2 in cell user_project_wrapper
Note:  Implicit pin X in instance clkload570 of sky130_fd_sc_hd__clkbuf_8 in cell user_project_wrapper
Note:  Implicit pin Y in instance clkload571 of sky130_fd_sc_hd__clkinvlp_4 in cell user_project_wrapper
Note:  Implicit pin Y in instance clkload572 of sky130_fd_sc_hd__clkinvlp_4 in cell user_project_wrapper
Note:  Implicit pin Y in instance clkload573 of sky130_fd_sc_hd__bufinv_16 in cell user_project_wrapper
Note:  Implicit pin Y in instance clkload574 of sky130_fd_sc_hd__clkinv_2 in cell user_project_wrapper
Note:  Implicit pin Y in instance clkload575 of sky130_fd_sc_hd__clkinv_2 in cell user_project_wrapper
Note:  Implicit pin Y in instance clkload576 of sky130_fd_sc_hd__bufinv_16 in cell user_project_wrapper
Note:  Implicit pin Y in instance clkload577 of sky130_fd_sc_hd__clkinv_2 in cell user_project_wrapper
Note:  Implicit pin Y in instance clkload578 of sky130_fd_sc_hd__clkinvlp_4 in cell user_project_wrapper
Note:  Implicit pin Y in instance clkload579 of sky130_fd_sc_hd__bufinv_16 in cell user_project_wrapper
Note:  Implicit pin X in instance clkload580 of sky130_fd_sc_hd__clkbuf_8 in cell user_project_wrapper
Note:  Implicit pin Y in instance clkload581 of sky130_fd_sc_hd__bufinv_16 in cell user_project_wrapper
Note:  Implicit pin Y in instance clkload582 of sky130_fd_sc_hd__bufinv_16 in cell user_project_wrapper
Note:  Implicit pin Y in instance clkload583 of sky130_fd_sc_hd__clkinv_2 in cell user_project_wrapper
Note:  Implicit pin Y in instance clkload584 of sky130_fd_sc_hd__clkinv_2 in cell user_project_wrapper
Note:  Implicit pin X in instance clkload585 of sky130_fd_sc_hd__clkbuf_8 in cell user_project_wrapper
Note:  Implicit pin Y in instance clkload586 of sky130_fd_sc_hd__clkinv_2 in cell user_project_wrapper
Note:  Implicit pin Y in instance clkload587 of sky130_fd_sc_hd__clkinv_2 in cell user_project_wrapper
Note:  Implicit pin X in instance clkload588 of sky130_fd_sc_hd__clkbuf_8 in cell user_project_wrapper
Note:  Implicit pin X in instance clkload589 of sky130_fd_sc_hd__clkbuf_4 in cell user_project_wrapper
Note:  Implicit pin X in instance clkload590 of sky130_fd_sc_hd__clkbuf_8 in cell user_project_wrapper
Note:  Implicit pin Y in instance clkload591 of sky130_fd_sc_hd__clkinv_2 in cell user_project_wrapper
Note:  Implicit pin X in instance clkload592 of sky130_fd_sc_hd__clkbuf_8 in cell user_project_wrapper
Note:  Implicit pin X in instance clkload593 of sky130_fd_sc_hd__clkbuf_4 in cell user_project_wrapper
Note:  Implicit pin X in instance clkload594 of sky130_fd_sc_hd__clkbuf_8 in cell user_project_wrapper
Note:  Implicit pin Y in instance clkload595 of sky130_fd_sc_hd__clkinvlp_4 in cell user_project_wrapper
Note:  Implicit pin Y in instance clkload596 of sky130_fd_sc_hd__clkinv_2 in cell user_project_wrapper
Note:  Implicit pin Y in instance clkload597 of sky130_fd_sc_hd__bufinv_16 in cell user_project_wrapper
Note:  Implicit pin X in instance clkload598 of sky130_fd_sc_hd__clkbuf_8 in cell user_project_wrapper
Note:  Implicit pin Y in instance clkload599 of sky130_fd_sc_hd__bufinv_16 in cell user_project_wrapper
Note:  Implicit pin X in instance clkload600 of sky130_fd_sc_hd__clkbuf_4 in cell user_project_wrapper
Note:  Implicit pin Y in instance clkload601 of sky130_fd_sc_hd__clkinv_2 in cell user_project_wrapper
Note:  Implicit pin X in instance clkload602 of sky130_fd_sc_hd__clkbuf_8 in cell user_project_wrapper
Note:  Implicit pin X in instance clkload603 of sky130_fd_sc_hd__clkbuf_4 in cell user_project_wrapper
Note:  Implicit pin X in instance clkload604 of sky130_fd_sc_hd__clkbuf_4 in cell user_project_wrapper
Note:  Implicit pin X in instance clkload605 of sky130_fd_sc_hd__clkbuf_8 in cell user_project_wrapper
Note:  Implicit pin X in instance clkload606 of sky130_fd_sc_hd__clkbuf_4 in cell user_project_wrapper
Note:  Implicit pin X in instance clkload607 of sky130_fd_sc_hd__clkbuf_4 in cell user_project_wrapper
Note:  Implicit pin Y in instance clkload608 of sky130_fd_sc_hd__clkinv_2 in cell user_project_wrapper
Note:  Implicit pin X in instance clkload609 of sky130_fd_sc_hd__clkbuf_4 in cell user_project_wrapper
Note:  Implicit pin X in instance clkload610 of sky130_fd_sc_hd__clkbuf_4 in cell user_project_wrapper
Note:  Implicit pin X in instance clkload611 of sky130_fd_sc_hd__clkbuf_8 in cell user_project_wrapper
Note:  Implicit pin X in instance clkload612 of sky130_fd_sc_hd__clkbuf_8 in cell user_project_wrapper
Note:  Implicit pin Y in instance clkload613 of sky130_fd_sc_hd__clkinv_2 in cell user_project_wrapper
Note:  Implicit pin X in instance clkload614 of sky130_fd_sc_hd__clkbuf_4 in cell user_project_wrapper
Note:  Implicit pin X in instance clkload615 of sky130_fd_sc_hd__clkbuf_4 in cell user_project_wrapper
Note:  Implicit pin Y in instance clkload616 of sky130_fd_sc_hd__clkinv_2 in cell user_project_wrapper
Note:  Implicit pin X in instance clkload617 of sky130_fd_sc_hd__clkbuf_4 in cell user_project_wrapper
Note:  Implicit pin X in instance clkload618 of sky130_fd_sc_hd__clkbuf_8 in cell user_project_wrapper
Note:  Implicit pin X in instance clkload619 of sky130_fd_sc_hd__clkbuf_8 in cell user_project_wrapper
Note:  Implicit pin X in instance clkload620 of sky130_fd_sc_hd__clkbuf_8 in cell user_project_wrapper
Note:  Implicit pin X in instance clkload621 of sky130_fd_sc_hd__clkbuf_4 in cell user_project_wrapper
Note:  Implicit pin X in instance clkload622 of sky130_fd_sc_hd__clkbuf_4 in cell user_project_wrapper
Note:  Implicit pin X in instance clkload623 of sky130_fd_sc_hd__clkbuf_4 in cell user_project_wrapper
Note:  Implicit pin X in instance clkload624 of sky130_fd_sc_hd__clkbuf_4 in cell user_project_wrapper
Note:  Implicit pin X in instance clkload625 of sky130_fd_sc_hd__clkbuf_4 in cell user_project_wrapper
Note:  Implicit pin Y in instance clkload626 of sky130_fd_sc_hd__bufinv_16 in cell user_project_wrapper
Note:  Implicit pin Y in instance clkload627 of sky130_fd_sc_hd__clkinv_2 in cell user_project_wrapper
Note:  Implicit pin Y in instance clkload628 of sky130_fd_sc_hd__clkinv_2 in cell user_project_wrapper
Note:  Implicit pin Y in instance clkload629 of sky130_fd_sc_hd__bufinv_16 in cell user_project_wrapper
Note:  Implicit pin Y in instance clkload630 of sky130_fd_sc_hd__clkinv_2 in cell user_project_wrapper
Note:  Implicit pin X in instance clkload631 of sky130_fd_sc_hd__clkbuf_8 in cell user_project_wrapper
Note:  Implicit pin X in instance clkload632 of sky130_fd_sc_hd__clkbuf_8 in cell user_project_wrapper
Note:  Implicit pin X in instance clkload633 of sky130_fd_sc_hd__clkbuf_4 in cell user_project_wrapper
Note:  Implicit pin X in instance clkload634 of sky130_fd_sc_hd__clkbuf_4 in cell user_project_wrapper
Note:  Implicit pin X in instance clkload635 of sky130_fd_sc_hd__clkbuf_4 in cell user_project_wrapper
Note:  Implicit pin X in instance clkload636 of sky130_fd_sc_hd__clkbuf_8 in cell user_project_wrapper
Note:  Implicit pin X in instance clkload637 of sky130_fd_sc_hd__clkbuf_8 in cell user_project_wrapper
Note:  Implicit pin X in instance clkload638 of sky130_fd_sc_hd__clkbuf_4 in cell user_project_wrapper
Note:  Implicit pin X in instance clkload639 of sky130_fd_sc_hd__clkbuf_8 in cell user_project_wrapper
Note:  Implicit pin X in instance clkload640 of sky130_fd_sc_hd__clkbuf_8 in cell user_project_wrapper
Note:  Implicit pin Y in instance clkload641 of sky130_fd_sc_hd__clkinv_2 in cell user_project_wrapper
Note:  Implicit pin Y in instance clkload642 of sky130_fd_sc_hd__bufinv_16 in cell user_project_wrapper
Note:  Implicit pin Y in instance clkload643 of sky130_fd_sc_hd__bufinv_16 in cell user_project_wrapper
Note:  Implicit pin Y in instance clkload644 of sky130_fd_sc_hd__clkinv_2 in cell user_project_wrapper
Note:  Implicit pin Y in instance clkload645 of sky130_fd_sc_hd__clkinv_2 in cell user_project_wrapper
Note:  Implicit pin X in instance clkload646 of sky130_fd_sc_hd__clkbuf_4 in cell user_project_wrapper
Note:  Implicit pin X in instance clkload647 of sky130_fd_sc_hd__clkbuf_8 in cell user_project_wrapper
Note:  Implicit pin X in instance clkload648 of sky130_fd_sc_hd__clkbuf_4 in cell user_project_wrapper
Note:  Implicit pin X in instance clkload649 of sky130_fd_sc_hd__clkbuf_4 in cell user_project_wrapper
Note:  Implicit pin X in instance clkload650 of sky130_fd_sc_hd__clkbuf_4 in cell user_project_wrapper
Note:  Implicit pin Y in instance clkload651 of sky130_fd_sc_hd__clkinv_2 in cell user_project_wrapper
Note:  Implicit pin Y in instance clkload652 of sky130_fd_sc_hd__clkinv_2 in cell user_project_wrapper
Note:  Implicit pin X in instance clkload653 of sky130_fd_sc_hd__clkbuf_8 in cell user_project_wrapper
Note:  Implicit pin X in instance clkload654 of sky130_fd_sc_hd__clkbuf_4 in cell user_project_wrapper
Note:  Implicit pin Y in instance clkload655 of sky130_fd_sc_hd__clkinv_2 in cell user_project_wrapper
Note:  Implicit pin X in instance clkload656 of sky130_fd_sc_hd__clkbuf_4 in cell user_project_wrapper
Note:  Implicit pin Y in instance clkload657 of sky130_fd_sc_hd__clkinv_2 in cell user_project_wrapper
Note:  Implicit pin X in instance clkload658 of sky130_fd_sc_hd__clkbuf_4 in cell user_project_wrapper
Note:  Implicit pin Y in instance clkload659 of sky130_fd_sc_hd__clkinv_2 in cell user_project_wrapper
Note:  Implicit pin X in instance clkload660 of sky130_fd_sc_hd__clkbuf_4 in cell user_project_wrapper
Note:  Implicit pin Y in instance clkload661 of sky130_fd_sc_hd__clkinv_2 in cell user_project_wrapper
Note:  Implicit pin X in instance clkload662 of sky130_fd_sc_hd__clkbuf_8 in cell user_project_wrapper
Note:  Implicit pin X in instance clkload663 of sky130_fd_sc_hd__clkbuf_8 in cell user_project_wrapper
Note:  Implicit pin X in instance clkload664 of sky130_fd_sc_hd__clkbuf_4 in cell user_project_wrapper
Note:  Implicit pin X in instance clkload665 of sky130_fd_sc_hd__clkbuf_8 in cell user_project_wrapper
Note:  Implicit pin X in instance clkload666 of sky130_fd_sc_hd__clkbuf_4 in cell user_project_wrapper
Note:  Implicit pin X in instance clkload667 of sky130_fd_sc_hd__clkbuf_8 in cell user_project_wrapper
Note:  Implicit pin X in instance clkload668 of sky130_fd_sc_hd__clkbuf_4 in cell user_project_wrapper
Note:  Implicit pin X in instance clkload669 of sky130_fd_sc_hd__clkbuf_4 in cell user_project_wrapper
Note:  Implicit pin X in instance clkload670 of sky130_fd_sc_hd__clkbuf_4 in cell user_project_wrapper
Note:  Implicit pin X in instance clkload671 of sky130_fd_sc_hd__clkbuf_8 in cell user_project_wrapper
Note:  Implicit pin X in instance clkload672 of sky130_fd_sc_hd__clkbuf_4 in cell user_project_wrapper
Note:  Implicit pin X in instance clkload673 of sky130_fd_sc_hd__clkbuf_4 in cell user_project_wrapper
Note:  Implicit pin X in instance clkload674 of sky130_fd_sc_hd__clkbuf_4 in cell user_project_wrapper
Note:  Implicit pin X in instance clkload675 of sky130_fd_sc_hd__clkbuf_8 in cell user_project_wrapper
Note:  Implicit pin X in instance clkload676 of sky130_fd_sc_hd__clkbuf_4 in cell user_project_wrapper
Note:  Implicit pin Y in instance clkload677 of sky130_fd_sc_hd__clkinv_2 in cell user_project_wrapper
Note:  Implicit pin Y in instance clkload678 of sky130_fd_sc_hd__clkinv_2 in cell user_project_wrapper
Note:  Implicit pin Y in instance clkload679 of sky130_fd_sc_hd__clkinv_2 in cell user_project_wrapper
Note:  Implicit pin Y in instance clkload680 of sky130_fd_sc_hd__clkinv_2 in cell user_project_wrapper
Note:  Implicit pin X in instance clkload681 of sky130_fd_sc_hd__clkbuf_4 in cell user_project_wrapper
Note:  Implicit pin X in instance clkload682 of sky130_fd_sc_hd__clkbuf_4 in cell user_project_wrapper
Note:  Implicit pin X in instance clkload683 of sky130_fd_sc_hd__clkbuf_4 in cell user_project_wrapper
Note:  Implicit pin X in instance clkload684 of sky130_fd_sc_hd__clkbuf_4 in cell user_project_wrapper
Note:  Implicit pin X in instance clkload685 of sky130_fd_sc_hd__clkbuf_8 in cell user_project_wrapper
Note:  Implicit pin X in instance clkload686 of sky130_fd_sc_hd__clkbuf_8 in cell user_project_wrapper
Note:  Implicit pin X in instance clkload687 of sky130_fd_sc_hd__clkbuf_4 in cell user_project_wrapper
Note:  Implicit pin X in instance clkload688 of sky130_fd_sc_hd__clkbuf_4 in cell user_project_wrapper
Note:  Implicit pin X in instance clkload689 of sky130_fd_sc_hd__clkbuf_8 in cell user_project_wrapper
Note:  Implicit pin X in instance clkload690 of sky130_fd_sc_hd__clkbuf_4 in cell user_project_wrapper
Note:  Implicit pin X in instance clkload691 of sky130_fd_sc_hd__clkbuf_4 in cell user_project_wrapper
Note:  Implicit pin X in instance clkload692 of sky130_fd_sc_hd__clkbuf_8 in cell user_project_wrapper
Note:  Implicit pin X in instance clkload693 of sky130_fd_sc_hd__clkbuf_4 in cell user_project_wrapper
Note:  Implicit pin X in instance clkload694 of sky130_fd_sc_hd__clkbuf_4 in cell user_project_wrapper
Note:  Implicit pin X in instance clkload695 of sky130_fd_sc_hd__clkbuf_4 in cell user_project_wrapper
Note:  Implicit pin X in instance clkload696 of sky130_fd_sc_hd__clkbuf_4 in cell user_project_wrapper
Note:  Implicit pin X in instance clkload697 of sky130_fd_sc_hd__clkbuf_4 in cell user_project_wrapper
Note:  Implicit pin X in instance clkload698 of sky130_fd_sc_hd__clkbuf_4 in cell user_project_wrapper
Note:  Implicit pin X in instance clkload699 of sky130_fd_sc_hd__clkbuf_4 in cell user_project_wrapper
Note:  Implicit pin X in instance clkload700 of sky130_fd_sc_hd__clkbuf_8 in cell user_project_wrapper
Note:  Implicit pin X in instance clkload701 of sky130_fd_sc_hd__clkbuf_4 in cell user_project_wrapper
Note:  Implicit pin X in instance clkload702 of sky130_fd_sc_hd__clkbuf_4 in cell user_project_wrapper
Note:  Implicit pin X in instance clkload703 of sky130_fd_sc_hd__clkbuf_8 in cell user_project_wrapper
Note:  Implicit pin Y in instance clkload704 of sky130_fd_sc_hd__clkinv_2 in cell user_project_wrapper
Note:  Implicit pin X in instance clkload705 of sky130_fd_sc_hd__clkbuf_4 in cell user_project_wrapper
Note:  Implicit pin X in instance clkload706 of sky130_fd_sc_hd__clkbuf_4 in cell user_project_wrapper
Note:  Implicit pin X in instance clkload707 of sky130_fd_sc_hd__clkbuf_8 in cell user_project_wrapper
Note:  Implicit pin X in instance clkload708 of sky130_fd_sc_hd__clkbuf_8 in cell user_project_wrapper
Note:  Implicit pin X in instance clkload709 of sky130_fd_sc_hd__clkbuf_8 in cell user_project_wrapper
Note:  Implicit pin X in instance clkload710 of sky130_fd_sc_hd__clkbuf_4 in cell user_project_wrapper
Note:  Implicit pin X in instance clkload711 of sky130_fd_sc_hd__clkbuf_8 in cell user_project_wrapper
Note:  Implicit pin X in instance clkload712 of sky130_fd_sc_hd__clkbuf_8 in cell user_project_wrapper
Note:  Implicit pin X in instance clkload713 of sky130_fd_sc_hd__clkbuf_8 in cell user_project_wrapper
Note:  Implicit pin X in instance clkload714 of sky130_fd_sc_hd__clkbuf_8 in cell user_project_wrapper
Note:  Implicit pin X in instance clkload715 of sky130_fd_sc_hd__clkbuf_8 in cell user_project_wrapper
Note:  Implicit pin Y in instance clkload716 of sky130_fd_sc_hd__clkinv_2 in cell user_project_wrapper
Note:  Implicit pin X in instance clkload717 of sky130_fd_sc_hd__clkbuf_8 in cell user_project_wrapper
Note:  Implicit pin X in instance clkload718 of sky130_fd_sc_hd__clkbuf_4 in cell user_project_wrapper
Note:  Implicit pin X in instance clkload719 of sky130_fd_sc_hd__clkbuf_4 in cell user_project_wrapper
Note:  Implicit pin X in instance clkload720 of sky130_fd_sc_hd__clkbuf_8 in cell user_project_wrapper
Note:  Implicit pin Y in instance clkload721 of sky130_fd_sc_hd__clkinv_2 in cell user_project_wrapper
Note:  Implicit pin X in instance clkload722 of sky130_fd_sc_hd__clkbuf_8 in cell user_project_wrapper
Note:  Implicit pin X in instance clkload723 of sky130_fd_sc_hd__clkbuf_4 in cell user_project_wrapper
Note:  Implicit pin X in instance clkload724 of sky130_fd_sc_hd__clkbuf_4 in cell user_project_wrapper
Note:  Implicit pin X in instance clkload725 of sky130_fd_sc_hd__clkbuf_4 in cell user_project_wrapper
Note:  Implicit pin X in instance clkload726 of sky130_fd_sc_hd__clkbuf_4 in cell user_project_wrapper
Note:  Implicit pin X in instance clkload727 of sky130_fd_sc_hd__clkbuf_4 in cell user_project_wrapper
Note:  Implicit pin X in instance clkload728 of sky130_fd_sc_hd__clkbuf_4 in cell user_project_wrapper
Note:  Implicit pin X in instance clkload729 of sky130_fd_sc_hd__clkbuf_8 in cell user_project_wrapper
Note:  Implicit pin X in instance clkload730 of sky130_fd_sc_hd__clkbuf_4 in cell user_project_wrapper
Note:  Implicit pin X in instance clkload731 of sky130_fd_sc_hd__clkbuf_8 in cell user_project_wrapper
Note:  Implicit pin X in instance clkload732 of sky130_fd_sc_hd__clkbuf_8 in cell user_project_wrapper
Note:  Implicit pin X in instance clkload733 of sky130_fd_sc_hd__clkbuf_8 in cell user_project_wrapper
Note:  Implicit pin X in instance clkload734 of sky130_fd_sc_hd__clkbuf_8 in cell user_project_wrapper
Note:  Implicit pin X in instance clkload735 of sky130_fd_sc_hd__clkbuf_4 in cell user_project_wrapper
Note:  Implicit pin X in instance clkload736 of sky130_fd_sc_hd__clkbuf_4 in cell user_project_wrapper
Note:  Implicit pin X in instance clkload737 of sky130_fd_sc_hd__clkbuf_4 in cell user_project_wrapper
Note:  Implicit pin X in instance clkload738 of sky130_fd_sc_hd__clkbuf_4 in cell user_project_wrapper
Note:  Implicit pin X in instance clkload739 of sky130_fd_sc_hd__clkbuf_4 in cell user_project_wrapper
Note:  Implicit pin X in instance clkload740 of sky130_fd_sc_hd__clkbuf_4 in cell user_project_wrapper
Note:  Implicit pin X in instance clkload741 of sky130_fd_sc_hd__clkbuf_8 in cell user_project_wrapper
Note:  Implicit pin Y in instance clkload742 of sky130_fd_sc_hd__clkinv_2 in cell user_project_wrapper
Note:  Implicit pin X in instance clkload743 of sky130_fd_sc_hd__clkbuf_8 in cell user_project_wrapper
Note:  Implicit pin X in instance clkload744 of sky130_fd_sc_hd__clkbuf_8 in cell user_project_wrapper
Note:  Implicit pin Y in instance clkload745 of sky130_fd_sc_hd__clkinv_2 in cell user_project_wrapper
Note:  Implicit pin X in instance clkload746 of sky130_fd_sc_hd__clkbuf_8 in cell user_project_wrapper
Note:  Implicit pin X in instance clkload747 of sky130_fd_sc_hd__clkbuf_4 in cell user_project_wrapper
Note:  Implicit pin Y in instance clkload748 of sky130_fd_sc_hd__bufinv_16 in cell user_project_wrapper
Note:  Implicit pin X in instance clkload749 of sky130_fd_sc_hd__clkbuf_8 in cell user_project_wrapper
Note:  Implicit pin Y in instance clkload750 of sky130_fd_sc_hd__bufinv_16 in cell user_project_wrapper
Note:  Implicit pin X in instance clkload751 of sky130_fd_sc_hd__clkbuf_8 in cell user_project_wrapper
Note:  Implicit pin Y in instance clkload752 of sky130_fd_sc_hd__bufinv_16 in cell user_project_wrapper
Note:  Implicit pin Y in instance clkload753 of sky130_fd_sc_hd__bufinv_16 in cell user_project_wrapper
Note:  Implicit pin Y in instance clkload754 of sky130_fd_sc_hd__bufinv_16 in cell user_project_wrapper
Note:  Implicit pin X in instance clkload755 of sky130_fd_sc_hd__clkbuf_4 in cell user_project_wrapper
Note:  Implicit pin X in instance clkload756 of sky130_fd_sc_hd__clkbuf_8 in cell user_project_wrapper
Note:  Implicit pin X in instance clkload757 of sky130_fd_sc_hd__clkbuf_4 in cell user_project_wrapper
Note:  Implicit pin X in instance clkload758 of sky130_fd_sc_hd__clkbuf_8 in cell user_project_wrapper
Note:  Implicit pin X in instance clkload759 of sky130_fd_sc_hd__clkbuf_8 in cell user_project_wrapper
Note:  Implicit pin Y in instance clkload760 of sky130_fd_sc_hd__clkinv_2 in cell user_project_wrapper
Note:  Implicit pin Y in instance clkload761 of sky130_fd_sc_hd__clkinv_2 in cell user_project_wrapper
Note:  Implicit pin X in instance clkload762 of sky130_fd_sc_hd__clkbuf_8 in cell user_project_wrapper
Note:  Implicit pin X in instance clkload763 of sky130_fd_sc_hd__clkbuf_4 in cell user_project_wrapper
Note:  Implicit pin X in instance clkload764 of sky130_fd_sc_hd__clkbuf_8 in cell user_project_wrapper
Note:  Implicit pin Y in instance clkload765 of sky130_fd_sc_hd__bufinv_16 in cell user_project_wrapper
Note:  Implicit pin X in instance clkload766 of sky130_fd_sc_hd__clkbuf_8 in cell user_project_wrapper
Note:  Implicit pin Y in instance clkload767 of sky130_fd_sc_hd__clkinv_2 in cell user_project_wrapper
Note:  Implicit pin X in instance clkload768 of sky130_fd_sc_hd__clkbuf_4 in cell user_project_wrapper
Note:  Implicit pin Y in instance clkload769 of sky130_fd_sc_hd__clkinv_2 in cell user_project_wrapper
Note:  Implicit pin X in instance clkload770 of sky130_fd_sc_hd__clkbuf_8 in cell user_project_wrapper
Note:  Implicit pin Y in instance clkload771 of sky130_fd_sc_hd__clkinv_2 in cell user_project_wrapper
Note:  Implicit pin Y in instance clkload772 of sky130_fd_sc_hd__clkinv_2 in cell user_project_wrapper
Note:  Implicit pin Y in instance clkload773 of sky130_fd_sc_hd__clkinv_2 in cell user_project_wrapper
Note:  Implicit pin X in instance clkload774 of sky130_fd_sc_hd__clkbuf_8 in cell user_project_wrapper
Note:  Implicit pin X in instance clkload775 of sky130_fd_sc_hd__clkbuf_4 in cell user_project_wrapper
Note:  Implicit pin X in instance clkload776 of sky130_fd_sc_hd__clkbuf_4 in cell user_project_wrapper
Note:  Implicit pin X in instance clkload777 of sky130_fd_sc_hd__clkbuf_4 in cell user_project_wrapper
Note:  Implicit pin X in instance clkload778 of sky130_fd_sc_hd__clkbuf_8 in cell user_project_wrapper
Note:  Implicit pin X in instance clkload779 of sky130_fd_sc_hd__clkbuf_4 in cell user_project_wrapper
Note:  Implicit pin X in instance clkload780 of sky130_fd_sc_hd__clkbuf_8 in cell user_project_wrapper
Note:  Implicit pin X in instance clkload781 of sky130_fd_sc_hd__clkbuf_4 in cell user_project_wrapper
Note:  Implicit pin X in instance clkload782 of sky130_fd_sc_hd__clkbuf_4 in cell user_project_wrapper
Note:  Implicit pin X in instance clkload783 of sky130_fd_sc_hd__clkbuf_4 in cell user_project_wrapper
Note:  Implicit pin X in instance clkload784 of sky130_fd_sc_hd__clkbuf_8 in cell user_project_wrapper
Note:  Implicit pin X in instance clkload785 of sky130_fd_sc_hd__clkbuf_4 in cell user_project_wrapper
Note:  Implicit pin X in instance clkload786 of sky130_fd_sc_hd__clkbuf_8 in cell user_project_wrapper
Note:  Implicit pin X in instance clkload787 of sky130_fd_sc_hd__clkbuf_8 in cell user_project_wrapper
Note:  Implicit pin X in instance clkload788 of sky130_fd_sc_hd__clkbuf_8 in cell user_project_wrapper
Note:  Implicit pin X in instance clkload789 of sky130_fd_sc_hd__clkbuf_8 in cell user_project_wrapper
Note:  Implicit pin X in instance clkload790 of sky130_fd_sc_hd__clkbuf_4 in cell user_project_wrapper
Note:  Implicit pin Y in instance clkload791 of sky130_fd_sc_hd__clkinv_2 in cell user_project_wrapper
Note:  Implicit pin X in instance clkload792 of sky130_fd_sc_hd__clkbuf_8 in cell user_project_wrapper
Note:  Implicit pin X in instance clkload793 of sky130_fd_sc_hd__clkbuf_8 in cell user_project_wrapper
Note:  Implicit pin X in instance clkload794 of sky130_fd_sc_hd__clkbuf_4 in cell user_project_wrapper
Note:  Implicit pin X in instance clkload795 of sky130_fd_sc_hd__clkbuf_8 in cell user_project_wrapper
Note:  Implicit pin Y in instance clkload796 of sky130_fd_sc_hd__clkinv_2 in cell user_project_wrapper
Note:  Implicit pin X in instance clkload797 of sky130_fd_sc_hd__clkbuf_4 in cell user_project_wrapper
Note:  Implicit pin X in instance clkload798 of sky130_fd_sc_hd__clkbuf_4 in cell user_project_wrapper
Note:  Implicit pin X in instance clkload799 of sky130_fd_sc_hd__clkbuf_4 in cell user_project_wrapper
Note:  Implicit pin X in instance clkload800 of sky130_fd_sc_hd__clkbuf_8 in cell user_project_wrapper
Note:  Implicit pin X in instance clkload801 of sky130_fd_sc_hd__clkbuf_8 in cell user_project_wrapper
Note:  Implicit pin Y in instance clkload802 of sky130_fd_sc_hd__clkinv_2 in cell user_project_wrapper
Note:  Implicit pin X in instance clkload803 of sky130_fd_sc_hd__clkbuf_4 in cell user_project_wrapper
Note:  Implicit pin X in instance clkload804 of sky130_fd_sc_hd__clkbuf_4 in cell user_project_wrapper
Note:  Implicit pin X in instance clkload805 of sky130_fd_sc_hd__clkbuf_4 in cell user_project_wrapper
Note:  Implicit pin Y in instance clkload806 of sky130_fd_sc_hd__clkinv_2 in cell user_project_wrapper
Note:  Implicit pin X in instance clkload807 of sky130_fd_sc_hd__clkbuf_8 in cell user_project_wrapper
Note:  Implicit pin X in instance clkload808 of sky130_fd_sc_hd__clkbuf_4 in cell user_project_wrapper
Note:  Implicit pin X in instance clkload809 of sky130_fd_sc_hd__clkbuf_4 in cell user_project_wrapper
Note:  Implicit pin X in instance clkload810 of sky130_fd_sc_hd__clkbuf_8 in cell user_project_wrapper
Note:  Implicit pin X in instance clkload811 of sky130_fd_sc_hd__clkbuf_4 in cell user_project_wrapper
Note:  Implicit pin X in instance clkload812 of sky130_fd_sc_hd__clkbuf_8 in cell user_project_wrapper
Note:  Implicit pin X in instance clkload813 of sky130_fd_sc_hd__clkbuf_4 in cell user_project_wrapper
Note:  Implicit pin X in instance clkload814 of sky130_fd_sc_hd__clkbuf_8 in cell user_project_wrapper
Note:  Implicit pin X in instance clkload815 of sky130_fd_sc_hd__clkbuf_8 in cell user_project_wrapper
Note:  Implicit pin X in instance clkload816 of sky130_fd_sc_hd__clkbuf_8 in cell user_project_wrapper
Note:  Implicit pin X in instance clkload817 of sky130_fd_sc_hd__clkbuf_8 in cell user_project_wrapper
Note:  Implicit pin X in instance clkload818 of sky130_fd_sc_hd__clkbuf_4 in cell user_project_wrapper
Note:  Implicit pin X in instance clkload819 of sky130_fd_sc_hd__clkbuf_8 in cell user_project_wrapper
Note:  Implicit pin X in instance clkload820 of sky130_fd_sc_hd__clkbuf_4 in cell user_project_wrapper
Note:  Implicit pin X in instance clkload821 of sky130_fd_sc_hd__clkbuf_8 in cell user_project_wrapper
Note:  Implicit pin X in instance clkload822 of sky130_fd_sc_hd__clkbuf_4 in cell user_project_wrapper
Note:  Implicit pin X in instance clkload823 of sky130_fd_sc_hd__clkbuf_4 in cell user_project_wrapper
Note:  Implicit pin X in instance clkload824 of sky130_fd_sc_hd__clkbuf_4 in cell user_project_wrapper
Note:  Implicit pin X in instance clkload825 of sky130_fd_sc_hd__clkbuf_4 in cell user_project_wrapper
Note:  Implicit pin X in instance clkload826 of sky130_fd_sc_hd__clkbuf_4 in cell user_project_wrapper
Note:  Implicit pin X in instance clkload827 of sky130_fd_sc_hd__clkbuf_4 in cell user_project_wrapper
Note:  Implicit pin X in instance clkload828 of sky130_fd_sc_hd__clkbuf_8 in cell user_project_wrapper
Note:  Implicit pin X in instance clkload829 of sky130_fd_sc_hd__clkbuf_4 in cell user_project_wrapper
Note:  Implicit pin X in instance clkload830 of sky130_fd_sc_hd__clkbuf_4 in cell user_project_wrapper
Note:  Implicit pin X in instance clkload831 of sky130_fd_sc_hd__clkbuf_4 in cell user_project_wrapper
Note:  Implicit pin Y in instance clkload832 of sky130_fd_sc_hd__clkinv_2 in cell user_project_wrapper
Note:  Implicit pin X in instance clkload833 of sky130_fd_sc_hd__clkbuf_8 in cell user_project_wrapper
Note:  Implicit pin Y in instance clkload834 of sky130_fd_sc_hd__clkinv_2 in cell user_project_wrapper
Note:  Implicit pin X in instance clkload835 of sky130_fd_sc_hd__clkbuf_4 in cell user_project_wrapper
Note:  Implicit pin X in instance clkload836 of sky130_fd_sc_hd__clkbuf_8 in cell user_project_wrapper
Note:  Implicit pin X in instance clkload837 of sky130_fd_sc_hd__clkbuf_8 in cell user_project_wrapper
Note:  Implicit pin X in instance clkload838 of sky130_fd_sc_hd__clkbuf_4 in cell user_project_wrapper
Note:  Implicit pin X in instance clkload839 of sky130_fd_sc_hd__clkbuf_8 in cell user_project_wrapper
Note:  Implicit pin X in instance clkload840 of sky130_fd_sc_hd__clkbuf_4 in cell user_project_wrapper
Note:  Implicit pin Y in instance clkload841 of sky130_fd_sc_hd__clkinv_2 in cell user_project_wrapper
Note:  Implicit pin X in instance clkload842 of sky130_fd_sc_hd__clkbuf_4 in cell user_project_wrapper
Note:  Implicit pin X in instance clkload843 of sky130_fd_sc_hd__clkbuf_8 in cell user_project_wrapper
Note:  Implicit pin X in instance clkload844 of sky130_fd_sc_hd__clkbuf_4 in cell user_project_wrapper
Note:  Implicit pin X in instance clkload845 of sky130_fd_sc_hd__clkbuf_4 in cell user_project_wrapper
Note:  Implicit pin X in instance clkload846 of sky130_fd_sc_hd__clkbuf_8 in cell user_project_wrapper
Note:  Implicit pin Y in instance clkload847 of sky130_fd_sc_hd__clkinv_2 in cell user_project_wrapper
Note:  Implicit pin Y in instance clkload848 of sky130_fd_sc_hd__clkinv_2 in cell user_project_wrapper
Note:  Implicit pin X in instance clkload849 of sky130_fd_sc_hd__clkbuf_4 in cell user_project_wrapper
Note:  Implicit pin X in instance clkload850 of sky130_fd_sc_hd__clkbuf_8 in cell user_project_wrapper
Note:  Implicit pin Y in instance clkload851 of sky130_fd_sc_hd__clkinv_2 in cell user_project_wrapper
Note:  Implicit pin Y in instance clkload852 of sky130_fd_sc_hd__bufinv_16 in cell user_project_wrapper
Note:  Implicit pin Y in instance clkload853 of sky130_fd_sc_hd__clkinv_2 in cell user_project_wrapper
Note:  Implicit pin X in instance clkload854 of sky130_fd_sc_hd__clkbuf_8 in cell user_project_wrapper
Note:  Implicit pin X in instance clkload855 of sky130_fd_sc_hd__clkbuf_4 in cell user_project_wrapper
Note:  Implicit pin X in instance clkload856 of sky130_fd_sc_hd__clkbuf_8 in cell user_project_wrapper
Note:  Implicit pin X in instance clkload857 of sky130_fd_sc_hd__clkbuf_8 in cell user_project_wrapper
Note:  Implicit pin Y in instance clkload858 of sky130_fd_sc_hd__clkinv_2 in cell user_project_wrapper
Note:  Implicit pin X in instance clkload859 of sky130_fd_sc_hd__clkbuf_8 in cell user_project_wrapper
Note:  Implicit pin X in instance clkload860 of sky130_fd_sc_hd__clkbuf_4 in cell user_project_wrapper
Note:  Implicit pin X in instance clkload861 of sky130_fd_sc_hd__clkbuf_4 in cell user_project_wrapper
Note:  Implicit pin X in instance clkload862 of sky130_fd_sc_hd__clkbuf_8 in cell user_project_wrapper
Note:  Implicit pin X in instance clkload863 of sky130_fd_sc_hd__clkbuf_8 in cell user_project_wrapper
Note:  Implicit pin Y in instance clkload864 of sky130_fd_sc_hd__clkinv_2 in cell user_project_wrapper
Note:  Implicit pin X in instance clkload865 of sky130_fd_sc_hd__clkbuf_4 in cell user_project_wrapper
Note:  Implicit pin X in instance clkload866 of sky130_fd_sc_hd__clkbuf_8 in cell user_project_wrapper
Note:  Implicit pin X in instance clkload867 of sky130_fd_sc_hd__clkbuf_8 in cell user_project_wrapper
Note:  Implicit pin X in instance clkload868 of sky130_fd_sc_hd__clkbuf_8 in cell user_project_wrapper
Note:  Implicit pin Y in instance clkload869 of sky130_fd_sc_hd__clkinv_2 in cell user_project_wrapper
Note:  Implicit pin X in instance clkload870 of sky130_fd_sc_hd__clkbuf_8 in cell user_project_wrapper
Note:  Implicit pin X in instance clkload871 of sky130_fd_sc_hd__clkbuf_8 in cell user_project_wrapper
Note:  Implicit pin X in instance clkload872 of sky130_fd_sc_hd__clkbuf_8 in cell user_project_wrapper
Note:  Implicit pin X in instance clkload873 of sky130_fd_sc_hd__clkbuf_8 in cell user_project_wrapper
Note:  Implicit pin X in instance clkload874 of sky130_fd_sc_hd__clkbuf_8 in cell user_project_wrapper
Note:  Implicit pin X in instance clkload875 of sky130_fd_sc_hd__clkbuf_8 in cell user_project_wrapper
Note:  Implicit pin X in instance clkload876 of sky130_fd_sc_hd__clkbuf_4 in cell user_project_wrapper
Note:  Implicit pin X in instance clkload877 of sky130_fd_sc_hd__clkbuf_4 in cell user_project_wrapper
Note:  Implicit pin X in instance clkload878 of sky130_fd_sc_hd__clkbuf_4 in cell user_project_wrapper
Note:  Implicit pin X in instance clkload879 of sky130_fd_sc_hd__clkbuf_8 in cell user_project_wrapper
Note:  Implicit pin Y in instance clkload880 of sky130_fd_sc_hd__clkinv_2 in cell user_project_wrapper
Note:  Implicit pin X in instance clkload881 of sky130_fd_sc_hd__clkbuf_4 in cell user_project_wrapper
Note:  Implicit pin Y in instance clkload882 of sky130_fd_sc_hd__clkinv_2 in cell user_project_wrapper
Note:  Implicit pin X in instance clkload883 of sky130_fd_sc_hd__clkbuf_4 in cell user_project_wrapper
Note:  Implicit pin Y in instance clkload884 of sky130_fd_sc_hd__clkinv_2 in cell user_project_wrapper
Note:  Implicit pin X in instance clkload885 of sky130_fd_sc_hd__clkbuf_4 in cell user_project_wrapper
Note:  Implicit pin X in instance clkload886 of sky130_fd_sc_hd__clkbuf_4 in cell user_project_wrapper
Note:  Implicit pin X in instance clkload887 of sky130_fd_sc_hd__clkbuf_4 in cell user_project_wrapper
Note:  Implicit pin X in instance clkload888 of sky130_fd_sc_hd__clkbuf_4 in cell user_project_wrapper
Note:  Implicit pin X in instance clkload889 of sky130_fd_sc_hd__clkbuf_4 in cell user_project_wrapper
Note:  Implicit pin Y in instance clkload890 of sky130_fd_sc_hd__clkinv_2 in cell user_project_wrapper
Note:  Implicit pin X in instance clkload891 of sky130_fd_sc_hd__clkbuf_8 in cell user_project_wrapper
Note:  Implicit pin X in instance clkload892 of sky130_fd_sc_hd__clkbuf_8 in cell user_project_wrapper
Note:  Implicit pin Y in instance clkload893 of sky130_fd_sc_hd__clkinv_2 in cell user_project_wrapper
Note:  Implicit pin X in instance clkload894 of sky130_fd_sc_hd__clkbuf_4 in cell user_project_wrapper
Note:  Implicit pin X in instance clkload895 of sky130_fd_sc_hd__clkbuf_8 in cell user_project_wrapper
Note:  Implicit pin X in instance clkload896 of sky130_fd_sc_hd__clkbuf_8 in cell user_project_wrapper
Note:  Implicit pin X in instance clkload897 of sky130_fd_sc_hd__clkbuf_4 in cell user_project_wrapper
Note:  Implicit pin X in instance clkload898 of sky130_fd_sc_hd__clkbuf_4 in cell user_project_wrapper
Note:  Implicit pin X in instance clkload899 of sky130_fd_sc_hd__clkbuf_8 in cell user_project_wrapper
Note:  Implicit pin X in instance clkload900 of sky130_fd_sc_hd__clkbuf_8 in cell user_project_wrapper
Note:  Implicit pin X in instance clkload901 of sky130_fd_sc_hd__clkbuf_4 in cell user_project_wrapper
Note:  Implicit pin X in instance clkload902 of sky130_fd_sc_hd__clkbuf_8 in cell user_project_wrapper
Note:  Implicit pin X in instance clkload903 of sky130_fd_sc_hd__clkbuf_4 in cell user_project_wrapper
Note:  Implicit pin X in instance clkload904 of sky130_fd_sc_hd__clkbuf_8 in cell user_project_wrapper
Note:  Implicit pin X in instance clkload905 of sky130_fd_sc_hd__clkbuf_4 in cell user_project_wrapper
Note:  Implicit pin X in instance clkload906 of sky130_fd_sc_hd__clkbuf_4 in cell user_project_wrapper
Note:  Implicit pin X in instance clkload907 of sky130_fd_sc_hd__clkbuf_8 in cell user_project_wrapper
Note:  Implicit pin Y in instance clkload908 of sky130_fd_sc_hd__clkinv_2 in cell user_project_wrapper
Note:  Implicit pin X in instance clkload909 of sky130_fd_sc_hd__clkbuf_8 in cell user_project_wrapper
Note:  Implicit pin X in instance clkload910 of sky130_fd_sc_hd__clkbuf_8 in cell user_project_wrapper
Note:  Implicit pin X in instance clkload911 of sky130_fd_sc_hd__clkbuf_8 in cell user_project_wrapper
Note:  Implicit pin X in instance clkload912 of sky130_fd_sc_hd__clkbuf_4 in cell user_project_wrapper
Note:  Implicit pin X in instance clkload913 of sky130_fd_sc_hd__clkbuf_8 in cell user_project_wrapper
Note:  Implicit pin X in instance clkload914 of sky130_fd_sc_hd__clkbuf_4 in cell user_project_wrapper
Note:  Implicit pin X in instance clkload915 of sky130_fd_sc_hd__clkbuf_4 in cell user_project_wrapper
Treating empty subcircuits as black-box cells
Generating JSON file result

Reading setup file /home/baungarten/Desktop/lacerta_march/precheck_results/30_APR_2026___11_20_10/tmp/sky130A_setup.tcl

Model sky130_fd_pr__res_generic_po pin 1 == 2
No property value found for device sky130_fd_pr__res_generic_po
No property mult found for device sky130_fd_pr__res_generic_po
Model sky130_fd_pr__res_generic_po pin 1 == 2
No property value found for device sky130_fd_pr__res_generic_po
No property mult found for device sky130_fd_pr__res_generic_po
Model sky130_fd_pr__nfet_01v8 pin 1 == 3
No property mult found for device sky130_fd_pr__nfet_01v8
No property sa found for device sky130_fd_pr__nfet_01v8
No property sb found for device sky130_fd_pr__nfet_01v8
No property sd found for device sky130_fd_pr__nfet_01v8
No property nf found for device sky130_fd_pr__nfet_01v8
No property nrd found for device sky130_fd_pr__nfet_01v8
No property nrs found for device sky130_fd_pr__nfet_01v8
No property area found for device sky130_fd_pr__nfet_01v8
No property perim found for device sky130_fd_pr__nfet_01v8
No property topography found for device sky130_fd_pr__nfet_01v8
Model sky130_fd_pr__nfet_01v8 pin 1 == 3
No property mult found for device sky130_fd_pr__nfet_01v8
No property sa found for device sky130_fd_pr__nfet_01v8
No property sb found for device sky130_fd_pr__nfet_01v8
No property sd found for device sky130_fd_pr__nfet_01v8
No property nf found for device sky130_fd_pr__nfet_01v8
No property nrd found for device sky130_fd_pr__nfet_01v8
No property nrs found for device sky130_fd_pr__nfet_01v8
No property area found for device sky130_fd_pr__nfet_01v8
No property perim found for device sky130_fd_pr__nfet_01v8
No property topography found for device sky130_fd_pr__nfet_01v8
Model sky130_fd_pr__pfet_01v8_hvt pin 1 == 3
No property mult found for device sky130_fd_pr__pfet_01v8_hvt
No property sa found for device sky130_fd_pr__pfet_01v8_hvt
No property sb found for device sky130_fd_pr__pfet_01v8_hvt
No property sd found for device sky130_fd_pr__pfet_01v8_hvt
No property nf found for device sky130_fd_pr__pfet_01v8_hvt
No property nrd found for device sky130_fd_pr__pfet_01v8_hvt
No property nrs found for device sky130_fd_pr__pfet_01v8_hvt
No property area found for device sky130_fd_pr__pfet_01v8_hvt
No property perim found for device sky130_fd_pr__pfet_01v8_hvt
No property topography found for device sky130_fd_pr__pfet_01v8_hvt
Model sky130_fd_pr__pfet_01v8_hvt pin 1 == 3
No property mult found for device sky130_fd_pr__pfet_01v8_hvt
No property sa found for device sky130_fd_pr__pfet_01v8_hvt
No property sb found for device sky130_fd_pr__pfet_01v8_hvt
No property sd found for device sky130_fd_pr__pfet_01v8_hvt
No property nf found for device sky130_fd_pr__pfet_01v8_hvt
No property nrd found for device sky130_fd_pr__pfet_01v8_hvt
No property nrs found for device sky130_fd_pr__pfet_01v8_hvt
No property area found for device sky130_fd_pr__pfet_01v8_hvt
No property perim found for device sky130_fd_pr__pfet_01v8_hvt
No property topography found for device sky130_fd_pr__pfet_01v8_hvt
Model sky130_fd_pr__special_nfet_01v8 pin 1 == 3
No property mult found for device sky130_fd_pr__special_nfet_01v8
No property sa found for device sky130_fd_pr__special_nfet_01v8
No property sb found for device sky130_fd_pr__special_nfet_01v8
No property sd found for device sky130_fd_pr__special_nfet_01v8
No property nf found for device sky130_fd_pr__special_nfet_01v8
No property nrd found for device sky130_fd_pr__special_nfet_01v8
No property nrs found for device sky130_fd_pr__special_nfet_01v8
No property area found for device sky130_fd_pr__special_nfet_01v8
No property perim found for device sky130_fd_pr__special_nfet_01v8
No property topography found for device sky130_fd_pr__special_nfet_01v8
Model sky130_fd_pr__special_nfet_01v8 pin 1 == 3
No property as found for device sky130_fd_pr__special_nfet_01v8
No property ad found for device sky130_fd_pr__special_nfet_01v8
No property ps found for device sky130_fd_pr__special_nfet_01v8
No property pd found for device sky130_fd_pr__special_nfet_01v8
No property mult found for device sky130_fd_pr__special_nfet_01v8
No property sa found for device sky130_fd_pr__special_nfet_01v8
No property sb found for device sky130_fd_pr__special_nfet_01v8
No property sd found for device sky130_fd_pr__special_nfet_01v8
No property nf found for device sky130_fd_pr__special_nfet_01v8
No property nrd found for device sky130_fd_pr__special_nfet_01v8
No property nrs found for device sky130_fd_pr__special_nfet_01v8
No property area found for device sky130_fd_pr__special_nfet_01v8
No property perim found for device sky130_fd_pr__special_nfet_01v8
No property topography found for device sky130_fd_pr__special_nfet_01v8
Model sky130_fd_pr__special_pfet_01v8_hvt pin 1 == 3
No property as found for device sky130_fd_pr__special_pfet_01v8_hvt
No property ad found for device sky130_fd_pr__special_pfet_01v8_hvt
No property ps found for device sky130_fd_pr__special_pfet_01v8_hvt
No property pd found for device sky130_fd_pr__special_pfet_01v8_hvt
No property mult found for device sky130_fd_pr__special_pfet_01v8_hvt
No property sa found for device sky130_fd_pr__special_pfet_01v8_hvt
No property sb found for device sky130_fd_pr__special_pfet_01v8_hvt
No property sd found for device sky130_fd_pr__special_pfet_01v8_hvt
No property nf found for device sky130_fd_pr__special_pfet_01v8_hvt
No property nrd found for device sky130_fd_pr__special_pfet_01v8_hvt
No property nrs found for device sky130_fd_pr__special_pfet_01v8_hvt
No property area found for device sky130_fd_pr__special_pfet_01v8_hvt
No property perim found for device sky130_fd_pr__special_pfet_01v8_hvt
No property topography found for device sky130_fd_pr__special_pfet_01v8_hvt
No property value found for device sky130_fd_pr__diode_pw2nd_05v5
No property mult found for device sky130_fd_pr__diode_pw2nd_05v5
No property value found for device sky130_fd_pr__diode_pw2nd_05v5
No property mult found for device sky130_fd_pr__diode_pw2nd_05v5
Matching pins of sky130_fd_pr__nfet_01v8 in circuits 1 and 2

Subcircuit pins:
Circuit 1: sky130_fd_pr__nfet_01v8                                                |Circuit 2: sky130_fd_pr__nfet_01v8                                                
----------------------------------------------------------------------------------|----------------------------------------------------------------------------------
1                                                                                 |1                                                                                 
2                                                                                 |2                                                                                 
3                                                                                 |3                                                                                 
4                                                                                 |4                                                                                 
---------------------------------------------------------------------------------------------------------------------------------------------------------------------
Cell pin lists are equivalent.
Matching pins of sky130_fd_pr__pfet_01v8_hvt in circuits 1 and 2

Subcircuit pins:
Circuit 1: sky130_fd_pr__pfet_01v8_hvt                                            |Circuit 2: sky130_fd_pr__pfet_01v8_hvt                                            
----------------------------------------------------------------------------------|----------------------------------------------------------------------------------
1                                                                                 |1                                                                                 
2                                                                                 |2                                                                                 
3                                                                                 |3                                                                                 
4                                                                                 |4                                                                                 
---------------------------------------------------------------------------------------------------------------------------------------------------------------------
Cell pin lists are equivalent.
Matching pins of sky130_fd_pr__diode_pw2nd_05v5 in circuits 1 and 2

Subcircuit pins:
Circuit 1: sky130_fd_pr__diode_pw2nd_05v5                                         |Circuit 2: sky130_fd_pr__diode_pw2nd_05v5                                         
----------------------------------------------------------------------------------|----------------------------------------------------------------------------------
1                                                                                 |1                                                                                 
2                                                                                 |2                                                                                 
---------------------------------------------------------------------------------------------------------------------------------------------------------------------
Cell pin lists are equivalent.
Matching pins of sky130_fd_pr__res_generic_po in circuits 1 and 2

Subcircuit pins:
Circuit 1: sky130_fd_pr__res_generic_po                                           |Circuit 2: sky130_fd_pr__res_generic_po                                           
----------------------------------------------------------------------------------|----------------------------------------------------------------------------------
1                                                                                 |1                                                                                 
2                                                                                 |2                                                                                 
---------------------------------------------------------------------------------------------------------------------------------------------------------------------
Cell pin lists are equivalent.
Matching pins of sky130_fd_pr__special_nfet_01v8 in circuits 1 and 2

Subcircuit pins:
Circuit 1: sky130_fd_pr__special_nfet_01v8                                        |Circuit 2: sky130_fd_pr__special_nfet_01v8                                        
----------------------------------------------------------------------------------|----------------------------------------------------------------------------------
1                                                                                 |1                                                                                 
2                                                                                 |2                                                                                 
3                                                                                 |3                                                                                 
4                                                                                 |4                                                                                 
---------------------------------------------------------------------------------------------------------------------------------------------------------------------
Cell pin lists are equivalent.
Comparison output logged to file /home/baungarten/Desktop/lacerta_march/precheck_results/30_APR_2026___11_20_10/tmp/lvs.report
Logging to file "/home/baungarten/Desktop/lacerta_march/precheck_results/30_APR_2026___11_20_10/tmp/lvs.report" enabled
Circuit sky130_fd_pr__pfet_01v8_hvt contains no devices.
Circuit sky130_fd_pr__nfet_01v8 contains no devices.
Circuit sky130_fd_pr__special_nfet_01v8 contains no devices.
Circuit sky130_fd_pr__diode_pw2nd_05v5 contains no devices.
Circuit sky130_fd_pr__res_generic_po contains no devices.

Contents of circuit 1:  Circuit: 'sky130_ef_sc_hd__decap_40_12'
Circuit sky130_ef_sc_hd__decap_40_12 contains 2 device instances.
  Class: sky130_fd_pr__nfet_01v8 instances:   1
  Class: sky130_fd_pr__pfet_01v8_hvt instances:   1
Circuit contains 4 nets.
Contents of circuit 2:  Circuit: 'sky130_ef_sc_hd__decap_40_12'
Circuit sky130_ef_sc_hd__decap_40_12 contains 2 device instances.
  Class: sky130_fd_pr__nfet_01v8 instances:   1
  Class: sky130_fd_pr__pfet_01v8_hvt instances:   1
Circuit contains 4 nets.

Circuit 1 contains 2 devices, Circuit 2 contains 2 devices.
Circuit 1 contains 4 nets,    Circuit 2 contains 4 nets.


Contents of circuit 1:  Circuit: 'sky130_fd_sc_hd__fill_4'
Circuit sky130_fd_sc_hd__fill_4 contains 0 device instances.
Circuit contains 0 nets, and 4 disconnected pins.
Contents of circuit 2:  Circuit: 'sky130_fd_sc_hd__fill_4'
Circuit sky130_fd_sc_hd__fill_4 contains 0 device instances.
Circuit contains 0 nets, and 4 disconnected pins.

Circuit sky130_fd_sc_hd__fill_4 contains no devices.

Contents of circuit 1:  Circuit: 'sky130_fd_sc_hd__fill_1'
Circuit sky130_fd_sc_hd__fill_1 contains 0 device instances.
Circuit contains 0 nets, and 4 disconnected pins.
Contents of circuit 2:  Circuit: 'sky130_fd_sc_hd__fill_1'
Circuit sky130_fd_sc_hd__fill_1 contains 0 device instances.
Circuit contains 0 nets, and 4 disconnected pins.

Circuit sky130_fd_sc_hd__fill_1 contains no devices.

Contents of circuit 1:  Circuit: 'sky130_fd_sc_hd__fill_2'
Circuit sky130_fd_sc_hd__fill_2 contains 0 device instances.
Circuit contains 0 nets, and 4 disconnected pins.
Contents of circuit 2:  Circuit: 'sky130_fd_sc_hd__fill_2'
Circuit sky130_fd_sc_hd__fill_2 contains 0 device instances.
Circuit contains 0 nets, and 4 disconnected pins.

Circuit sky130_fd_sc_hd__fill_2 contains no devices.

Contents of circuit 1:  Circuit: 'sky130_fd_sc_hd__tapvpwrvgnd_1'
Circuit sky130_fd_sc_hd__tapvpwrvgnd_1 contains 0 device instances.
Circuit contains 0 nets, and 2 disconnected pins.
Contents of circuit 2:  Circuit: 'sky130_fd_sc_hd__tapvpwrvgnd_1'
Circuit sky130_fd_sc_hd__tapvpwrvgnd_1 contains 0 device instances.
Circuit contains 0 nets, and 2 disconnected pins.

Circuit sky130_fd_sc_hd__tapvpwrvgnd_1 contains no devices.

Contents of circuit 1:  Circuit: 'sky130_fd_sc_hd__fill_8'
Circuit sky130_fd_sc_hd__fill_8 contains 0 device instances.
Circuit contains 0 nets, and 4 disconnected pins.
Contents of circuit 2:  Circuit: 'sky130_fd_sc_hd__fill_8'
Circuit sky130_fd_sc_hd__fill_8 contains 0 device instances.
Circuit contains 0 nets, and 4 disconnected pins.

Circuit sky130_fd_sc_hd__fill_8 contains no devices.

Contents of circuit 1:  Circuit: 'sky130_fd_sc_hd__o211a_1'
Circuit sky130_fd_sc_hd__o211a_1 contains 10 device instances.
  Class: sky130_fd_pr__nfet_01v8 instances:   5
  Class: sky130_fd_pr__pfet_01v8_hvt instances:   5
Circuit contains 13 nets.
Contents of circuit 2:  Circuit: 'sky130_fd_sc_hd__o211a_1'
Circuit sky130_fd_sc_hd__o211a_1 contains 10 device instances.
  Class: sky130_fd_pr__nfet_01v8 instances:   5
  Class: sky130_fd_pr__pfet_01v8_hvt instances:   5
Circuit contains 13 nets.

Circuit 1 contains 10 devices, Circuit 2 contains 10 devices.
Circuit 1 contains 13 nets,    Circuit 2 contains 13 nets.


Contents of circuit 1:  Circuit: 'sky130_fd_sc_hd__inv_2'
Circuit sky130_fd_sc_hd__inv_2 contains 2 device instances.
  Class: sky130_fd_pr__nfet_01v8 instances:   1
  Class: sky130_fd_pr__pfet_01v8_hvt instances:   1
Circuit contains 6 nets.
Contents of circuit 2:  Circuit: 'sky130_fd_sc_hd__inv_2'
Circuit sky130_fd_sc_hd__inv_2 contains 4 device instances.
  Class: sky130_fd_pr__nfet_01v8 instances:   2
  Class: sky130_fd_pr__pfet_01v8_hvt instances:   2
Circuit contains 6 nets.

Circuit was modified by parallel/series device merging.
New circuit summary:

Contents of circuit 1:  Circuit: 'sky130_fd_sc_hd__inv_2'
Circuit sky130_fd_sc_hd__inv_2 contains 2 device instances.
  Class: sky130_fd_pr__nfet_01v8 instances:   1
  Class: sky130_fd_pr__pfet_01v8_hvt instances:   1
Circuit contains 6 nets.
Contents of circuit 2:  Circuit: 'sky130_fd_sc_hd__inv_2'
Circuit sky130_fd_sc_hd__inv_2 contains 2 device instances.
  Class: sky130_fd_pr__nfet_01v8 instances:   1
  Class: sky130_fd_pr__pfet_01v8_hvt instances:   1
Circuit contains 6 nets.

Circuit 1 contains 2 devices, Circuit 2 contains 2 devices.
Circuit 1 contains 6 nets,    Circuit 2 contains 6 nets.


Contents of circuit 1:  Circuit: 'sky130_fd_sc_hd__dfrtp_1'
Circuit sky130_fd_sc_hd__dfrtp_1 contains 28 device instances.
  Class: sky130_fd_pr__nfet_01v8 instances:  10
  Class: sky130_fd_pr__pfet_01v8_hvt instances:  14
  Class: sky130_fd_pr__special_nfet_01v8 instances:   4
Circuit contains 21 nets.
Contents of circuit 2:  Circuit: 'sky130_fd_sc_hd__dfrtp_1'
Circuit sky130_fd_sc_hd__dfrtp_1 contains 28 device instances.
  Class: sky130_fd_pr__nfet_01v8 instances:  10
  Class: sky130_fd_pr__pfet_01v8_hvt instances:  14
  Class: sky130_fd_pr__special_nfet_01v8 instances:   4
Circuit contains 21 nets.

Circuit 1 contains 28 devices, Circuit 2 contains 28 devices.
Circuit 1 contains 21 nets,    Circuit 2 contains 21 nets.


Contents of circuit 1:  Circuit: 'sky130_fd_sc_hd__decap_3'
Circuit sky130_fd_sc_hd__decap_3 contains 2 device instances.
  Class: sky130_fd_pr__nfet_01v8 instances:   1
  Class: sky130_fd_pr__pfet_01v8_hvt instances:   1
Circuit contains 4 nets.
Contents of circuit 2:  Circuit: 'sky130_fd_sc_hd__decap_3'
Circuit sky130_fd_sc_hd__decap_3 contains 2 device instances.
  Class: sky130_fd_pr__nfet_01v8 instances:   1
  Class: sky130_fd_pr__pfet_01v8_hvt instances:   1
Circuit contains 4 nets.

Circuit 1 contains 2 devices, Circuit 2 contains 2 devices.
Circuit 1 contains 4 nets,    Circuit 2 contains 4 nets.


Contents of circuit 1:  Circuit: 'sky130_fd_sc_hd__clkbuf_8'
Circuit sky130_fd_sc_hd__clkbuf_8 contains 4 device instances.
  Class: sky130_fd_pr__nfet_01v8 instances:   2
  Class: sky130_fd_pr__pfet_01v8_hvt instances:   2
Circuit contains 7 nets.
Contents of circuit 2:  Circuit: 'sky130_fd_sc_hd__clkbuf_8'
Circuit sky130_fd_sc_hd__clkbuf_8 contains 20 device instances.
  Class: sky130_fd_pr__nfet_01v8 instances:  10
  Class: sky130_fd_pr__pfet_01v8_hvt instances:  10
Circuit contains 7 nets.

Circuit was modified by parallel/series device merging.
New circuit summary:

Contents of circuit 1:  Circuit: 'sky130_fd_sc_hd__clkbuf_8'
Circuit sky130_fd_sc_hd__clkbuf_8 contains 4 device instances.
  Class: sky130_fd_pr__nfet_01v8 instances:   2
  Class: sky130_fd_pr__pfet_01v8_hvt instances:   2
Circuit contains 7 nets.
Contents of circuit 2:  Circuit: 'sky130_fd_sc_hd__clkbuf_8'
Circuit sky130_fd_sc_hd__clkbuf_8 contains 4 device instances.
  Class: sky130_fd_pr__nfet_01v8 instances:   2
  Class: sky130_fd_pr__pfet_01v8_hvt instances:   2
Circuit contains 7 nets.

Circuit 1 contains 4 devices, Circuit 2 contains 4 devices.
Circuit 1 contains 7 nets,    Circuit 2 contains 7 nets.


Contents of circuit 1:  Circuit: 'sky130_fd_sc_hd__dfxtp_1'
Circuit sky130_fd_sc_hd__dfxtp_1 contains 24 device instances.
  Class: sky130_fd_pr__nfet_01v8 instances:   8
  Class: sky130_fd_pr__pfet_01v8_hvt instances:  12
  Class: sky130_fd_pr__special_nfet_01v8 instances:   4
Circuit contains 18 nets.
Contents of circuit 2:  Circuit: 'sky130_fd_sc_hd__dfxtp_1'
Circuit sky130_fd_sc_hd__dfxtp_1 contains 24 device instances.
  Class: sky130_fd_pr__nfet_01v8 instances:   8
  Class: sky130_fd_pr__pfet_01v8_hvt instances:  12
  Class: sky130_fd_pr__special_nfet_01v8 instances:   4
Circuit contains 18 nets.

Circuit 1 contains 24 devices, Circuit 2 contains 24 devices.
Circuit 1 contains 18 nets,    Circuit 2 contains 18 nets.


Contents of circuit 1:  Circuit: 'sky130_fd_sc_hd__clkbuf_1'
Circuit sky130_fd_sc_hd__clkbuf_1 contains 4 device instances.
  Class: sky130_fd_pr__nfet_01v8 instances:   2
  Class: sky130_fd_pr__pfet_01v8_hvt instances:   2
Circuit contains 7 nets.
Contents of circuit 2:  Circuit: 'sky130_fd_sc_hd__clkbuf_1'
Circuit sky130_fd_sc_hd__clkbuf_1 contains 4 device instances.
  Class: sky130_fd_pr__nfet_01v8 instances:   2
  Class: sky130_fd_pr__pfet_01v8_hvt instances:   2
Circuit contains 7 nets.

Circuit 1 contains 4 devices, Circuit 2 contains 4 devices.
Circuit 1 contains 7 nets,    Circuit 2 contains 7 nets.


Contents of circuit 1:  Circuit: 'sky130_fd_sc_hd__buf_6'
Circuit sky130_fd_sc_hd__buf_6 contains 4 device instances.
  Class: sky130_fd_pr__nfet_01v8 instances:   2
  Class: sky130_fd_pr__pfet_01v8_hvt instances:   2
Circuit contains 7 nets.
Contents of circuit 2:  Circuit: 'sky130_fd_sc_hd__buf_6'
Circuit sky130_fd_sc_hd__buf_6 contains 16 device instances.
  Class: sky130_fd_pr__nfet_01v8 instances:   8
  Class: sky130_fd_pr__pfet_01v8_hvt instances:   8
Circuit contains 7 nets.

Circuit was modified by parallel/series device merging.
New circuit summary:

Contents of circuit 1:  Circuit: 'sky130_fd_sc_hd__buf_6'
Circuit sky130_fd_sc_hd__buf_6 contains 4 device instances.
  Class: sky130_fd_pr__nfet_01v8 instances:   2
  Class: sky130_fd_pr__pfet_01v8_hvt instances:   2
Circuit contains 7 nets.
Contents of circuit 2:  Circuit: 'sky130_fd_sc_hd__buf_6'
Circuit sky130_fd_sc_hd__buf_6 contains 4 device instances.
  Class: sky130_fd_pr__nfet_01v8 instances:   2
  Class: sky130_fd_pr__pfet_01v8_hvt instances:   2
Circuit contains 7 nets.

Circuit 1 contains 4 devices, Circuit 2 contains 4 devices.
Circuit 1 contains 7 nets,    Circuit 2 contains 7 nets.


Contents of circuit 1:  Circuit: 'sky130_fd_sc_hd__dlygate4sd3_1'
Circuit sky130_fd_sc_hd__dlygate4sd3_1 contains 8 device instances.
  Class: sky130_fd_pr__nfet_01v8 instances:   4
  Class: sky130_fd_pr__pfet_01v8_hvt instances:   4
Circuit contains 9 nets.
Contents of circuit 2:  Circuit: 'sky130_fd_sc_hd__dlygate4sd3_1'
Circuit sky130_fd_sc_hd__dlygate4sd3_1 contains 8 device instances.
  Class: sky130_fd_pr__nfet_01v8 instances:   4
  Class: sky130_fd_pr__pfet_01v8_hvt instances:   4
Circuit contains 9 nets.

Circuit 1 contains 8 devices, Circuit 2 contains 8 devices.
Circuit 1 contains 9 nets,    Circuit 2 contains 9 nets.


Contents of circuit 1:  Circuit: 'sky130_fd_sc_hd__buf_4'
Circuit sky130_fd_sc_hd__buf_4 contains 4 device instances.
  Class: sky130_fd_pr__nfet_01v8 instances:   2
  Class: sky130_fd_pr__pfet_01v8_hvt instances:   2
Circuit contains 7 nets.
Contents of circuit 2:  Circuit: 'sky130_fd_sc_hd__buf_4'
Circuit sky130_fd_sc_hd__buf_4 contains 10 device instances.
  Class: sky130_fd_pr__nfet_01v8 instances:   5
  Class: sky130_fd_pr__pfet_01v8_hvt instances:   5
Circuit contains 7 nets.

Circuit was modified by parallel/series device merging.
New circuit summary:

Contents of circuit 1:  Circuit: 'sky130_fd_sc_hd__buf_4'
Circuit sky130_fd_sc_hd__buf_4 contains 4 device instances.
  Class: sky130_fd_pr__nfet_01v8 instances:   2
  Class: sky130_fd_pr__pfet_01v8_hvt instances:   2
Circuit contains 7 nets.
Contents of circuit 2:  Circuit: 'sky130_fd_sc_hd__buf_4'
Circuit sky130_fd_sc_hd__buf_4 contains 4 device instances.
  Class: sky130_fd_pr__nfet_01v8 instances:   2
  Class: sky130_fd_pr__pfet_01v8_hvt instances:   2
Circuit contains 7 nets.

Circuit 1 contains 4 devices, Circuit 2 contains 4 devices.
Circuit 1 contains 7 nets,    Circuit 2 contains 7 nets.


Contents of circuit 1:  Circuit: 'sky130_fd_sc_hd__buf_2'
Circuit sky130_fd_sc_hd__buf_2 contains 4 device instances.
  Class: sky130_fd_pr__nfet_01v8 instances:   2
  Class: sky130_fd_pr__pfet_01v8_hvt instances:   2
Circuit contains 7 nets.
Contents of circuit 2:  Circuit: 'sky130_fd_sc_hd__buf_2'
Circuit sky130_fd_sc_hd__buf_2 contains 6 device instances.
  Class: sky130_fd_pr__nfet_01v8 instances:   3
  Class: sky130_fd_pr__pfet_01v8_hvt instances:   3
Circuit contains 7 nets.

Circuit was modified by parallel/series device merging.
New circuit summary:

Contents of circuit 1:  Circuit: 'sky130_fd_sc_hd__buf_2'
Circuit sky130_fd_sc_hd__buf_2 contains 4 device instances.
  Class: sky130_fd_pr__nfet_01v8 instances:   2
  Class: sky130_fd_pr__pfet_01v8_hvt instances:   2
Circuit contains 7 nets.
Contents of circuit 2:  Circuit: 'sky130_fd_sc_hd__buf_2'
Circuit sky130_fd_sc_hd__buf_2 contains 4 device instances.
  Class: sky130_fd_pr__nfet_01v8 instances:   2
  Class: sky130_fd_pr__pfet_01v8_hvt instances:   2
Circuit contains 7 nets.

Circuit 1 contains 4 devices, Circuit 2 contains 4 devices.
Circuit 1 contains 7 nets,    Circuit 2 contains 7 nets.


Contents of circuit 1:  Circuit: 'sky130_fd_sc_hd__clkbuf_2'
Circuit sky130_fd_sc_hd__clkbuf_2 contains 4 device instances.
  Class: sky130_fd_pr__nfet_01v8 instances:   2
  Class: sky130_fd_pr__pfet_01v8_hvt instances:   2
Circuit contains 7 nets.
Contents of circuit 2:  Circuit: 'sky130_fd_sc_hd__clkbuf_2'
Circuit sky130_fd_sc_hd__clkbuf_2 contains 6 device instances.
  Class: sky130_fd_pr__nfet_01v8 instances:   3
  Class: sky130_fd_pr__pfet_01v8_hvt instances:   3
Circuit contains 7 nets.

Circuit was modified by parallel/series device merging.
New circuit summary:

Contents of circuit 1:  Circuit: 'sky130_fd_sc_hd__clkbuf_2'
Circuit sky130_fd_sc_hd__clkbuf_2 contains 4 device instances.
  Class: sky130_fd_pr__nfet_01v8 instances:   2
  Class: sky130_fd_pr__pfet_01v8_hvt instances:   2
Circuit contains 7 nets.
Contents of circuit 2:  Circuit: 'sky130_fd_sc_hd__clkbuf_2'
Circuit sky130_fd_sc_hd__clkbuf_2 contains 4 device instances.
  Class: sky130_fd_pr__nfet_01v8 instances:   2
  Class: sky130_fd_pr__pfet_01v8_hvt instances:   2
Circuit contains 7 nets.

Circuit 1 contains 4 devices, Circuit 2 contains 4 devices.
Circuit 1 contains 7 nets,    Circuit 2 contains 7 nets.


Contents of circuit 1:  Circuit: 'sky130_fd_sc_hd__mux2_1'
Circuit sky130_fd_sc_hd__mux2_1 contains 12 device instances.
  Class: sky130_fd_pr__nfet_01v8 instances:   6
  Class: sky130_fd_pr__pfet_01v8_hvt instances:   6
Circuit contains 14 nets.
Contents of circuit 2:  Circuit: 'sky130_fd_sc_hd__mux2_1'
Circuit sky130_fd_sc_hd__mux2_1 contains 12 device instances.
  Class: sky130_fd_pr__nfet_01v8 instances:   6
  Class: sky130_fd_pr__pfet_01v8_hvt instances:   6
Circuit contains 14 nets.

Circuit 1 contains 12 devices, Circuit 2 contains 12 devices.
Circuit 1 contains 14 nets,    Circuit 2 contains 14 nets.


Contents of circuit 1:  Circuit: 'sky130_fd_sc_hd__clkbuf_4'
Circuit sky130_fd_sc_hd__clkbuf_4 contains 4 device instances.
  Class: sky130_fd_pr__nfet_01v8 instances:   2
  Class: sky130_fd_pr__pfet_01v8_hvt instances:   2
Circuit contains 7 nets.
Contents of circuit 2:  Circuit: 'sky130_fd_sc_hd__clkbuf_4'
Circuit sky130_fd_sc_hd__clkbuf_4 contains 10 device instances.
  Class: sky130_fd_pr__nfet_01v8 instances:   5
  Class: sky130_fd_pr__pfet_01v8_hvt instances:   5
Circuit contains 7 nets.

Circuit was modified by parallel/series device merging.
New circuit summary:

Contents of circuit 1:  Circuit: 'sky130_fd_sc_hd__clkbuf_4'
Circuit sky130_fd_sc_hd__clkbuf_4 contains 4 device instances.
  Class: sky130_fd_pr__nfet_01v8 instances:   2
  Class: sky130_fd_pr__pfet_01v8_hvt instances:   2
Circuit contains 7 nets.
Contents of circuit 2:  Circuit: 'sky130_fd_sc_hd__clkbuf_4'
Circuit sky130_fd_sc_hd__clkbuf_4 contains 4 device instances.
  Class: sky130_fd_pr__nfet_01v8 instances:   2
  Class: sky130_fd_pr__pfet_01v8_hvt instances:   2
Circuit contains 7 nets.

Circuit 1 contains 4 devices, Circuit 2 contains 4 devices.
Circuit 1 contains 7 nets,    Circuit 2 contains 7 nets.


Contents of circuit 1:  Circuit: 'sky130_fd_sc_hd__and4b_1'
Circuit sky130_fd_sc_hd__and4b_1 contains 12 device instances.
  Class: sky130_fd_pr__nfet_01v8 instances:   6
  Class: sky130_fd_pr__pfet_01v8_hvt instances:   6
Circuit contains 14 nets.
Contents of circuit 2:  Circuit: 'sky130_fd_sc_hd__and4b_1'
Circuit sky130_fd_sc_hd__and4b_1 contains 12 device instances.
  Class: sky130_fd_pr__nfet_01v8 instances:   6
  Class: sky130_fd_pr__pfet_01v8_hvt instances:   6
Circuit contains 14 nets.

Circuit 1 contains 12 devices, Circuit 2 contains 12 devices.
Circuit 1 contains 14 nets,    Circuit 2 contains 14 nets.


Contents of circuit 1:  Circuit: 'sky130_fd_sc_hd__and4_1'
Circuit sky130_fd_sc_hd__and4_1 contains 10 device instances.
  Class: sky130_fd_pr__nfet_01v8 instances:   5
  Class: sky130_fd_pr__pfet_01v8_hvt instances:   5
Circuit contains 13 nets.
Contents of circuit 2:  Circuit: 'sky130_fd_sc_hd__and4_1'
Circuit sky130_fd_sc_hd__and4_1 contains 10 device instances.
  Class: sky130_fd_pr__nfet_01v8 instances:   5
  Class: sky130_fd_pr__pfet_01v8_hvt instances:   5
Circuit contains 13 nets.

Circuit 1 contains 10 devices, Circuit 2 contains 10 devices.
Circuit 1 contains 13 nets,    Circuit 2 contains 13 nets.


Contents of circuit 1:  Circuit: 'sky130_fd_sc_hd__diode_2'
Circuit sky130_fd_sc_hd__diode_2 contains 1 device instances.
  Class: sky130_fd_pr__diode_pw2nd_05v5 instances:   1
Circuit contains 2 nets, and 3 disconnected pins.
Contents of circuit 2:  Circuit: 'sky130_fd_sc_hd__diode_2'
Circuit sky130_fd_sc_hd__diode_2 contains 1 device instances.
  Class: sky130_fd_pr__diode_pw2nd_05v5 instances:   1
Circuit contains 2 nets, and 3 disconnected pins.

Circuit 1 contains 1 devices, Circuit 2 contains 1 devices.
Circuit 1 contains 2 nets,    Circuit 2 contains 2 nets.


Contents of circuit 1:  Circuit: 'sky130_fd_sc_hd__nor2_1'
Circuit sky130_fd_sc_hd__nor2_1 contains 4 device instances.
  Class: sky130_fd_pr__nfet_01v8 instances:   2
  Class: sky130_fd_pr__pfet_01v8_hvt instances:   2
Circuit contains 8 nets.
Contents of circuit 2:  Circuit: 'sky130_fd_sc_hd__nor2_1'
Circuit sky130_fd_sc_hd__nor2_1 contains 4 device instances.
  Class: sky130_fd_pr__nfet_01v8 instances:   2
  Class: sky130_fd_pr__pfet_01v8_hvt instances:   2
Circuit contains 8 nets.

Circuit 1 contains 4 devices, Circuit 2 contains 4 devices.
Circuit 1 contains 8 nets,    Circuit 2 contains 8 nets.


Contents of circuit 1:  Circuit: 'sky130_fd_sc_hd__nand4_4'
Circuit sky130_fd_sc_hd__nand4_4 contains 8 device instances.
  Class: sky130_fd_pr__nfet_01v8 instances:   4
  Class: sky130_fd_pr__pfet_01v8_hvt instances:   4
Circuit contains 12 nets.
Contents of circuit 2:  Circuit: 'sky130_fd_sc_hd__nand4_4'
Circuit sky130_fd_sc_hd__nand4_4 contains 32 device instances.
  Class: sky130_fd_pr__nfet_01v8 instances:  16
  Class: sky130_fd_pr__pfet_01v8_hvt instances:  16
Circuit contains 12 nets.

Circuit was modified by parallel/series device merging.
New circuit summary:

Contents of circuit 1:  Circuit: 'sky130_fd_sc_hd__nand4_4'
Circuit sky130_fd_sc_hd__nand4_4 contains 8 device instances.
  Class: sky130_fd_pr__nfet_01v8 instances:   4
  Class: sky130_fd_pr__pfet_01v8_hvt instances:   4
Circuit contains 12 nets.
Contents of circuit 2:  Circuit: 'sky130_fd_sc_hd__nand4_4'
Circuit sky130_fd_sc_hd__nand4_4 contains 8 device instances.
  Class: sky130_fd_pr__nfet_01v8 instances:   4
  Class: sky130_fd_pr__pfet_01v8_hvt instances:   4
Circuit contains 12 nets.

Circuit 1 contains 8 devices, Circuit 2 contains 8 devices.
Circuit 1 contains 12 nets,    Circuit 2 contains 12 nets.


Contents of circuit 1:  Circuit: 'sky130_fd_sc_hd__and2b_1'
Circuit sky130_fd_sc_hd__and2b_1 contains 8 device instances.
  Class: sky130_fd_pr__nfet_01v8 instances:   4
  Class: sky130_fd_pr__pfet_01v8_hvt instances:   4
Circuit contains 10 nets.
Contents of circuit 2:  Circuit: 'sky130_fd_sc_hd__and2b_1'
Circuit sky130_fd_sc_hd__and2b_1 contains 8 device instances.
  Class: sky130_fd_pr__nfet_01v8 instances:   4
  Class: sky130_fd_pr__pfet_01v8_hvt instances:   4
Circuit contains 10 nets.

Circuit 1 contains 8 devices, Circuit 2 contains 8 devices.
Circuit 1 contains 10 nets,    Circuit 2 contains 10 nets.


Contents of circuit 1:  Circuit: 'sky130_fd_sc_hd__or4b_2'
Circuit sky130_fd_sc_hd__or4b_2 contains 12 device instances.
  Class: sky130_fd_pr__nfet_01v8 instances:   6
  Class: sky130_fd_pr__pfet_01v8_hvt instances:   6
Circuit contains 14 nets.
Contents of circuit 2:  Circuit: 'sky130_fd_sc_hd__or4b_2'
Circuit sky130_fd_sc_hd__or4b_2 contains 14 device instances.
  Class: sky130_fd_pr__nfet_01v8 instances:   7
  Class: sky130_fd_pr__pfet_01v8_hvt instances:   7
Circuit contains 14 nets.

Circuit was modified by parallel/series device merging.
New circuit summary:

Contents of circuit 1:  Circuit: 'sky130_fd_sc_hd__or4b_2'
Circuit sky130_fd_sc_hd__or4b_2 contains 12 device instances.
  Class: sky130_fd_pr__nfet_01v8 instances:   6
  Class: sky130_fd_pr__pfet_01v8_hvt instances:   6
Circuit contains 14 nets.
Contents of circuit 2:  Circuit: 'sky130_fd_sc_hd__or4b_2'
Circuit sky130_fd_sc_hd__or4b_2 contains 12 device instances.
  Class: sky130_fd_pr__nfet_01v8 instances:   6
  Class: sky130_fd_pr__pfet_01v8_hvt instances:   6
Circuit contains 14 nets.

Circuit 1 contains 12 devices, Circuit 2 contains 12 devices.
Circuit 1 contains 14 nets,    Circuit 2 contains 14 nets.


Contents of circuit 1:  Circuit: 'sky130_fd_sc_hd__nand2_2'
Circuit sky130_fd_sc_hd__nand2_2 contains 4 device instances.
  Class: sky130_fd_pr__nfet_01v8 instances:   2
  Class: sky130_fd_pr__pfet_01v8_hvt instances:   2
Circuit contains 8 nets.
Contents of circuit 2:  Circuit: 'sky130_fd_sc_hd__nand2_2'
Circuit sky130_fd_sc_hd__nand2_2 contains 8 device instances.
  Class: sky130_fd_pr__nfet_01v8 instances:   4
  Class: sky130_fd_pr__pfet_01v8_hvt instances:   4
Circuit contains 8 nets.

Circuit was modified by parallel/series device merging.
New circuit summary:

Contents of circuit 1:  Circuit: 'sky130_fd_sc_hd__nand2_2'
Circuit sky130_fd_sc_hd__nand2_2 contains 4 device instances.
  Class: sky130_fd_pr__nfet_01v8 instances:   2
  Class: sky130_fd_pr__pfet_01v8_hvt instances:   2
Circuit contains 8 nets.
Contents of circuit 2:  Circuit: 'sky130_fd_sc_hd__nand2_2'
Circuit sky130_fd_sc_hd__nand2_2 contains 4 device instances.
  Class: sky130_fd_pr__nfet_01v8 instances:   2
  Class: sky130_fd_pr__pfet_01v8_hvt instances:   2
Circuit contains 8 nets.

Circuit 1 contains 4 devices, Circuit 2 contains 4 devices.
Circuit 1 contains 8 nets,    Circuit 2 contains 8 nets.


Contents of circuit 1:  Circuit: 'sky130_fd_sc_hd__dfxtp_2'
Circuit sky130_fd_sc_hd__dfxtp_2 contains 24 device instances.
  Class: sky130_fd_pr__nfet_01v8 instances:   8
  Class: sky130_fd_pr__pfet_01v8_hvt instances:  12
  Class: sky130_fd_pr__special_nfet_01v8 instances:   4
Circuit contains 18 nets.
Contents of circuit 2:  Circuit: 'sky130_fd_sc_hd__dfxtp_2'
Circuit sky130_fd_sc_hd__dfxtp_2 contains 26 device instances.
  Class: sky130_fd_pr__nfet_01v8 instances:   9
  Class: sky130_fd_pr__pfet_01v8_hvt instances:  13
  Class: sky130_fd_pr__special_nfet_01v8 instances:   4
Circuit contains 18 nets.

Circuit was modified by parallel/series device merging.
New circuit summary:

Contents of circuit 1:  Circuit: 'sky130_fd_sc_hd__dfxtp_2'
Circuit sky130_fd_sc_hd__dfxtp_2 contains 24 device instances.
  Class: sky130_fd_pr__nfet_01v8 instances:   8
  Class: sky130_fd_pr__pfet_01v8_hvt instances:  12
  Class: sky130_fd_pr__special_nfet_01v8 instances:   4
Circuit contains 18 nets.
Contents of circuit 2:  Circuit: 'sky130_fd_sc_hd__dfxtp_2'
Circuit sky130_fd_sc_hd__dfxtp_2 contains 24 device instances.
  Class: sky130_fd_pr__nfet_01v8 instances:   8
  Class: sky130_fd_pr__pfet_01v8_hvt instances:  12
  Class: sky130_fd_pr__special_nfet_01v8 instances:   4
Circuit contains 18 nets.

Circuit 1 contains 24 devices, Circuit 2 contains 24 devices.
Circuit 1 contains 18 nets,    Circuit 2 contains 18 nets.


Contents of circuit 1:  Circuit: 'sky130_fd_sc_hd__nor3b_1'
Circuit sky130_fd_sc_hd__nor3b_1 contains 8 device instances.
  Class: sky130_fd_pr__nfet_01v8 instances:   4
  Class: sky130_fd_pr__pfet_01v8_hvt instances:   4
Circuit contains 11 nets.
Contents of circuit 2:  Circuit: 'sky130_fd_sc_hd__nor3b_1'
Circuit sky130_fd_sc_hd__nor3b_1 contains 8 device instances.
  Class: sky130_fd_pr__nfet_01v8 instances:   4
  Class: sky130_fd_pr__pfet_01v8_hvt instances:   4
Circuit contains 11 nets.

Circuit 1 contains 8 devices, Circuit 2 contains 8 devices.
Circuit 1 contains 11 nets,    Circuit 2 contains 11 nets.


Contents of circuit 1:  Circuit: 'sky130_fd_sc_hd__or4bb_1'
Circuit sky130_fd_sc_hd__or4bb_1 contains 14 device instances.
  Class: sky130_fd_pr__nfet_01v8 instances:   7
  Class: sky130_fd_pr__pfet_01v8_hvt instances:   7
Circuit contains 15 nets.
Contents of circuit 2:  Circuit: 'sky130_fd_sc_hd__or4bb_1'
Circuit sky130_fd_sc_hd__or4bb_1 contains 14 device instances.
  Class: sky130_fd_pr__nfet_01v8 instances:   7
  Class: sky130_fd_pr__pfet_01v8_hvt instances:   7
Circuit contains 15 nets.

Circuit 1 contains 14 devices, Circuit 2 contains 14 devices.
Circuit 1 contains 15 nets,    Circuit 2 contains 15 nets.


Contents of circuit 1:  Circuit: 'sky130_fd_sc_hd__o31a_1'
Circuit sky130_fd_sc_hd__o31a_1 contains 10 device instances.
  Class: sky130_fd_pr__nfet_01v8 instances:   5
  Class: sky130_fd_pr__pfet_01v8_hvt instances:   5
Circuit contains 13 nets.
Contents of circuit 2:  Circuit: 'sky130_fd_sc_hd__o31a_1'
Circuit sky130_fd_sc_hd__o31a_1 contains 10 device instances.
  Class: sky130_fd_pr__nfet_01v8 instances:   5
  Class: sky130_fd_pr__pfet_01v8_hvt instances:   5
Circuit contains 13 nets.

Circuit 1 contains 10 devices, Circuit 2 contains 10 devices.
Circuit 1 contains 13 nets,    Circuit 2 contains 13 nets.


Contents of circuit 1:  Circuit: 'sky130_fd_sc_hd__dfrtp_2'
Circuit sky130_fd_sc_hd__dfrtp_2 contains 28 device instances.
  Class: sky130_fd_pr__nfet_01v8 instances:  10
  Class: sky130_fd_pr__pfet_01v8_hvt instances:  14
  Class: sky130_fd_pr__special_nfet_01v8 instances:   4
Circuit contains 21 nets.
Contents of circuit 2:  Circuit: 'sky130_fd_sc_hd__dfrtp_2'
Circuit sky130_fd_sc_hd__dfrtp_2 contains 30 device instances.
  Class: sky130_fd_pr__nfet_01v8 instances:  11
  Class: sky130_fd_pr__pfet_01v8_hvt instances:  15
  Class: sky130_fd_pr__special_nfet_01v8 instances:   4
Circuit contains 21 nets.

Circuit was modified by parallel/series device merging.
New circuit summary:

Contents of circuit 1:  Circuit: 'sky130_fd_sc_hd__dfrtp_2'
Circuit sky130_fd_sc_hd__dfrtp_2 contains 28 device instances.
  Class: sky130_fd_pr__nfet_01v8 instances:  10
  Class: sky130_fd_pr__pfet_01v8_hvt instances:  14
  Class: sky130_fd_pr__special_nfet_01v8 instances:   4
Circuit contains 21 nets.
Contents of circuit 2:  Circuit: 'sky130_fd_sc_hd__dfrtp_2'
Circuit sky130_fd_sc_hd__dfrtp_2 contains 28 device instances.
  Class: sky130_fd_pr__nfet_01v8 instances:  10
  Class: sky130_fd_pr__pfet_01v8_hvt instances:  14
  Class: sky130_fd_pr__special_nfet_01v8 instances:   4
Circuit contains 21 nets.

Circuit 1 contains 28 devices, Circuit 2 contains 28 devices.
Circuit 1 contains 21 nets,    Circuit 2 contains 21 nets.


Contents of circuit 1:  Circuit: 'sky130_fd_sc_hd__a21bo_2'
Circuit sky130_fd_sc_hd__a21bo_2 contains 10 device instances.
  Class: sky130_fd_pr__nfet_01v8 instances:   5
  Class: sky130_fd_pr__pfet_01v8_hvt instances:   5
Circuit contains 12 nets.
Contents of circuit 2:  Circuit: 'sky130_fd_sc_hd__a21bo_2'
Circuit sky130_fd_sc_hd__a21bo_2 contains 12 device instances.
  Class: sky130_fd_pr__nfet_01v8 instances:   6
  Class: sky130_fd_pr__pfet_01v8_hvt instances:   6
Circuit contains 12 nets.

Circuit was modified by parallel/series device merging.
New circuit summary:

Contents of circuit 1:  Circuit: 'sky130_fd_sc_hd__a21bo_2'
Circuit sky130_fd_sc_hd__a21bo_2 contains 10 device instances.
  Class: sky130_fd_pr__nfet_01v8 instances:   5
  Class: sky130_fd_pr__pfet_01v8_hvt instances:   5
Circuit contains 12 nets.
Contents of circuit 2:  Circuit: 'sky130_fd_sc_hd__a21bo_2'
Circuit sky130_fd_sc_hd__a21bo_2 contains 10 device instances.
  Class: sky130_fd_pr__nfet_01v8 instances:   5
  Class: sky130_fd_pr__pfet_01v8_hvt instances:   5
Circuit contains 12 nets.

Circuit 1 contains 10 devices, Circuit 2 contains 10 devices.
Circuit 1 contains 12 nets,    Circuit 2 contains 12 nets.


Contents of circuit 1:  Circuit: 'sky130_fd_sc_hd__a22o_1'
Circuit sky130_fd_sc_hd__a22o_1 contains 10 device instances.
  Class: sky130_fd_pr__nfet_01v8 instances:   5
  Class: sky130_fd_pr__pfet_01v8_hvt instances:   5
Circuit contains 13 nets.
Contents of circuit 2:  Circuit: 'sky130_fd_sc_hd__a22o_1'
Circuit sky130_fd_sc_hd__a22o_1 contains 10 device instances.
  Class: sky130_fd_pr__nfet_01v8 instances:   5
  Class: sky130_fd_pr__pfet_01v8_hvt instances:   5
Circuit contains 13 nets.

Circuit 1 contains 10 devices, Circuit 2 contains 10 devices.
Circuit 1 contains 13 nets,    Circuit 2 contains 13 nets.


Contents of circuit 1:  Circuit: 'sky130_fd_sc_hd__or4_1'
Circuit sky130_fd_sc_hd__or4_1 contains 10 device instances.
  Class: sky130_fd_pr__nfet_01v8 instances:   5
  Class: sky130_fd_pr__pfet_01v8_hvt instances:   5
Circuit contains 13 nets.
Contents of circuit 2:  Circuit: 'sky130_fd_sc_hd__or4_1'
Circuit sky130_fd_sc_hd__or4_1 contains 10 device instances.
  Class: sky130_fd_pr__nfet_01v8 instances:   5
  Class: sky130_fd_pr__pfet_01v8_hvt instances:   5
Circuit contains 13 nets.

Circuit 1 contains 10 devices, Circuit 2 contains 10 devices.
Circuit 1 contains 13 nets,    Circuit 2 contains 13 nets.


Contents of circuit 1:  Circuit: 'sky130_fd_sc_hd__and2_1'
Circuit sky130_fd_sc_hd__and2_1 contains 6 device instances.
  Class: sky130_fd_pr__nfet_01v8 instances:   3
  Class: sky130_fd_pr__pfet_01v8_hvt instances:   3
Circuit contains 9 nets.
Contents of circuit 2:  Circuit: 'sky130_fd_sc_hd__and2_1'
Circuit sky130_fd_sc_hd__and2_1 contains 6 device instances.
  Class: sky130_fd_pr__nfet_01v8 instances:   3
  Class: sky130_fd_pr__pfet_01v8_hvt instances:   3
Circuit contains 9 nets.

Circuit 1 contains 6 devices, Circuit 2 contains 6 devices.
Circuit 1 contains 9 nets,    Circuit 2 contains 9 nets.


Contents of circuit 1:  Circuit: 'sky130_fd_sc_hd__a41o_1'
Circuit sky130_fd_sc_hd__a41o_1 contains 12 device instances.
  Class: sky130_fd_pr__nfet_01v8 instances:   6
  Class: sky130_fd_pr__pfet_01v8_hvt instances:   6
Circuit contains 15 nets.
Contents of circuit 2:  Circuit: 'sky130_fd_sc_hd__a41o_1'
Circuit sky130_fd_sc_hd__a41o_1 contains 12 device instances.
  Class: sky130_fd_pr__nfet_01v8 instances:   6
  Class: sky130_fd_pr__pfet_01v8_hvt instances:   6
Circuit contains 15 nets.

Circuit 1 contains 12 devices, Circuit 2 contains 12 devices.
Circuit 1 contains 15 nets,    Circuit 2 contains 15 nets.


Contents of circuit 1:  Circuit: 'sky130_fd_sc_hd__mux4_1'
Circuit sky130_fd_sc_hd__mux4_1 contains 26 device instances.
  Class: sky130_fd_pr__nfet_01v8 instances:  13
  Class: sky130_fd_pr__pfet_01v8_hvt instances:  13
Circuit contains 24 nets.
Contents of circuit 2:  Circuit: 'sky130_fd_sc_hd__mux4_1'
Circuit sky130_fd_sc_hd__mux4_1 contains 26 device instances.
  Class: sky130_fd_pr__nfet_01v8 instances:  13
  Class: sky130_fd_pr__pfet_01v8_hvt instances:  13
Circuit contains 24 nets.

Circuit 1 contains 26 devices, Circuit 2 contains 26 devices.
Circuit 1 contains 24 nets,    Circuit 2 contains 24 nets.


Contents of circuit 1:  Circuit: 'sky130_fd_sc_hd__or3_1'
Circuit sky130_fd_sc_hd__or3_1 contains 8 device instances.
  Class: sky130_fd_pr__nfet_01v8 instances:   4
  Class: sky130_fd_pr__pfet_01v8_hvt instances:   4
Circuit contains 11 nets.
Contents of circuit 2:  Circuit: 'sky130_fd_sc_hd__or3_1'
Circuit sky130_fd_sc_hd__or3_1 contains 8 device instances.
  Class: sky130_fd_pr__nfet_01v8 instances:   4
  Class: sky130_fd_pr__pfet_01v8_hvt instances:   4
Circuit contains 11 nets.

Circuit 1 contains 8 devices, Circuit 2 contains 8 devices.
Circuit 1 contains 11 nets,    Circuit 2 contains 11 nets.


Contents of circuit 1:  Circuit: 'sky130_fd_sc_hd__a221o_1'
Circuit sky130_fd_sc_hd__a221o_1 contains 12 device instances.
  Class: sky130_fd_pr__nfet_01v8 instances:   6
  Class: sky130_fd_pr__pfet_01v8_hvt instances:   6
Circuit contains 15 nets.
Contents of circuit 2:  Circuit: 'sky130_fd_sc_hd__a221o_1'
Circuit sky130_fd_sc_hd__a221o_1 contains 12 device instances.
  Class: sky130_fd_pr__nfet_01v8 instances:   6
  Class: sky130_fd_pr__pfet_01v8_hvt instances:   6
Circuit contains 15 nets.

Circuit 1 contains 12 devices, Circuit 2 contains 12 devices.
Circuit 1 contains 15 nets,    Circuit 2 contains 15 nets.


Contents of circuit 1:  Circuit: 'sky130_fd_sc_hd__a311o_1'
Circuit sky130_fd_sc_hd__a311o_1 contains 12 device instances.
  Class: sky130_fd_pr__nfet_01v8 instances:   6
  Class: sky130_fd_pr__pfet_01v8_hvt instances:   6
Circuit contains 15 nets.
Contents of circuit 2:  Circuit: 'sky130_fd_sc_hd__a311o_1'
Circuit sky130_fd_sc_hd__a311o_1 contains 12 device instances.
  Class: sky130_fd_pr__nfet_01v8 instances:   6
  Class: sky130_fd_pr__pfet_01v8_hvt instances:   6
Circuit contains 15 nets.

Circuit 1 contains 12 devices, Circuit 2 contains 12 devices.
Circuit 1 contains 15 nets,    Circuit 2 contains 15 nets.


Contents of circuit 1:  Circuit: 'sky130_fd_sc_hd__o21ai_1'
Circuit sky130_fd_sc_hd__o21ai_1 contains 6 device instances.
  Class: sky130_fd_pr__nfet_01v8 instances:   3
  Class: sky130_fd_pr__pfet_01v8_hvt instances:   3
Circuit contains 10 nets.
Contents of circuit 2:  Circuit: 'sky130_fd_sc_hd__o21ai_1'
Circuit sky130_fd_sc_hd__o21ai_1 contains 6 device instances.
  Class: sky130_fd_pr__nfet_01v8 instances:   3
  Class: sky130_fd_pr__pfet_01v8_hvt instances:   3
Circuit contains 10 nets.

Circuit 1 contains 6 devices, Circuit 2 contains 6 devices.
Circuit 1 contains 10 nets,    Circuit 2 contains 10 nets.


Contents of circuit 1:  Circuit: 'sky130_fd_sc_hd__nand2_1'
Circuit sky130_fd_sc_hd__nand2_1 contains 4 device instances.
  Class: sky130_fd_pr__nfet_01v8 instances:   2
  Class: sky130_fd_pr__pfet_01v8_hvt instances:   2
Circuit contains 8 nets.
Contents of circuit 2:  Circuit: 'sky130_fd_sc_hd__nand2_1'
Circuit sky130_fd_sc_hd__nand2_1 contains 4 device instances.
  Class: sky130_fd_pr__nfet_01v8 instances:   2
  Class: sky130_fd_pr__pfet_01v8_hvt instances:   2
Circuit contains 8 nets.

Circuit 1 contains 4 devices, Circuit 2 contains 4 devices.
Circuit 1 contains 8 nets,    Circuit 2 contains 8 nets.


Contents of circuit 1:  Circuit: 'sky130_fd_sc_hd__a221o_2'
Circuit sky130_fd_sc_hd__a221o_2 contains 12 device instances.
  Class: sky130_fd_pr__nfet_01v8 instances:   6
  Class: sky130_fd_pr__pfet_01v8_hvt instances:   6
Circuit contains 15 nets.
Contents of circuit 2:  Circuit: 'sky130_fd_sc_hd__a221o_2'
Circuit sky130_fd_sc_hd__a221o_2 contains 14 device instances.
  Class: sky130_fd_pr__nfet_01v8 instances:   7
  Class: sky130_fd_pr__pfet_01v8_hvt instances:   7
Circuit contains 15 nets.

Circuit was modified by parallel/series device merging.
New circuit summary:

Contents of circuit 1:  Circuit: 'sky130_fd_sc_hd__a221o_2'
Circuit sky130_fd_sc_hd__a221o_2 contains 12 device instances.
  Class: sky130_fd_pr__nfet_01v8 instances:   6
  Class: sky130_fd_pr__pfet_01v8_hvt instances:   6
Circuit contains 15 nets.
Contents of circuit 2:  Circuit: 'sky130_fd_sc_hd__a221o_2'
Circuit sky130_fd_sc_hd__a221o_2 contains 12 device instances.
  Class: sky130_fd_pr__nfet_01v8 instances:   6
  Class: sky130_fd_pr__pfet_01v8_hvt instances:   6
Circuit contains 15 nets.

Circuit 1 contains 12 devices, Circuit 2 contains 12 devices.
Circuit 1 contains 15 nets,    Circuit 2 contains 15 nets.


Contents of circuit 1:  Circuit: 'sky130_fd_sc_hd__or4b_1'
Circuit sky130_fd_sc_hd__or4b_1 contains 12 device instances.
  Class: sky130_fd_pr__nfet_01v8 instances:   6
  Class: sky130_fd_pr__pfet_01v8_hvt instances:   6
Circuit contains 14 nets.
Contents of circuit 2:  Circuit: 'sky130_fd_sc_hd__or4b_1'
Circuit sky130_fd_sc_hd__or4b_1 contains 12 device instances.
  Class: sky130_fd_pr__nfet_01v8 instances:   6
  Class: sky130_fd_pr__pfet_01v8_hvt instances:   6
Circuit contains 14 nets.

Circuit 1 contains 12 devices, Circuit 2 contains 12 devices.
Circuit 1 contains 14 nets,    Circuit 2 contains 14 nets.


Contents of circuit 1:  Circuit: 'sky130_fd_sc_hd__a21boi_1'
Circuit sky130_fd_sc_hd__a21boi_1 contains 8 device instances.
  Class: sky130_fd_pr__nfet_01v8 instances:   4
  Class: sky130_fd_pr__pfet_01v8_hvt instances:   4
Circuit contains 11 nets.
Contents of circuit 2:  Circuit: 'sky130_fd_sc_hd__a21boi_1'
Circuit sky130_fd_sc_hd__a21boi_1 contains 8 device instances.
  Class: sky130_fd_pr__nfet_01v8 instances:   4
  Class: sky130_fd_pr__pfet_01v8_hvt instances:   4
Circuit contains 11 nets.

Circuit 1 contains 8 devices, Circuit 2 contains 8 devices.
Circuit 1 contains 11 nets,    Circuit 2 contains 11 nets.


Contents of circuit 1:  Circuit: 'sky130_fd_sc_hd__xnor2_1'
Circuit sky130_fd_sc_hd__xnor2_1 contains 10 device instances.
  Class: sky130_fd_pr__nfet_01v8 instances:   5
  Class: sky130_fd_pr__pfet_01v8_hvt instances:   5
Circuit contains 11 nets.
Contents of circuit 2:  Circuit: 'sky130_fd_sc_hd__xnor2_1'
Circuit sky130_fd_sc_hd__xnor2_1 contains 10 device instances.
  Class: sky130_fd_pr__nfet_01v8 instances:   5
  Class: sky130_fd_pr__pfet_01v8_hvt instances:   5
Circuit contains 11 nets.

Circuit 1 contains 10 devices, Circuit 2 contains 10 devices.
Circuit 1 contains 11 nets,    Circuit 2 contains 11 nets.


Contents of circuit 1:  Circuit: 'sky130_fd_sc_hd__and3_1'
Circuit sky130_fd_sc_hd__and3_1 contains 8 device instances.
  Class: sky130_fd_pr__nfet_01v8 instances:   4
  Class: sky130_fd_pr__pfet_01v8_hvt instances:   4
Circuit contains 11 nets.
Contents of circuit 2:  Circuit: 'sky130_fd_sc_hd__and3_1'
Circuit sky130_fd_sc_hd__and3_1 contains 8 device instances.
  Class: sky130_fd_pr__nfet_01v8 instances:   4
  Class: sky130_fd_pr__pfet_01v8_hvt instances:   4
Circuit contains 11 nets.

Circuit 1 contains 8 devices, Circuit 2 contains 8 devices.
Circuit 1 contains 11 nets,    Circuit 2 contains 11 nets.


Contents of circuit 1:  Circuit: 'sky130_fd_sc_hd__a21o_1'
Circuit sky130_fd_sc_hd__a21o_1 contains 8 device instances.
  Class: sky130_fd_pr__nfet_01v8 instances:   4
  Class: sky130_fd_pr__pfet_01v8_hvt instances:   4
Circuit contains 11 nets.
Contents of circuit 2:  Circuit: 'sky130_fd_sc_hd__a21o_1'
Circuit sky130_fd_sc_hd__a21o_1 contains 8 device instances.
  Class: sky130_fd_pr__nfet_01v8 instances:   4
  Class: sky130_fd_pr__pfet_01v8_hvt instances:   4
Circuit contains 11 nets.

Circuit 1 contains 8 devices, Circuit 2 contains 8 devices.
Circuit 1 contains 11 nets,    Circuit 2 contains 11 nets.


Contents of circuit 1:  Circuit: 'sky130_fd_sc_hd__dfrtp_4'
Circuit sky130_fd_sc_hd__dfrtp_4 contains 28 device instances.
  Class: sky130_fd_pr__nfet_01v8 instances:  10
  Class: sky130_fd_pr__pfet_01v8_hvt instances:  14
  Class: sky130_fd_pr__special_nfet_01v8 instances:   4
Circuit contains 21 nets.
Contents of circuit 2:  Circuit: 'sky130_fd_sc_hd__dfrtp_4'
Circuit sky130_fd_sc_hd__dfrtp_4 contains 34 device instances.
  Class: sky130_fd_pr__nfet_01v8 instances:  13
  Class: sky130_fd_pr__pfet_01v8_hvt instances:  17
  Class: sky130_fd_pr__special_nfet_01v8 instances:   4
Circuit contains 21 nets.

Circuit was modified by parallel/series device merging.
New circuit summary:

Contents of circuit 1:  Circuit: 'sky130_fd_sc_hd__dfrtp_4'
Circuit sky130_fd_sc_hd__dfrtp_4 contains 28 device instances.
  Class: sky130_fd_pr__nfet_01v8 instances:  10
  Class: sky130_fd_pr__pfet_01v8_hvt instances:  14
  Class: sky130_fd_pr__special_nfet_01v8 instances:   4
Circuit contains 21 nets.
Contents of circuit 2:  Circuit: 'sky130_fd_sc_hd__dfrtp_4'
Circuit sky130_fd_sc_hd__dfrtp_4 contains 28 device instances.
  Class: sky130_fd_pr__nfet_01v8 instances:  10
  Class: sky130_fd_pr__pfet_01v8_hvt instances:  14
  Class: sky130_fd_pr__special_nfet_01v8 instances:   4
Circuit contains 21 nets.

Circuit 1 contains 28 devices, Circuit 2 contains 28 devices.
Circuit 1 contains 21 nets,    Circuit 2 contains 21 nets.


Contents of circuit 1:  Circuit: 'sky130_fd_sc_hd__dlymetal6s2s_1'
Circuit sky130_fd_sc_hd__dlymetal6s2s_1 contains 12 device instances.
  Class: sky130_fd_pr__nfet_01v8 instances:   6
  Class: sky130_fd_pr__pfet_01v8_hvt instances:   6
Circuit contains 11 nets.
Contents of circuit 2:  Circuit: 'sky130_fd_sc_hd__dlymetal6s2s_1'
Circuit sky130_fd_sc_hd__dlymetal6s2s_1 contains 12 device instances.
  Class: sky130_fd_pr__nfet_01v8 instances:   6
  Class: sky130_fd_pr__pfet_01v8_hvt instances:   6
Circuit contains 11 nets.

Circuit 1 contains 12 devices, Circuit 2 contains 12 devices.
Circuit 1 contains 11 nets,    Circuit 2 contains 11 nets.


Contents of circuit 1:  Circuit: 'sky130_fd_sc_hd__nand4_1'
Circuit sky130_fd_sc_hd__nand4_1 contains 8 device instances.
  Class: sky130_fd_pr__nfet_01v8 instances:   4
  Class: sky130_fd_pr__pfet_01v8_hvt instances:   4
Circuit contains 12 nets.
Contents of circuit 2:  Circuit: 'sky130_fd_sc_hd__nand4_1'
Circuit sky130_fd_sc_hd__nand4_1 contains 8 device instances.
  Class: sky130_fd_pr__nfet_01v8 instances:   4
  Class: sky130_fd_pr__pfet_01v8_hvt instances:   4
Circuit contains 12 nets.

Circuit 1 contains 8 devices, Circuit 2 contains 8 devices.
Circuit 1 contains 12 nets,    Circuit 2 contains 12 nets.


Contents of circuit 1:  Circuit: 'sky130_fd_sc_hd__and4bb_4'
Circuit sky130_fd_sc_hd__and4bb_4 contains 14 device instances.
  Class: sky130_fd_pr__nfet_01v8 instances:   7
  Class: sky130_fd_pr__pfet_01v8_hvt instances:   7
Circuit contains 15 nets.
Contents of circuit 2:  Circuit: 'sky130_fd_sc_hd__and4bb_4'
Circuit sky130_fd_sc_hd__and4bb_4 contains 20 device instances.
  Class: sky130_fd_pr__nfet_01v8 instances:  10
  Class: sky130_fd_pr__pfet_01v8_hvt instances:  10
Circuit contains 15 nets.

Circuit was modified by parallel/series device merging.
New circuit summary:

Contents of circuit 1:  Circuit: 'sky130_fd_sc_hd__and4bb_4'
Circuit sky130_fd_sc_hd__and4bb_4 contains 14 device instances.
  Class: sky130_fd_pr__nfet_01v8 instances:   7
  Class: sky130_fd_pr__pfet_01v8_hvt instances:   7
Circuit contains 15 nets.
Contents of circuit 2:  Circuit: 'sky130_fd_sc_hd__and4bb_4'
Circuit sky130_fd_sc_hd__and4bb_4 contains 14 device instances.
  Class: sky130_fd_pr__nfet_01v8 instances:   7
  Class: sky130_fd_pr__pfet_01v8_hvt instances:   7
Circuit contains 15 nets.

Circuit 1 contains 14 devices, Circuit 2 contains 14 devices.
Circuit 1 contains 15 nets,    Circuit 2 contains 15 nets.


Contents of circuit 1:  Circuit: 'sky130_fd_sc_hd__nor3_1'
Circuit sky130_fd_sc_hd__nor3_1 contains 6 device instances.
  Class: sky130_fd_pr__nfet_01v8 instances:   3
  Class: sky130_fd_pr__pfet_01v8_hvt instances:   3
Circuit contains 10 nets.
Contents of circuit 2:  Circuit: 'sky130_fd_sc_hd__nor3_1'
Circuit sky130_fd_sc_hd__nor3_1 contains 6 device instances.
  Class: sky130_fd_pr__nfet_01v8 instances:   3
  Class: sky130_fd_pr__pfet_01v8_hvt instances:   3
Circuit contains 10 nets.

Circuit 1 contains 6 devices, Circuit 2 contains 6 devices.
Circuit 1 contains 10 nets,    Circuit 2 contains 10 nets.


Contents of circuit 1:  Circuit: 'sky130_fd_sc_hd__o21a_1'
Circuit sky130_fd_sc_hd__o21a_1 contains 8 device instances.
  Class: sky130_fd_pr__nfet_01v8 instances:   4
  Class: sky130_fd_pr__pfet_01v8_hvt instances:   4
Circuit contains 11 nets.
Contents of circuit 2:  Circuit: 'sky130_fd_sc_hd__o21a_1'
Circuit sky130_fd_sc_hd__o21a_1 contains 8 device instances.
  Class: sky130_fd_pr__nfet_01v8 instances:   4
  Class: sky130_fd_pr__pfet_01v8_hvt instances:   4
Circuit contains 11 nets.

Circuit 1 contains 8 devices, Circuit 2 contains 8 devices.
Circuit 1 contains 11 nets,    Circuit 2 contains 11 nets.


Contents of circuit 1:  Circuit: 'sky130_fd_sc_hd__o221a_1'
Circuit sky130_fd_sc_hd__o221a_1 contains 12 device instances.
  Class: sky130_fd_pr__nfet_01v8 instances:   6
  Class: sky130_fd_pr__pfet_01v8_hvt instances:   6
Circuit contains 15 nets.
Contents of circuit 2:  Circuit: 'sky130_fd_sc_hd__o221a_1'
Circuit sky130_fd_sc_hd__o221a_1 contains 12 device instances.
  Class: sky130_fd_pr__nfet_01v8 instances:   6
  Class: sky130_fd_pr__pfet_01v8_hvt instances:   6
Circuit contains 15 nets.

Circuit 1 contains 12 devices, Circuit 2 contains 12 devices.
Circuit 1 contains 15 nets,    Circuit 2 contains 15 nets.


Contents of circuit 1:  Circuit: 'sky130_fd_sc_hd__and4bb_1'
Circuit sky130_fd_sc_hd__and4bb_1 contains 14 device instances.
  Class: sky130_fd_pr__nfet_01v8 instances:   7
  Class: sky130_fd_pr__pfet_01v8_hvt instances:   7
Circuit contains 15 nets.
Contents of circuit 2:  Circuit: 'sky130_fd_sc_hd__and4bb_1'
Circuit sky130_fd_sc_hd__and4bb_1 contains 14 device instances.
  Class: sky130_fd_pr__nfet_01v8 instances:   7
  Class: sky130_fd_pr__pfet_01v8_hvt instances:   7
Circuit contains 15 nets.

Circuit 1 contains 14 devices, Circuit 2 contains 14 devices.
Circuit 1 contains 15 nets,    Circuit 2 contains 15 nets.


Contents of circuit 1:  Circuit: 'sky130_fd_sc_hd__o31a_2'
Circuit sky130_fd_sc_hd__o31a_2 contains 10 device instances.
  Class: sky130_fd_pr__nfet_01v8 instances:   5
  Class: sky130_fd_pr__pfet_01v8_hvt instances:   5
Circuit contains 13 nets.
Contents of circuit 2:  Circuit: 'sky130_fd_sc_hd__o31a_2'
Circuit sky130_fd_sc_hd__o31a_2 contains 12 device instances.
  Class: sky130_fd_pr__nfet_01v8 instances:   6
  Class: sky130_fd_pr__pfet_01v8_hvt instances:   6
Circuit contains 13 nets.

Circuit was modified by parallel/series device merging.
New circuit summary:

Contents of circuit 1:  Circuit: 'sky130_fd_sc_hd__o31a_2'
Circuit sky130_fd_sc_hd__o31a_2 contains 10 device instances.
  Class: sky130_fd_pr__nfet_01v8 instances:   5
  Class: sky130_fd_pr__pfet_01v8_hvt instances:   5
Circuit contains 13 nets.
Contents of circuit 2:  Circuit: 'sky130_fd_sc_hd__o31a_2'
Circuit sky130_fd_sc_hd__o31a_2 contains 10 device instances.
  Class: sky130_fd_pr__nfet_01v8 instances:   5
  Class: sky130_fd_pr__pfet_01v8_hvt instances:   5
Circuit contains 13 nets.

Circuit 1 contains 10 devices, Circuit 2 contains 10 devices.
Circuit 1 contains 13 nets,    Circuit 2 contains 13 nets.


Contents of circuit 1:  Circuit: 'sky130_fd_sc_hd__a32o_1'
Circuit sky130_fd_sc_hd__a32o_1 contains 12 device instances.
  Class: sky130_fd_pr__nfet_01v8 instances:   6
  Class: sky130_fd_pr__pfet_01v8_hvt instances:   6
Circuit contains 15 nets.
Contents of circuit 2:  Circuit: 'sky130_fd_sc_hd__a32o_1'
Circuit sky130_fd_sc_hd__a32o_1 contains 12 device instances.
  Class: sky130_fd_pr__nfet_01v8 instances:   6
  Class: sky130_fd_pr__pfet_01v8_hvt instances:   6
Circuit contains 15 nets.

Circuit 1 contains 12 devices, Circuit 2 contains 12 devices.
Circuit 1 contains 15 nets,    Circuit 2 contains 15 nets.


Contents of circuit 1:  Circuit: 'sky130_fd_sc_hd__or2_1'
Circuit sky130_fd_sc_hd__or2_1 contains 6 device instances.
  Class: sky130_fd_pr__nfet_01v8 instances:   3
  Class: sky130_fd_pr__pfet_01v8_hvt instances:   3
Circuit contains 9 nets.
Contents of circuit 2:  Circuit: 'sky130_fd_sc_hd__or2_1'
Circuit sky130_fd_sc_hd__or2_1 contains 6 device instances.
  Class: sky130_fd_pr__nfet_01v8 instances:   3
  Class: sky130_fd_pr__pfet_01v8_hvt instances:   3
Circuit contains 9 nets.

Circuit 1 contains 6 devices, Circuit 2 contains 6 devices.
Circuit 1 contains 9 nets,    Circuit 2 contains 9 nets.


Contents of circuit 1:  Circuit: 'sky130_fd_sc_hd__o31ai_1'
Circuit sky130_fd_sc_hd__o31ai_1 contains 8 device instances.
  Class: sky130_fd_pr__nfet_01v8 instances:   4
  Class: sky130_fd_pr__pfet_01v8_hvt instances:   4
Circuit contains 12 nets.
Contents of circuit 2:  Circuit: 'sky130_fd_sc_hd__o31ai_1'
Circuit sky130_fd_sc_hd__o31ai_1 contains 8 device instances.
  Class: sky130_fd_pr__nfet_01v8 instances:   4
  Class: sky130_fd_pr__pfet_01v8_hvt instances:   4
Circuit contains 12 nets.

Circuit 1 contains 8 devices, Circuit 2 contains 8 devices.
Circuit 1 contains 12 nets,    Circuit 2 contains 12 nets.


Contents of circuit 1:  Circuit: 'sky130_fd_sc_hd__nand4b_1'
Circuit sky130_fd_sc_hd__nand4b_1 contains 10 device instances.
  Class: sky130_fd_pr__nfet_01v8 instances:   5
  Class: sky130_fd_pr__pfet_01v8_hvt instances:   5
Circuit contains 13 nets.
Contents of circuit 2:  Circuit: 'sky130_fd_sc_hd__nand4b_1'
Circuit sky130_fd_sc_hd__nand4b_1 contains 10 device instances.
  Class: sky130_fd_pr__nfet_01v8 instances:   5
  Class: sky130_fd_pr__pfet_01v8_hvt instances:   5
Circuit contains 13 nets.

Circuit 1 contains 10 devices, Circuit 2 contains 10 devices.
Circuit 1 contains 13 nets,    Circuit 2 contains 13 nets.


Contents of circuit 1:  Circuit: 'sky130_fd_sc_hd__a2bb2o_1'
Circuit sky130_fd_sc_hd__a2bb2o_1 contains 12 device instances.
  Class: sky130_fd_pr__nfet_01v8 instances:   6
  Class: sky130_fd_pr__pfet_01v8_hvt instances:   6
Circuit contains 14 nets.
Contents of circuit 2:  Circuit: 'sky130_fd_sc_hd__a2bb2o_1'
Circuit sky130_fd_sc_hd__a2bb2o_1 contains 12 device instances.
  Class: sky130_fd_pr__nfet_01v8 instances:   6
  Class: sky130_fd_pr__pfet_01v8_hvt instances:   6
Circuit contains 14 nets.

Circuit 1 contains 12 devices, Circuit 2 contains 12 devices.
Circuit 1 contains 14 nets,    Circuit 2 contains 14 nets.


Contents of circuit 1:  Circuit: 'sky130_fd_sc_hd__a21oi_1'
Circuit sky130_fd_sc_hd__a21oi_1 contains 6 device instances.
  Class: sky130_fd_pr__nfet_01v8 instances:   3
  Class: sky130_fd_pr__pfet_01v8_hvt instances:   3
Circuit contains 10 nets.
Contents of circuit 2:  Circuit: 'sky130_fd_sc_hd__a21oi_1'
Circuit sky130_fd_sc_hd__a21oi_1 contains 6 device instances.
  Class: sky130_fd_pr__nfet_01v8 instances:   3
  Class: sky130_fd_pr__pfet_01v8_hvt instances:   3
Circuit contains 10 nets.

Circuit 1 contains 6 devices, Circuit 2 contains 6 devices.
Circuit 1 contains 10 nets,    Circuit 2 contains 10 nets.


Contents of circuit 1:  Circuit: 'sky130_fd_sc_hd__a31o_1'
Circuit sky130_fd_sc_hd__a31o_1 contains 10 device instances.
  Class: sky130_fd_pr__nfet_01v8 instances:   5
  Class: sky130_fd_pr__pfet_01v8_hvt instances:   5
Circuit contains 13 nets.
Contents of circuit 2:  Circuit: 'sky130_fd_sc_hd__a31o_1'
Circuit sky130_fd_sc_hd__a31o_1 contains 10 device instances.
  Class: sky130_fd_pr__nfet_01v8 instances:   5
  Class: sky130_fd_pr__pfet_01v8_hvt instances:   5
Circuit contains 13 nets.

Circuit 1 contains 10 devices, Circuit 2 contains 10 devices.
Circuit 1 contains 13 nets,    Circuit 2 contains 13 nets.


Contents of circuit 1:  Circuit: 'sky130_fd_sc_hd__o32a_1'
Circuit sky130_fd_sc_hd__o32a_1 contains 12 device instances.
  Class: sky130_fd_pr__nfet_01v8 instances:   6
  Class: sky130_fd_pr__pfet_01v8_hvt instances:   6
Circuit contains 15 nets.
Contents of circuit 2:  Circuit: 'sky130_fd_sc_hd__o32a_1'
Circuit sky130_fd_sc_hd__o32a_1 contains 12 device instances.
  Class: sky130_fd_pr__nfet_01v8 instances:   6
  Class: sky130_fd_pr__pfet_01v8_hvt instances:   6
Circuit contains 15 nets.

Circuit 1 contains 12 devices, Circuit 2 contains 12 devices.
Circuit 1 contains 15 nets,    Circuit 2 contains 15 nets.


Contents of circuit 1:  Circuit: 'sky130_fd_sc_hd__bufinv_16'
Circuit sky130_fd_sc_hd__bufinv_16 contains 6 device instances.
  Class: sky130_fd_pr__nfet_01v8 instances:   3
  Class: sky130_fd_pr__pfet_01v8_hvt instances:   3
Circuit contains 8 nets.
Contents of circuit 2:  Circuit: 'sky130_fd_sc_hd__bufinv_16'
Circuit sky130_fd_sc_hd__bufinv_16 contains 50 device instances.
  Class: sky130_fd_pr__nfet_01v8 instances:  25
  Class: sky130_fd_pr__pfet_01v8_hvt instances:  25
Circuit contains 8 nets.

Circuit was modified by parallel/series device merging.
New circuit summary:

Contents of circuit 1:  Circuit: 'sky130_fd_sc_hd__bufinv_16'
Circuit sky130_fd_sc_hd__bufinv_16 contains 6 device instances.
  Class: sky130_fd_pr__nfet_01v8 instances:   3
  Class: sky130_fd_pr__pfet_01v8_hvt instances:   3
Circuit contains 8 nets.
Contents of circuit 2:  Circuit: 'sky130_fd_sc_hd__bufinv_16'
Circuit sky130_fd_sc_hd__bufinv_16 contains 6 device instances.
  Class: sky130_fd_pr__nfet_01v8 instances:   3
  Class: sky130_fd_pr__pfet_01v8_hvt instances:   3
Circuit contains 8 nets.

Circuit 1 contains 6 devices, Circuit 2 contains 6 devices.
Circuit 1 contains 8 nets,    Circuit 2 contains 8 nets.


Contents of circuit 1:  Circuit: 'sky130_fd_sc_hd__clkinv_2'
Circuit sky130_fd_sc_hd__clkinv_2 contains 2 device instances.
  Class: sky130_fd_pr__nfet_01v8 instances:   1
  Class: sky130_fd_pr__pfet_01v8_hvt instances:   1
Circuit contains 6 nets.
Contents of circuit 2:  Circuit: 'sky130_fd_sc_hd__clkinv_2'
Circuit sky130_fd_sc_hd__clkinv_2 contains 5 device instances.
  Class: sky130_fd_pr__nfet_01v8 instances:   2
  Class: sky130_fd_pr__pfet_01v8_hvt instances:   3
Circuit contains 6 nets.

Circuit was modified by parallel/series device merging.
New circuit summary:

Contents of circuit 1:  Circuit: 'sky130_fd_sc_hd__clkinv_2'
Circuit sky130_fd_sc_hd__clkinv_2 contains 2 device instances.
  Class: sky130_fd_pr__nfet_01v8 instances:   1
  Class: sky130_fd_pr__pfet_01v8_hvt instances:   1
Circuit contains 6 nets.
Contents of circuit 2:  Circuit: 'sky130_fd_sc_hd__clkinv_2'
Circuit sky130_fd_sc_hd__clkinv_2 contains 2 device instances.
  Class: sky130_fd_pr__nfet_01v8 instances:   1
  Class: sky130_fd_pr__pfet_01v8_hvt instances:   1
Circuit contains 6 nets.

Circuit 1 contains 2 devices, Circuit 2 contains 2 devices.
Circuit 1 contains 6 nets,    Circuit 2 contains 6 nets.


Contents of circuit 1:  Circuit: 'sky130_fd_sc_hd__buf_1'
Circuit sky130_fd_sc_hd__buf_1 contains 4 device instances.
  Class: sky130_fd_pr__nfet_01v8 instances:   2
  Class: sky130_fd_pr__pfet_01v8_hvt instances:   2
Circuit contains 7 nets.
Contents of circuit 2:  Circuit: 'sky130_fd_sc_hd__buf_1'
Circuit sky130_fd_sc_hd__buf_1 contains 4 device instances.
  Class: sky130_fd_pr__nfet_01v8 instances:   2
  Class: sky130_fd_pr__pfet_01v8_hvt instances:   2
Circuit contains 7 nets.

Circuit 1 contains 4 devices, Circuit 2 contains 4 devices.
Circuit 1 contains 7 nets,    Circuit 2 contains 7 nets.


Contents of circuit 1:  Circuit: 'sky130_fd_sc_hd__buf_8'
Circuit sky130_fd_sc_hd__buf_8 contains 4 device instances.
  Class: sky130_fd_pr__nfet_01v8 instances:   2
  Class: sky130_fd_pr__pfet_01v8_hvt instances:   2
Circuit contains 7 nets.
Contents of circuit 2:  Circuit: 'sky130_fd_sc_hd__buf_8'
Circuit sky130_fd_sc_hd__buf_8 contains 22 device instances.
  Class: sky130_fd_pr__nfet_01v8 instances:  11
  Class: sky130_fd_pr__pfet_01v8_hvt instances:  11
Circuit contains 7 nets.

Circuit was modified by parallel/series device merging.
New circuit summary:

Contents of circuit 1:  Circuit: 'sky130_fd_sc_hd__buf_8'
Circuit sky130_fd_sc_hd__buf_8 contains 4 device instances.
  Class: sky130_fd_pr__nfet_01v8 instances:   2
  Class: sky130_fd_pr__pfet_01v8_hvt instances:   2
Circuit contains 7 nets.
Contents of circuit 2:  Circuit: 'sky130_fd_sc_hd__buf_8'
Circuit sky130_fd_sc_hd__buf_8 contains 4 device instances.
  Class: sky130_fd_pr__nfet_01v8 instances:   2
  Class: sky130_fd_pr__pfet_01v8_hvt instances:   2
Circuit contains 7 nets.

Circuit 1 contains 4 devices, Circuit 2 contains 4 devices.
Circuit 1 contains 7 nets,    Circuit 2 contains 7 nets.


Contents of circuit 1:  Circuit: 'sky130_fd_sc_hd__o21bai_1'
Circuit sky130_fd_sc_hd__o21bai_1 contains 8 device instances.
  Class: sky130_fd_pr__nfet_01v8 instances:   4
  Class: sky130_fd_pr__pfet_01v8_hvt instances:   4
Circuit contains 11 nets.
Contents of circuit 2:  Circuit: 'sky130_fd_sc_hd__o21bai_1'
Circuit sky130_fd_sc_hd__o21bai_1 contains 8 device instances.
  Class: sky130_fd_pr__nfet_01v8 instances:   4
  Class: sky130_fd_pr__pfet_01v8_hvt instances:   4
Circuit contains 11 nets.

Circuit 1 contains 8 devices, Circuit 2 contains 8 devices.
Circuit 1 contains 11 nets,    Circuit 2 contains 11 nets.


Contents of circuit 1:  Circuit: 'sky130_fd_sc_hd__clkbuf_16'
Circuit sky130_fd_sc_hd__clkbuf_16 contains 4 device instances.
  Class: sky130_fd_pr__nfet_01v8 instances:   2
  Class: sky130_fd_pr__pfet_01v8_hvt instances:   2
Circuit contains 7 nets.
Contents of circuit 2:  Circuit: 'sky130_fd_sc_hd__clkbuf_16'
Circuit sky130_fd_sc_hd__clkbuf_16 contains 40 device instances.
  Class: sky130_fd_pr__nfet_01v8 instances:  20
  Class: sky130_fd_pr__pfet_01v8_hvt instances:  20
Circuit contains 7 nets.

Circuit was modified by parallel/series device merging.
New circuit summary:

Contents of circuit 1:  Circuit: 'sky130_fd_sc_hd__clkbuf_16'
Circuit sky130_fd_sc_hd__clkbuf_16 contains 4 device instances.
  Class: sky130_fd_pr__nfet_01v8 instances:   2
  Class: sky130_fd_pr__pfet_01v8_hvt instances:   2
Circuit contains 7 nets.
Contents of circuit 2:  Circuit: 'sky130_fd_sc_hd__clkbuf_16'
Circuit sky130_fd_sc_hd__clkbuf_16 contains 4 device instances.
  Class: sky130_fd_pr__nfet_01v8 instances:   2
  Class: sky130_fd_pr__pfet_01v8_hvt instances:   2
Circuit contains 7 nets.

Circuit 1 contains 4 devices, Circuit 2 contains 4 devices.
Circuit 1 contains 7 nets,    Circuit 2 contains 7 nets.


Contents of circuit 1:  Circuit: 'sky130_fd_sc_hd__nor4_1'
Circuit sky130_fd_sc_hd__nor4_1 contains 8 device instances.
  Class: sky130_fd_pr__nfet_01v8 instances:   4
  Class: sky130_fd_pr__pfet_01v8_hvt instances:   4
Circuit contains 12 nets.
Contents of circuit 2:  Circuit: 'sky130_fd_sc_hd__nor4_1'
Circuit sky130_fd_sc_hd__nor4_1 contains 8 device instances.
  Class: sky130_fd_pr__nfet_01v8 instances:   4
  Class: sky130_fd_pr__pfet_01v8_hvt instances:   4
Circuit contains 12 nets.

Circuit 1 contains 8 devices, Circuit 2 contains 8 devices.
Circuit 1 contains 12 nets,    Circuit 2 contains 12 nets.


Contents of circuit 1:  Circuit: 'sky130_fd_sc_hd__o221a_2'
Circuit sky130_fd_sc_hd__o221a_2 contains 12 device instances.
  Class: sky130_fd_pr__nfet_01v8 instances:   6
  Class: sky130_fd_pr__pfet_01v8_hvt instances:   6
Circuit contains 15 nets.
Contents of circuit 2:  Circuit: 'sky130_fd_sc_hd__o221a_2'
Circuit sky130_fd_sc_hd__o221a_2 contains 14 device instances.
  Class: sky130_fd_pr__nfet_01v8 instances:   7
  Class: sky130_fd_pr__pfet_01v8_hvt instances:   7
Circuit contains 15 nets.

Circuit was modified by parallel/series device merging.
New circuit summary:

Contents of circuit 1:  Circuit: 'sky130_fd_sc_hd__o221a_2'
Circuit sky130_fd_sc_hd__o221a_2 contains 12 device instances.
  Class: sky130_fd_pr__nfet_01v8 instances:   6
  Class: sky130_fd_pr__pfet_01v8_hvt instances:   6
Circuit contains 15 nets.
Contents of circuit 2:  Circuit: 'sky130_fd_sc_hd__o221a_2'
Circuit sky130_fd_sc_hd__o221a_2 contains 12 device instances.
  Class: sky130_fd_pr__nfet_01v8 instances:   6
  Class: sky130_fd_pr__pfet_01v8_hvt instances:   6
Circuit contains 15 nets.

Circuit 1 contains 12 devices, Circuit 2 contains 12 devices.
Circuit 1 contains 15 nets,    Circuit 2 contains 15 nets.


Contents of circuit 1:  Circuit: 'sky130_fd_sc_hd__o22a_1'
Circuit sky130_fd_sc_hd__o22a_1 contains 10 device instances.
  Class: sky130_fd_pr__nfet_01v8 instances:   5
  Class: sky130_fd_pr__pfet_01v8_hvt instances:   5
Circuit contains 13 nets.
Contents of circuit 2:  Circuit: 'sky130_fd_sc_hd__o22a_1'
Circuit sky130_fd_sc_hd__o22a_1 contains 10 device instances.
  Class: sky130_fd_pr__nfet_01v8 instances:   5
  Class: sky130_fd_pr__pfet_01v8_hvt instances:   5
Circuit contains 13 nets.

Circuit 1 contains 10 devices, Circuit 2 contains 10 devices.
Circuit 1 contains 13 nets,    Circuit 2 contains 13 nets.


Contents of circuit 1:  Circuit: 'sky130_fd_sc_hd__o211ai_1'
Circuit sky130_fd_sc_hd__o211ai_1 contains 8 device instances.
  Class: sky130_fd_pr__nfet_01v8 instances:   4
  Class: sky130_fd_pr__pfet_01v8_hvt instances:   4
Circuit contains 12 nets.
Contents of circuit 2:  Circuit: 'sky130_fd_sc_hd__o211ai_1'
Circuit sky130_fd_sc_hd__o211ai_1 contains 8 device instances.
  Class: sky130_fd_pr__nfet_01v8 instances:   4
  Class: sky130_fd_pr__pfet_01v8_hvt instances:   4
Circuit contains 12 nets.

Circuit 1 contains 8 devices, Circuit 2 contains 8 devices.
Circuit 1 contains 12 nets,    Circuit 2 contains 12 nets.


Contents of circuit 1:  Circuit: 'sky130_fd_sc_hd__a22oi_1'
Circuit sky130_fd_sc_hd__a22oi_1 contains 8 device instances.
  Class: sky130_fd_pr__nfet_01v8 instances:   4
  Class: sky130_fd_pr__pfet_01v8_hvt instances:   4
Circuit contains 12 nets.
Contents of circuit 2:  Circuit: 'sky130_fd_sc_hd__a22oi_1'
Circuit sky130_fd_sc_hd__a22oi_1 contains 8 device instances.
  Class: sky130_fd_pr__nfet_01v8 instances:   4
  Class: sky130_fd_pr__pfet_01v8_hvt instances:   4
Circuit contains 12 nets.

Circuit 1 contains 8 devices, Circuit 2 contains 8 devices.
Circuit 1 contains 12 nets,    Circuit 2 contains 12 nets.


Contents of circuit 1:  Circuit: 'sky130_fd_sc_hd__a22oi_4'
Circuit sky130_fd_sc_hd__a22oi_4 contains 8 device instances.
  Class: sky130_fd_pr__nfet_01v8 instances:   4
  Class: sky130_fd_pr__pfet_01v8_hvt instances:   4
Circuit contains 12 nets.
Contents of circuit 2:  Circuit: 'sky130_fd_sc_hd__a22oi_4'
Circuit sky130_fd_sc_hd__a22oi_4 contains 32 device instances.
  Class: sky130_fd_pr__nfet_01v8 instances:  16
  Class: sky130_fd_pr__pfet_01v8_hvt instances:  16
Circuit contains 12 nets.

Circuit was modified by parallel/series device merging.
New circuit summary:

Contents of circuit 1:  Circuit: 'sky130_fd_sc_hd__a22oi_4'
Circuit sky130_fd_sc_hd__a22oi_4 contains 8 device instances.
  Class: sky130_fd_pr__nfet_01v8 instances:   4
  Class: sky130_fd_pr__pfet_01v8_hvt instances:   4
Circuit contains 12 nets.
Contents of circuit 2:  Circuit: 'sky130_fd_sc_hd__a22oi_4'
Circuit sky130_fd_sc_hd__a22oi_4 contains 8 device instances.
  Class: sky130_fd_pr__nfet_01v8 instances:   4
  Class: sky130_fd_pr__pfet_01v8_hvt instances:   4
Circuit contains 12 nets.

Circuit 1 contains 8 devices, Circuit 2 contains 8 devices.
Circuit 1 contains 12 nets,    Circuit 2 contains 12 nets.


Contents of circuit 1:  Circuit: 'sky130_fd_sc_hd__and3_2'
Circuit sky130_fd_sc_hd__and3_2 contains 8 device instances.
  Class: sky130_fd_pr__nfet_01v8 instances:   4
  Class: sky130_fd_pr__pfet_01v8_hvt instances:   4
Circuit contains 11 nets.
Contents of circuit 2:  Circuit: 'sky130_fd_sc_hd__and3_2'
Circuit sky130_fd_sc_hd__and3_2 contains 10 device instances.
  Class: sky130_fd_pr__nfet_01v8 instances:   5
  Class: sky130_fd_pr__pfet_01v8_hvt instances:   5
Circuit contains 11 nets.

Circuit was modified by parallel/series device merging.
New circuit summary:

Contents of circuit 1:  Circuit: 'sky130_fd_sc_hd__and3_2'
Circuit sky130_fd_sc_hd__and3_2 contains 8 device instances.
  Class: sky130_fd_pr__nfet_01v8 instances:   4
  Class: sky130_fd_pr__pfet_01v8_hvt instances:   4
Circuit contains 11 nets.
Contents of circuit 2:  Circuit: 'sky130_fd_sc_hd__and3_2'
Circuit sky130_fd_sc_hd__and3_2 contains 8 device instances.
  Class: sky130_fd_pr__nfet_01v8 instances:   4
  Class: sky130_fd_pr__pfet_01v8_hvt instances:   4
Circuit contains 11 nets.

Circuit 1 contains 8 devices, Circuit 2 contains 8 devices.
Circuit 1 contains 11 nets,    Circuit 2 contains 11 nets.


Contents of circuit 1:  Circuit: 'sky130_fd_sc_hd__conb_1'
Circuit sky130_fd_sc_hd__conb_1 contains 2 device instances.
  Class: sky130_fd_pr__res_generic_po instances:   2
Circuit contains 4 nets, and 2 disconnected pins.
Contents of circuit 2:  Circuit: 'sky130_fd_sc_hd__conb_1'
Circuit sky130_fd_sc_hd__conb_1 contains 2 device instances.
  Class: sky130_fd_pr__res_generic_po instances:   2
Circuit contains 4 nets, and 2 disconnected pins.

Circuit 1 contains 2 devices, Circuit 2 contains 2 devices.
Circuit 1 contains 4 nets,    Circuit 2 contains 4 nets.


Contents of circuit 1:  Circuit: 'sky130_fd_sc_hd__or4bb_4'
Circuit sky130_fd_sc_hd__or4bb_4 contains 14 device instances.
  Class: sky130_fd_pr__nfet_01v8 instances:   7
  Class: sky130_fd_pr__pfet_01v8_hvt instances:   7
Circuit contains 15 nets.
Contents of circuit 2:  Circuit: 'sky130_fd_sc_hd__or4bb_4'
Circuit sky130_fd_sc_hd__or4bb_4 contains 20 device instances.
  Class: sky130_fd_pr__nfet_01v8 instances:  10
  Class: sky130_fd_pr__pfet_01v8_hvt instances:  10
Circuit contains 15 nets.

Circuit was modified by parallel/series device merging.
New circuit summary:

Contents of circuit 1:  Circuit: 'sky130_fd_sc_hd__or4bb_4'
Circuit sky130_fd_sc_hd__or4bb_4 contains 14 device instances.
  Class: sky130_fd_pr__nfet_01v8 instances:   7
  Class: sky130_fd_pr__pfet_01v8_hvt instances:   7
Circuit contains 15 nets.
Contents of circuit 2:  Circuit: 'sky130_fd_sc_hd__or4bb_4'
Circuit sky130_fd_sc_hd__or4bb_4 contains 14 device instances.
  Class: sky130_fd_pr__nfet_01v8 instances:   7
  Class: sky130_fd_pr__pfet_01v8_hvt instances:   7
Circuit contains 15 nets.

Circuit 1 contains 14 devices, Circuit 2 contains 14 devices.
Circuit 1 contains 15 nets,    Circuit 2 contains 15 nets.


Contents of circuit 1:  Circuit: 'sky130_fd_sc_hd__o41a_1'
Circuit sky130_fd_sc_hd__o41a_1 contains 12 device instances.
  Class: sky130_fd_pr__nfet_01v8 instances:   6
  Class: sky130_fd_pr__pfet_01v8_hvt instances:   6
Circuit contains 15 nets.
Contents of circuit 2:  Circuit: 'sky130_fd_sc_hd__o41a_1'
Circuit sky130_fd_sc_hd__o41a_1 contains 12 device instances.
  Class: sky130_fd_pr__nfet_01v8 instances:   6
  Class: sky130_fd_pr__pfet_01v8_hvt instances:   6
Circuit contains 15 nets.

Circuit 1 contains 12 devices, Circuit 2 contains 12 devices.
Circuit 1 contains 15 nets,    Circuit 2 contains 15 nets.


Contents of circuit 1:  Circuit: 'sky130_fd_sc_hd__a32oi_1'
Circuit sky130_fd_sc_hd__a32oi_1 contains 10 device instances.
  Class: sky130_fd_pr__nfet_01v8 instances:   5
  Class: sky130_fd_pr__pfet_01v8_hvt instances:   5
Circuit contains 14 nets.
Contents of circuit 2:  Circuit: 'sky130_fd_sc_hd__a32oi_1'
Circuit sky130_fd_sc_hd__a32oi_1 contains 10 device instances.
  Class: sky130_fd_pr__nfet_01v8 instances:   5
  Class: sky130_fd_pr__pfet_01v8_hvt instances:   5
Circuit contains 14 nets.

Circuit 1 contains 10 devices, Circuit 2 contains 10 devices.
Circuit 1 contains 14 nets,    Circuit 2 contains 14 nets.


Contents of circuit 1:  Circuit: 'sky130_fd_sc_hd__nand2b_1'
Circuit sky130_fd_sc_hd__nand2b_1 contains 6 device instances.
  Class: sky130_fd_pr__nfet_01v8 instances:   3
  Class: sky130_fd_pr__pfet_01v8_hvt instances:   3
Circuit contains 9 nets.
Contents of circuit 2:  Circuit: 'sky130_fd_sc_hd__nand2b_1'
Circuit sky130_fd_sc_hd__nand2b_1 contains 6 device instances.
  Class: sky130_fd_pr__nfet_01v8 instances:   3
  Class: sky130_fd_pr__pfet_01v8_hvt instances:   3
Circuit contains 9 nets.

Circuit 1 contains 6 devices, Circuit 2 contains 6 devices.
Circuit 1 contains 9 nets,    Circuit 2 contains 9 nets.


Contents of circuit 1:  Circuit: 'sky130_fd_sc_hd__a211o_1'
Circuit sky130_fd_sc_hd__a211o_1 contains 10 device instances.
  Class: sky130_fd_pr__nfet_01v8 instances:   5
  Class: sky130_fd_pr__pfet_01v8_hvt instances:   5
Circuit contains 13 nets.
Contents of circuit 2:  Circuit: 'sky130_fd_sc_hd__a211o_1'
Circuit sky130_fd_sc_hd__a211o_1 contains 10 device instances.
  Class: sky130_fd_pr__nfet_01v8 instances:   5
  Class: sky130_fd_pr__pfet_01v8_hvt instances:   5
Circuit contains 13 nets.

Circuit 1 contains 10 devices, Circuit 2 contains 10 devices.
Circuit 1 contains 13 nets,    Circuit 2 contains 13 nets.


Contents of circuit 1:  Circuit: 'sky130_fd_sc_hd__a211oi_1'
Circuit sky130_fd_sc_hd__a211oi_1 contains 8 device instances.
  Class: sky130_fd_pr__nfet_01v8 instances:   4
  Class: sky130_fd_pr__pfet_01v8_hvt instances:   4
Circuit contains 12 nets.
Contents of circuit 2:  Circuit: 'sky130_fd_sc_hd__a211oi_1'
Circuit sky130_fd_sc_hd__a211oi_1 contains 8 device instances.
  Class: sky130_fd_pr__nfet_01v8 instances:   4
  Class: sky130_fd_pr__pfet_01v8_hvt instances:   4
Circuit contains 12 nets.

Circuit 1 contains 8 devices, Circuit 2 contains 8 devices.
Circuit 1 contains 12 nets,    Circuit 2 contains 12 nets.


Contents of circuit 1:  Circuit: 'sky130_fd_sc_hd__or4bb_2'
Circuit sky130_fd_sc_hd__or4bb_2 contains 14 device instances.
  Class: sky130_fd_pr__nfet_01v8 instances:   7
  Class: sky130_fd_pr__pfet_01v8_hvt instances:   7
Circuit contains 15 nets.
Contents of circuit 2:  Circuit: 'sky130_fd_sc_hd__or4bb_2'
Circuit sky130_fd_sc_hd__or4bb_2 contains 16 device instances.
  Class: sky130_fd_pr__nfet_01v8 instances:   8
  Class: sky130_fd_pr__pfet_01v8_hvt instances:   8
Circuit contains 15 nets.

Circuit was modified by parallel/series device merging.
New circuit summary:

Contents of circuit 1:  Circuit: 'sky130_fd_sc_hd__or4bb_2'
Circuit sky130_fd_sc_hd__or4bb_2 contains 14 device instances.
  Class: sky130_fd_pr__nfet_01v8 instances:   7
  Class: sky130_fd_pr__pfet_01v8_hvt instances:   7
Circuit contains 15 nets.
Contents of circuit 2:  Circuit: 'sky130_fd_sc_hd__or4bb_2'
Circuit sky130_fd_sc_hd__or4bb_2 contains 14 device instances.
  Class: sky130_fd_pr__nfet_01v8 instances:   7
  Class: sky130_fd_pr__pfet_01v8_hvt instances:   7
Circuit contains 15 nets.

Circuit 1 contains 14 devices, Circuit 2 contains 14 devices.
Circuit 1 contains 15 nets,    Circuit 2 contains 15 nets.


Contents of circuit 1:  Circuit: 'sky130_fd_sc_hd__and4bb_2'
Circuit sky130_fd_sc_hd__and4bb_2 contains 14 device instances.
  Class: sky130_fd_pr__nfet_01v8 instances:   7
  Class: sky130_fd_pr__pfet_01v8_hvt instances:   7
Circuit contains 15 nets.
Contents of circuit 2:  Circuit: 'sky130_fd_sc_hd__and4bb_2'
Circuit sky130_fd_sc_hd__and4bb_2 contains 16 device instances.
  Class: sky130_fd_pr__nfet_01v8 instances:   8
  Class: sky130_fd_pr__pfet_01v8_hvt instances:   8
Circuit contains 15 nets.

Circuit was modified by parallel/series device merging.
New circuit summary:

Contents of circuit 1:  Circuit: 'sky130_fd_sc_hd__and4bb_2'
Circuit sky130_fd_sc_hd__and4bb_2 contains 14 device instances.
  Class: sky130_fd_pr__nfet_01v8 instances:   7
  Class: sky130_fd_pr__pfet_01v8_hvt instances:   7
Circuit contains 15 nets.
Contents of circuit 2:  Circuit: 'sky130_fd_sc_hd__and4bb_2'
Circuit sky130_fd_sc_hd__and4bb_2 contains 14 device instances.
  Class: sky130_fd_pr__nfet_01v8 instances:   7
  Class: sky130_fd_pr__pfet_01v8_hvt instances:   7
Circuit contains 15 nets.

Circuit 1 contains 14 devices, Circuit 2 contains 14 devices.
Circuit 1 contains 15 nets,    Circuit 2 contains 15 nets.


Contents of circuit 1:  Circuit: 'sky130_fd_sc_hd__buf_12'
Circuit sky130_fd_sc_hd__buf_12 contains 4 device instances.
  Class: sky130_fd_pr__nfet_01v8 instances:   2
  Class: sky130_fd_pr__pfet_01v8_hvt instances:   2
Circuit contains 7 nets.
Contents of circuit 2:  Circuit: 'sky130_fd_sc_hd__buf_12'
Circuit sky130_fd_sc_hd__buf_12 contains 32 device instances.
  Class: sky130_fd_pr__nfet_01v8 instances:  16
  Class: sky130_fd_pr__pfet_01v8_hvt instances:  16
Circuit contains 7 nets.

Circuit was modified by parallel/series device merging.
New circuit summary:

Contents of circuit 1:  Circuit: 'sky130_fd_sc_hd__buf_12'
Circuit sky130_fd_sc_hd__buf_12 contains 4 device instances.
  Class: sky130_fd_pr__nfet_01v8 instances:   2
  Class: sky130_fd_pr__pfet_01v8_hvt instances:   2
Circuit contains 7 nets.
Contents of circuit 2:  Circuit: 'sky130_fd_sc_hd__buf_12'
Circuit sky130_fd_sc_hd__buf_12 contains 4 device instances.
  Class: sky130_fd_pr__nfet_01v8 instances:   2
  Class: sky130_fd_pr__pfet_01v8_hvt instances:   2
Circuit contains 7 nets.

Circuit 1 contains 4 devices, Circuit 2 contains 4 devices.
Circuit 1 contains 7 nets,    Circuit 2 contains 7 nets.


Contents of circuit 1:  Circuit: 'sky130_fd_sc_hd__xor2_1'
Circuit sky130_fd_sc_hd__xor2_1 contains 10 device instances.
  Class: sky130_fd_pr__nfet_01v8 instances:   5
  Class: sky130_fd_pr__pfet_01v8_hvt instances:   5
Circuit contains 11 nets.
Contents of circuit 2:  Circuit: 'sky130_fd_sc_hd__xor2_1'
Circuit sky130_fd_sc_hd__xor2_1 contains 10 device instances.
  Class: sky130_fd_pr__nfet_01v8 instances:   5
  Class: sky130_fd_pr__pfet_01v8_hvt instances:   5
Circuit contains 11 nets.

Circuit 1 contains 10 devices, Circuit 2 contains 10 devices.
Circuit 1 contains 11 nets,    Circuit 2 contains 11 nets.


Contents of circuit 1:  Circuit: 'sky130_fd_sc_hd__o311ai_1'
Circuit sky130_fd_sc_hd__o311ai_1 contains 10 device instances.
  Class: sky130_fd_pr__nfet_01v8 instances:   5
  Class: sky130_fd_pr__pfet_01v8_hvt instances:   5
Circuit contains 14 nets.
Contents of circuit 2:  Circuit: 'sky130_fd_sc_hd__o311ai_1'
Circuit sky130_fd_sc_hd__o311ai_1 contains 10 device instances.
  Class: sky130_fd_pr__nfet_01v8 instances:   5
  Class: sky130_fd_pr__pfet_01v8_hvt instances:   5
Circuit contains 14 nets.

Circuit 1 contains 10 devices, Circuit 2 contains 10 devices.
Circuit 1 contains 14 nets,    Circuit 2 contains 14 nets.


Contents of circuit 1:  Circuit: 'sky130_fd_sc_hd__o211ai_2'
Circuit sky130_fd_sc_hd__o211ai_2 contains 8 device instances.
  Class: sky130_fd_pr__nfet_01v8 instances:   4
  Class: sky130_fd_pr__pfet_01v8_hvt instances:   4
Circuit contains 12 nets.
Contents of circuit 2:  Circuit: 'sky130_fd_sc_hd__o211ai_2'
Circuit sky130_fd_sc_hd__o211ai_2 contains 16 device instances.
  Class: sky130_fd_pr__nfet_01v8 instances:   8
  Class: sky130_fd_pr__pfet_01v8_hvt instances:   8
Circuit contains 12 nets.

Circuit was modified by parallel/series device merging.
New circuit summary:

Contents of circuit 1:  Circuit: 'sky130_fd_sc_hd__o211ai_2'
Circuit sky130_fd_sc_hd__o211ai_2 contains 8 device instances.
  Class: sky130_fd_pr__nfet_01v8 instances:   4
  Class: sky130_fd_pr__pfet_01v8_hvt instances:   4
Circuit contains 12 nets.
Contents of circuit 2:  Circuit: 'sky130_fd_sc_hd__o211ai_2'
Circuit sky130_fd_sc_hd__o211ai_2 contains 8 device instances.
  Class: sky130_fd_pr__nfet_01v8 instances:   4
  Class: sky130_fd_pr__pfet_01v8_hvt instances:   4
Circuit contains 12 nets.

Circuit 1 contains 8 devices, Circuit 2 contains 8 devices.
Circuit 1 contains 12 nets,    Circuit 2 contains 12 nets.


Contents of circuit 1:  Circuit: 'sky130_fd_sc_hd__or3_2'
Circuit sky130_fd_sc_hd__or3_2 contains 8 device instances.
  Class: sky130_fd_pr__nfet_01v8 instances:   4
  Class: sky130_fd_pr__pfet_01v8_hvt instances:   4
Circuit contains 11 nets.
Contents of circuit 2:  Circuit: 'sky130_fd_sc_hd__or3_2'
Circuit sky130_fd_sc_hd__or3_2 contains 10 device instances.
  Class: sky130_fd_pr__nfet_01v8 instances:   5
  Class: sky130_fd_pr__pfet_01v8_hvt instances:   5
Circuit contains 11 nets.

Circuit was modified by parallel/series device merging.
New circuit summary:

Contents of circuit 1:  Circuit: 'sky130_fd_sc_hd__or3_2'
Circuit sky130_fd_sc_hd__or3_2 contains 8 device instances.
  Class: sky130_fd_pr__nfet_01v8 instances:   4
  Class: sky130_fd_pr__pfet_01v8_hvt instances:   4
Circuit contains 11 nets.
Contents of circuit 2:  Circuit: 'sky130_fd_sc_hd__or3_2'
Circuit sky130_fd_sc_hd__or3_2 contains 8 device instances.
  Class: sky130_fd_pr__nfet_01v8 instances:   4
  Class: sky130_fd_pr__pfet_01v8_hvt instances:   4
Circuit contains 11 nets.

Circuit 1 contains 8 devices, Circuit 2 contains 8 devices.
Circuit 1 contains 11 nets,    Circuit 2 contains 11 nets.


Contents of circuit 1:  Circuit: 'sky130_fd_sc_hd__dfstp_1'
Circuit sky130_fd_sc_hd__dfstp_1 contains 32 device instances.
  Class: sky130_fd_pr__nfet_01v8 instances:  14
  Class: sky130_fd_pr__pfet_01v8_hvt instances:  16
  Class: sky130_fd_pr__special_nfet_01v8 instances:   2
Circuit contains 24 nets.
Contents of circuit 2:  Circuit: 'sky130_fd_sc_hd__dfstp_1'
Circuit sky130_fd_sc_hd__dfstp_1 contains 32 device instances.
  Class: sky130_fd_pr__nfet_01v8 instances:  14
  Class: sky130_fd_pr__pfet_01v8_hvt instances:  16
  Class: sky130_fd_pr__special_nfet_01v8 instances:   2
Circuit contains 24 nets.

Circuit 1 contains 32 devices, Circuit 2 contains 32 devices.
Circuit 1 contains 24 nets,    Circuit 2 contains 24 nets.


Contents of circuit 1:  Circuit: 'sky130_fd_sc_hd__mux4_2'
Circuit sky130_fd_sc_hd__mux4_2 contains 26 device instances.
  Class: sky130_fd_pr__nfet_01v8 instances:   9
  Class: sky130_fd_pr__pfet_01v8_hvt instances:  13
  Class: sky130_fd_pr__special_nfet_01v8 instances:   4
Circuit contains 24 nets.
Contents of circuit 2:  Circuit: 'sky130_fd_sc_hd__mux4_2'
Circuit sky130_fd_sc_hd__mux4_2 contains 28 device instances.
  Class: sky130_fd_pr__nfet_01v8 instances:  10
  Class: sky130_fd_pr__pfet_01v8_hvt instances:  14
  Class: sky130_fd_pr__special_nfet_01v8 instances:   4
Circuit contains 24 nets.

Circuit was modified by parallel/series device merging.
New circuit summary:

Contents of circuit 1:  Circuit: 'sky130_fd_sc_hd__mux4_2'
Circuit sky130_fd_sc_hd__mux4_2 contains 26 device instances.
  Class: sky130_fd_pr__nfet_01v8 instances:   9
  Class: sky130_fd_pr__pfet_01v8_hvt instances:  13
  Class: sky130_fd_pr__special_nfet_01v8 instances:   4
Circuit contains 24 nets.
Contents of circuit 2:  Circuit: 'sky130_fd_sc_hd__mux4_2'
Circuit sky130_fd_sc_hd__mux4_2 contains 26 device instances.
  Class: sky130_fd_pr__nfet_01v8 instances:   9
  Class: sky130_fd_pr__pfet_01v8_hvt instances:  13
  Class: sky130_fd_pr__special_nfet_01v8 instances:   4
Circuit contains 24 nets.

Circuit 1 contains 26 devices, Circuit 2 contains 26 devices.
Circuit 1 contains 24 nets,    Circuit 2 contains 24 nets.


Contents of circuit 1:  Circuit: 'sky130_fd_sc_hd__a32oi_2'
Circuit sky130_fd_sc_hd__a32oi_2 contains 10 device instances.
  Class: sky130_fd_pr__nfet_01v8 instances:   5
  Class: sky130_fd_pr__pfet_01v8_hvt instances:   5
Circuit contains 14 nets.
Contents of circuit 2:  Circuit: 'sky130_fd_sc_hd__a32oi_2'
Circuit sky130_fd_sc_hd__a32oi_2 contains 20 device instances.
  Class: sky130_fd_pr__nfet_01v8 instances:  10
  Class: sky130_fd_pr__pfet_01v8_hvt instances:  10
Circuit contains 14 nets.

Circuit was modified by parallel/series device merging.
New circuit summary:

Contents of circuit 1:  Circuit: 'sky130_fd_sc_hd__a32oi_2'
Circuit sky130_fd_sc_hd__a32oi_2 contains 10 device instances.
  Class: sky130_fd_pr__nfet_01v8 instances:   5
  Class: sky130_fd_pr__pfet_01v8_hvt instances:   5
Circuit contains 14 nets.
Contents of circuit 2:  Circuit: 'sky130_fd_sc_hd__a32oi_2'
Circuit sky130_fd_sc_hd__a32oi_2 contains 10 device instances.
  Class: sky130_fd_pr__nfet_01v8 instances:   5
  Class: sky130_fd_pr__pfet_01v8_hvt instances:   5
Circuit contains 14 nets.

Circuit 1 contains 10 devices, Circuit 2 contains 10 devices.
Circuit 1 contains 14 nets,    Circuit 2 contains 14 nets.


Contents of circuit 1:  Circuit: 'sky130_fd_sc_hd__o2111ai_2'
Circuit sky130_fd_sc_hd__o2111ai_2 contains 10 device instances.
  Class: sky130_fd_pr__nfet_01v8 instances:   5
  Class: sky130_fd_pr__pfet_01v8_hvt instances:   5
Circuit contains 14 nets.
Contents of circuit 2:  Circuit: 'sky130_fd_sc_hd__o2111ai_2'
Circuit sky130_fd_sc_hd__o2111ai_2 contains 20 device instances.
  Class: sky130_fd_pr__nfet_01v8 instances:  10
  Class: sky130_fd_pr__pfet_01v8_hvt instances:  10
Circuit contains 14 nets.

Circuit was modified by parallel/series device merging.
New circuit summary:

Contents of circuit 1:  Circuit: 'sky130_fd_sc_hd__o2111ai_2'
Circuit sky130_fd_sc_hd__o2111ai_2 contains 10 device instances.
  Class: sky130_fd_pr__nfet_01v8 instances:   5
  Class: sky130_fd_pr__pfet_01v8_hvt instances:   5
Circuit contains 14 nets.
Contents of circuit 2:  Circuit: 'sky130_fd_sc_hd__o2111ai_2'
Circuit sky130_fd_sc_hd__o2111ai_2 contains 10 device instances.
  Class: sky130_fd_pr__nfet_01v8 instances:   5
  Class: sky130_fd_pr__pfet_01v8_hvt instances:   5
Circuit contains 14 nets.

Circuit 1 contains 10 devices, Circuit 2 contains 10 devices.
Circuit 1 contains 14 nets,    Circuit 2 contains 14 nets.


Contents of circuit 1:  Circuit: 'sky130_fd_sc_hd__a221oi_1'
Circuit sky130_fd_sc_hd__a221oi_1 contains 10 device instances.
  Class: sky130_fd_pr__nfet_01v8 instances:   5
  Class: sky130_fd_pr__pfet_01v8_hvt instances:   5
Circuit contains 14 nets.
Contents of circuit 2:  Circuit: 'sky130_fd_sc_hd__a221oi_1'
Circuit sky130_fd_sc_hd__a221oi_1 contains 10 device instances.
  Class: sky130_fd_pr__nfet_01v8 instances:   5
  Class: sky130_fd_pr__pfet_01v8_hvt instances:   5
Circuit contains 14 nets.

Circuit 1 contains 10 devices, Circuit 2 contains 10 devices.
Circuit 1 contains 14 nets,    Circuit 2 contains 14 nets.


Contents of circuit 1:  Circuit: 'sky130_fd_sc_hd__or3b_1'
Circuit sky130_fd_sc_hd__or3b_1 contains 10 device instances.
  Class: sky130_fd_pr__nfet_01v8 instances:   5
  Class: sky130_fd_pr__pfet_01v8_hvt instances:   5
Circuit contains 12 nets.
Contents of circuit 2:  Circuit: 'sky130_fd_sc_hd__or3b_1'
Circuit sky130_fd_sc_hd__or3b_1 contains 10 device instances.
  Class: sky130_fd_pr__nfet_01v8 instances:   5
  Class: sky130_fd_pr__pfet_01v8_hvt instances:   5
Circuit contains 12 nets.

Circuit 1 contains 10 devices, Circuit 2 contains 10 devices.
Circuit 1 contains 12 nets,    Circuit 2 contains 12 nets.


Contents of circuit 1:  Circuit: 'sky130_fd_sc_hd__a22o_2'
Circuit sky130_fd_sc_hd__a22o_2 contains 10 device instances.
  Class: sky130_fd_pr__nfet_01v8 instances:   5
  Class: sky130_fd_pr__pfet_01v8_hvt instances:   5
Circuit contains 13 nets.
Contents of circuit 2:  Circuit: 'sky130_fd_sc_hd__a22o_2'
Circuit sky130_fd_sc_hd__a22o_2 contains 12 device instances.
  Class: sky130_fd_pr__nfet_01v8 instances:   6
  Class: sky130_fd_pr__pfet_01v8_hvt instances:   6
Circuit contains 13 nets.

Circuit was modified by parallel/series device merging.
New circuit summary:

Contents of circuit 1:  Circuit: 'sky130_fd_sc_hd__a22o_2'
Circuit sky130_fd_sc_hd__a22o_2 contains 10 device instances.
  Class: sky130_fd_pr__nfet_01v8 instances:   5
  Class: sky130_fd_pr__pfet_01v8_hvt instances:   5
Circuit contains 13 nets.
Contents of circuit 2:  Circuit: 'sky130_fd_sc_hd__a22o_2'
Circuit sky130_fd_sc_hd__a22o_2 contains 10 device instances.
  Class: sky130_fd_pr__nfet_01v8 instances:   5
  Class: sky130_fd_pr__pfet_01v8_hvt instances:   5
Circuit contains 13 nets.

Circuit 1 contains 10 devices, Circuit 2 contains 10 devices.
Circuit 1 contains 13 nets,    Circuit 2 contains 13 nets.


Contents of circuit 1:  Circuit: 'sky130_fd_sc_hd__a31o_2'
Circuit sky130_fd_sc_hd__a31o_2 contains 10 device instances.
  Class: sky130_fd_pr__nfet_01v8 instances:   5
  Class: sky130_fd_pr__pfet_01v8_hvt instances:   5
Circuit contains 13 nets.
Contents of circuit 2:  Circuit: 'sky130_fd_sc_hd__a31o_2'
Circuit sky130_fd_sc_hd__a31o_2 contains 12 device instances.
  Class: sky130_fd_pr__nfet_01v8 instances:   6
  Class: sky130_fd_pr__pfet_01v8_hvt instances:   6
Circuit contains 13 nets.

Circuit was modified by parallel/series device merging.
New circuit summary:

Contents of circuit 1:  Circuit: 'sky130_fd_sc_hd__a31o_2'
Circuit sky130_fd_sc_hd__a31o_2 contains 10 device instances.
  Class: sky130_fd_pr__nfet_01v8 instances:   5
  Class: sky130_fd_pr__pfet_01v8_hvt instances:   5
Circuit contains 13 nets.
Contents of circuit 2:  Circuit: 'sky130_fd_sc_hd__a31o_2'
Circuit sky130_fd_sc_hd__a31o_2 contains 10 device instances.
  Class: sky130_fd_pr__nfet_01v8 instances:   5
  Class: sky130_fd_pr__pfet_01v8_hvt instances:   5
Circuit contains 13 nets.

Circuit 1 contains 10 devices, Circuit 2 contains 10 devices.
Circuit 1 contains 13 nets,    Circuit 2 contains 13 nets.


Contents of circuit 1:  Circuit: 'sky130_fd_sc_hd__clkinvlp_4'
Circuit sky130_fd_sc_hd__clkinvlp_4 contains 5 device instances.
  Class: sky130_fd_pr__nfet_01v8 instances:   4
  Class: sky130_fd_pr__pfet_01v8_hvt instances:   1
Circuit contains 8 nets.
Contents of circuit 2:  Circuit: 'sky130_fd_sc_hd__clkinvlp_4'
Circuit sky130_fd_sc_hd__clkinvlp_4 contains 8 device instances.
  Class: sky130_fd_pr__nfet_01v8 instances:   4
  Class: sky130_fd_pr__pfet_01v8_hvt instances:   4
Circuit contains 8 nets.

Circuit was modified by parallel/series device merging.
New circuit summary:

Contents of circuit 1:  Circuit: 'sky130_fd_sc_hd__clkinvlp_4'
Circuit sky130_fd_sc_hd__clkinvlp_4 contains 5 device instances.
  Class: sky130_fd_pr__nfet_01v8 instances:   4
  Class: sky130_fd_pr__pfet_01v8_hvt instances:   1
Circuit contains 8 nets.
Contents of circuit 2:  Circuit: 'sky130_fd_sc_hd__clkinvlp_4'
Circuit sky130_fd_sc_hd__clkinvlp_4 contains 5 device instances.
  Class: sky130_fd_pr__nfet_01v8 instances:   4
  Class: sky130_fd_pr__pfet_01v8_hvt instances:   1
Circuit contains 8 nets.

Circuit 1 contains 5 devices, Circuit 2 contains 5 devices.
Circuit 1 contains 8 nets,    Circuit 2 contains 8 nets.


Contents of circuit 1:  Circuit: 'sky130_fd_sc_hd__nand3_1'
Circuit sky130_fd_sc_hd__nand3_1 contains 6 device instances.
  Class: sky130_fd_pr__nfet_01v8 instances:   3
  Class: sky130_fd_pr__pfet_01v8_hvt instances:   3
Circuit contains 10 nets.
Contents of circuit 2:  Circuit: 'sky130_fd_sc_hd__nand3_1'
Circuit sky130_fd_sc_hd__nand3_1 contains 6 device instances.
  Class: sky130_fd_pr__nfet_01v8 instances:   3
  Class: sky130_fd_pr__pfet_01v8_hvt instances:   3
Circuit contains 10 nets.

Circuit 1 contains 6 devices, Circuit 2 contains 6 devices.
Circuit 1 contains 10 nets,    Circuit 2 contains 10 nets.


Contents of circuit 1:  Circuit: 'sky130_fd_sc_hd__nand4b_2'
Circuit sky130_fd_sc_hd__nand4b_2 contains 10 device instances.
  Class: sky130_fd_pr__nfet_01v8 instances:   5
  Class: sky130_fd_pr__pfet_01v8_hvt instances:   5
Circuit contains 13 nets.
Contents of circuit 2:  Circuit: 'sky130_fd_sc_hd__nand4b_2'
Circuit sky130_fd_sc_hd__nand4b_2 contains 18 device instances.
  Class: sky130_fd_pr__nfet_01v8 instances:   9
  Class: sky130_fd_pr__pfet_01v8_hvt instances:   9
Circuit contains 13 nets.

Circuit was modified by parallel/series device merging.
New circuit summary:

Contents of circuit 1:  Circuit: 'sky130_fd_sc_hd__nand4b_2'
Circuit sky130_fd_sc_hd__nand4b_2 contains 10 device instances.
  Class: sky130_fd_pr__nfet_01v8 instances:   5
  Class: sky130_fd_pr__pfet_01v8_hvt instances:   5
Circuit contains 13 nets.
Contents of circuit 2:  Circuit: 'sky130_fd_sc_hd__nand4b_2'
Circuit sky130_fd_sc_hd__nand4b_2 contains 10 device instances.
  Class: sky130_fd_pr__nfet_01v8 instances:   5
  Class: sky130_fd_pr__pfet_01v8_hvt instances:   5
Circuit contains 13 nets.

Circuit 1 contains 10 devices, Circuit 2 contains 10 devices.
Circuit 1 contains 13 nets,    Circuit 2 contains 13 nets.


Contents of circuit 1:  Circuit: 'sky130_fd_sc_hd__o2111a_1'
Circuit sky130_fd_sc_hd__o2111a_1 contains 12 device instances.
  Class: sky130_fd_pr__nfet_01v8 instances:   6
  Class: sky130_fd_pr__pfet_01v8_hvt instances:   6
Circuit contains 15 nets.
Contents of circuit 2:  Circuit: 'sky130_fd_sc_hd__o2111a_1'
Circuit sky130_fd_sc_hd__o2111a_1 contains 12 device instances.
  Class: sky130_fd_pr__nfet_01v8 instances:   6
  Class: sky130_fd_pr__pfet_01v8_hvt instances:   6
Circuit contains 15 nets.

Circuit 1 contains 12 devices, Circuit 2 contains 12 devices.
Circuit 1 contains 15 nets,    Circuit 2 contains 15 nets.


Contents of circuit 1:  Circuit: 'sky130_fd_sc_hd__and4b_2'
Circuit sky130_fd_sc_hd__and4b_2 contains 12 device instances.
  Class: sky130_fd_pr__nfet_01v8 instances:   6
  Class: sky130_fd_pr__pfet_01v8_hvt instances:   6
Circuit contains 14 nets.
Contents of circuit 2:  Circuit: 'sky130_fd_sc_hd__and4b_2'
Circuit sky130_fd_sc_hd__and4b_2 contains 14 device instances.
  Class: sky130_fd_pr__nfet_01v8 instances:   7
  Class: sky130_fd_pr__pfet_01v8_hvt instances:   7
Circuit contains 14 nets.

Circuit was modified by parallel/series device merging.
New circuit summary:

Contents of circuit 1:  Circuit: 'sky130_fd_sc_hd__and4b_2'
Circuit sky130_fd_sc_hd__and4b_2 contains 12 device instances.
  Class: sky130_fd_pr__nfet_01v8 instances:   6
  Class: sky130_fd_pr__pfet_01v8_hvt instances:   6
Circuit contains 14 nets.
Contents of circuit 2:  Circuit: 'sky130_fd_sc_hd__and4b_2'
Circuit sky130_fd_sc_hd__and4b_2 contains 12 device instances.
  Class: sky130_fd_pr__nfet_01v8 instances:   6
  Class: sky130_fd_pr__pfet_01v8_hvt instances:   6
Circuit contains 14 nets.

Circuit 1 contains 12 devices, Circuit 2 contains 12 devices.
Circuit 1 contains 14 nets,    Circuit 2 contains 14 nets.


Contents of circuit 1:  Circuit: 'sky130_fd_sc_hd__inv_6'
Circuit sky130_fd_sc_hd__inv_6 contains 2 device instances.
  Class: sky130_fd_pr__nfet_01v8 instances:   1
  Class: sky130_fd_pr__pfet_01v8_hvt instances:   1
Circuit contains 6 nets.
Contents of circuit 2:  Circuit: 'sky130_fd_sc_hd__inv_6'
Circuit sky130_fd_sc_hd__inv_6 contains 12 device instances.
  Class: sky130_fd_pr__nfet_01v8 instances:   6
  Class: sky130_fd_pr__pfet_01v8_hvt instances:   6
Circuit contains 6 nets.

Circuit was modified by parallel/series device merging.
New circuit summary:

Contents of circuit 1:  Circuit: 'sky130_fd_sc_hd__inv_6'
Circuit sky130_fd_sc_hd__inv_6 contains 2 device instances.
  Class: sky130_fd_pr__nfet_01v8 instances:   1
  Class: sky130_fd_pr__pfet_01v8_hvt instances:   1
Circuit contains 6 nets.
Contents of circuit 2:  Circuit: 'sky130_fd_sc_hd__inv_6'
Circuit sky130_fd_sc_hd__inv_6 contains 2 device instances.
  Class: sky130_fd_pr__nfet_01v8 instances:   1
  Class: sky130_fd_pr__pfet_01v8_hvt instances:   1
Circuit contains 6 nets.

Circuit 1 contains 2 devices, Circuit 2 contains 2 devices.
Circuit 1 contains 6 nets,    Circuit 2 contains 6 nets.


Contents of circuit 1:  Circuit: 'sky130_fd_sc_hd__o21ba_1'
Circuit sky130_fd_sc_hd__o21ba_1 contains 10 device instances.
  Class: sky130_fd_pr__nfet_01v8 instances:   5
  Class: sky130_fd_pr__pfet_01v8_hvt instances:   5
Circuit contains 12 nets.
Contents of circuit 2:  Circuit: 'sky130_fd_sc_hd__o21ba_1'
Circuit sky130_fd_sc_hd__o21ba_1 contains 10 device instances.
  Class: sky130_fd_pr__nfet_01v8 instances:   5
  Class: sky130_fd_pr__pfet_01v8_hvt instances:   5
Circuit contains 12 nets.

Circuit 1 contains 10 devices, Circuit 2 contains 10 devices.
Circuit 1 contains 12 nets,    Circuit 2 contains 12 nets.


Contents of circuit 1:  Circuit: 'sky130_fd_sc_hd__a22oi_2'
Circuit sky130_fd_sc_hd__a22oi_2 contains 8 device instances.
  Class: sky130_fd_pr__nfet_01v8 instances:   4
  Class: sky130_fd_pr__pfet_01v8_hvt instances:   4
Circuit contains 12 nets.
Contents of circuit 2:  Circuit: 'sky130_fd_sc_hd__a22oi_2'
Circuit sky130_fd_sc_hd__a22oi_2 contains 16 device instances.
  Class: sky130_fd_pr__nfet_01v8 instances:   8
  Class: sky130_fd_pr__pfet_01v8_hvt instances:   8
Circuit contains 12 nets.

Circuit was modified by parallel/series device merging.
New circuit summary:

Contents of circuit 1:  Circuit: 'sky130_fd_sc_hd__a22oi_2'
Circuit sky130_fd_sc_hd__a22oi_2 contains 8 device instances.
  Class: sky130_fd_pr__nfet_01v8 instances:   4
  Class: sky130_fd_pr__pfet_01v8_hvt instances:   4
Circuit contains 12 nets.
Contents of circuit 2:  Circuit: 'sky130_fd_sc_hd__a22oi_2'
Circuit sky130_fd_sc_hd__a22oi_2 contains 8 device instances.
  Class: sky130_fd_pr__nfet_01v8 instances:   4
  Class: sky130_fd_pr__pfet_01v8_hvt instances:   4
Circuit contains 12 nets.

Circuit 1 contains 8 devices, Circuit 2 contains 8 devices.
Circuit 1 contains 12 nets,    Circuit 2 contains 12 nets.


Contents of circuit 1:  Circuit: 'sky130_fd_sc_hd__or2_2'
Circuit sky130_fd_sc_hd__or2_2 contains 6 device instances.
  Class: sky130_fd_pr__nfet_01v8 instances:   3
  Class: sky130_fd_pr__pfet_01v8_hvt instances:   3
Circuit contains 9 nets.
Contents of circuit 2:  Circuit: 'sky130_fd_sc_hd__or2_2'
Circuit sky130_fd_sc_hd__or2_2 contains 8 device instances.
  Class: sky130_fd_pr__nfet_01v8 instances:   4
  Class: sky130_fd_pr__pfet_01v8_hvt instances:   4
Circuit contains 9 nets.

Circuit was modified by parallel/series device merging.
New circuit summary:

Contents of circuit 1:  Circuit: 'sky130_fd_sc_hd__or2_2'
Circuit sky130_fd_sc_hd__or2_2 contains 6 device instances.
  Class: sky130_fd_pr__nfet_01v8 instances:   3
  Class: sky130_fd_pr__pfet_01v8_hvt instances:   3
Circuit contains 9 nets.
Contents of circuit 2:  Circuit: 'sky130_fd_sc_hd__or2_2'
Circuit sky130_fd_sc_hd__or2_2 contains 6 device instances.
  Class: sky130_fd_pr__nfet_01v8 instances:   3
  Class: sky130_fd_pr__pfet_01v8_hvt instances:   3
Circuit contains 9 nets.

Circuit 1 contains 6 devices, Circuit 2 contains 6 devices.
Circuit 1 contains 9 nets,    Circuit 2 contains 9 nets.


Contents of circuit 1:  Circuit: 'sky130_fd_sc_hd__a2111o_1'
Circuit sky130_fd_sc_hd__a2111o_1 contains 12 device instances.
  Class: sky130_fd_pr__nfet_01v8 instances:   6
  Class: sky130_fd_pr__pfet_01v8_hvt instances:   6
Circuit contains 15 nets.
Contents of circuit 2:  Circuit: 'sky130_fd_sc_hd__a2111o_1'
Circuit sky130_fd_sc_hd__a2111o_1 contains 12 device instances.
  Class: sky130_fd_pr__nfet_01v8 instances:   6
  Class: sky130_fd_pr__pfet_01v8_hvt instances:   6
Circuit contains 15 nets.

Circuit 1 contains 12 devices, Circuit 2 contains 12 devices.
Circuit 1 contains 15 nets,    Circuit 2 contains 15 nets.


Contents of circuit 1:  Circuit: 'sky130_fd_sc_hd__a2bb2oi_1'
Circuit sky130_fd_sc_hd__a2bb2oi_1 contains 10 device instances.
  Class: sky130_fd_pr__nfet_01v8 instances:   5
  Class: sky130_fd_pr__pfet_01v8_hvt instances:   5
Circuit contains 13 nets.
Contents of circuit 2:  Circuit: 'sky130_fd_sc_hd__a2bb2oi_1'
Circuit sky130_fd_sc_hd__a2bb2oi_1 contains 10 device instances.
  Class: sky130_fd_pr__nfet_01v8 instances:   5
  Class: sky130_fd_pr__pfet_01v8_hvt instances:   5
Circuit contains 13 nets.

Circuit 1 contains 10 devices, Circuit 2 contains 10 devices.
Circuit 1 contains 13 nets,    Circuit 2 contains 13 nets.


Contents of circuit 1:  Circuit: 'sky130_fd_sc_hd__nand4_2'
Circuit sky130_fd_sc_hd__nand4_2 contains 8 device instances.
  Class: sky130_fd_pr__nfet_01v8 instances:   4
  Class: sky130_fd_pr__pfet_01v8_hvt instances:   4
Circuit contains 12 nets.
Contents of circuit 2:  Circuit: 'sky130_fd_sc_hd__nand4_2'
Circuit sky130_fd_sc_hd__nand4_2 contains 16 device instances.
  Class: sky130_fd_pr__nfet_01v8 instances:   8
  Class: sky130_fd_pr__pfet_01v8_hvt instances:   8
Circuit contains 12 nets.

Circuit was modified by parallel/series device merging.
New circuit summary:

Contents of circuit 1:  Circuit: 'sky130_fd_sc_hd__nand4_2'
Circuit sky130_fd_sc_hd__nand4_2 contains 8 device instances.
  Class: sky130_fd_pr__nfet_01v8 instances:   4
  Class: sky130_fd_pr__pfet_01v8_hvt instances:   4
Circuit contains 12 nets.
Contents of circuit 2:  Circuit: 'sky130_fd_sc_hd__nand4_2'
Circuit sky130_fd_sc_hd__nand4_2 contains 8 device instances.
  Class: sky130_fd_pr__nfet_01v8 instances:   4
  Class: sky130_fd_pr__pfet_01v8_hvt instances:   4
Circuit contains 12 nets.

Circuit 1 contains 8 devices, Circuit 2 contains 8 devices.
Circuit 1 contains 12 nets,    Circuit 2 contains 12 nets.


Contents of circuit 1:  Circuit: 'sky130_fd_sc_hd__or3_4'
Circuit sky130_fd_sc_hd__or3_4 contains 8 device instances.
  Class: sky130_fd_pr__nfet_01v8 instances:   4
  Class: sky130_fd_pr__pfet_01v8_hvt instances:   4
Circuit contains 11 nets.
Contents of circuit 2:  Circuit: 'sky130_fd_sc_hd__or3_4'
Circuit sky130_fd_sc_hd__or3_4 contains 14 device instances.
  Class: sky130_fd_pr__nfet_01v8 instances:   7
  Class: sky130_fd_pr__pfet_01v8_hvt instances:   7
Circuit contains 11 nets.

Circuit was modified by parallel/series device merging.
New circuit summary:

Contents of circuit 1:  Circuit: 'sky130_fd_sc_hd__or3_4'
Circuit sky130_fd_sc_hd__or3_4 contains 8 device instances.
  Class: sky130_fd_pr__nfet_01v8 instances:   4
  Class: sky130_fd_pr__pfet_01v8_hvt instances:   4
Circuit contains 11 nets.
Contents of circuit 2:  Circuit: 'sky130_fd_sc_hd__or3_4'
Circuit sky130_fd_sc_hd__or3_4 contains 8 device instances.
  Class: sky130_fd_pr__nfet_01v8 instances:   4
  Class: sky130_fd_pr__pfet_01v8_hvt instances:   4
Circuit contains 11 nets.

Circuit 1 contains 8 devices, Circuit 2 contains 8 devices.
Circuit 1 contains 11 nets,    Circuit 2 contains 11 nets.


Contents of circuit 1:  Circuit: 'sky130_fd_sc_hd__or4b_4'
Circuit sky130_fd_sc_hd__or4b_4 contains 12 device instances.
  Class: sky130_fd_pr__nfet_01v8 instances:   6
  Class: sky130_fd_pr__pfet_01v8_hvt instances:   6
Circuit contains 14 nets.
Contents of circuit 2:  Circuit: 'sky130_fd_sc_hd__or4b_4'
Circuit sky130_fd_sc_hd__or4b_4 contains 18 device instances.
  Class: sky130_fd_pr__nfet_01v8 instances:   9
  Class: sky130_fd_pr__pfet_01v8_hvt instances:   9
Circuit contains 14 nets.

Circuit was modified by parallel/series device merging.
New circuit summary:

Contents of circuit 1:  Circuit: 'sky130_fd_sc_hd__or4b_4'
Circuit sky130_fd_sc_hd__or4b_4 contains 12 device instances.
  Class: sky130_fd_pr__nfet_01v8 instances:   6
  Class: sky130_fd_pr__pfet_01v8_hvt instances:   6
Circuit contains 14 nets.
Contents of circuit 2:  Circuit: 'sky130_fd_sc_hd__or4b_4'
Circuit sky130_fd_sc_hd__or4b_4 contains 12 device instances.
  Class: sky130_fd_pr__nfet_01v8 instances:   6
  Class: sky130_fd_pr__pfet_01v8_hvt instances:   6
Circuit contains 14 nets.

Circuit 1 contains 12 devices, Circuit 2 contains 12 devices.
Circuit 1 contains 14 nets,    Circuit 2 contains 14 nets.


Contents of circuit 1:  Circuit: 'sky130_fd_sc_hd__and4_2'
Circuit sky130_fd_sc_hd__and4_2 contains 10 device instances.
  Class: sky130_fd_pr__nfet_01v8 instances:   5
  Class: sky130_fd_pr__pfet_01v8_hvt instances:   5
Circuit contains 13 nets.
Contents of circuit 2:  Circuit: 'sky130_fd_sc_hd__and4_2'
Circuit sky130_fd_sc_hd__and4_2 contains 12 device instances.
  Class: sky130_fd_pr__nfet_01v8 instances:   6
  Class: sky130_fd_pr__pfet_01v8_hvt instances:   6
Circuit contains 13 nets.

Circuit was modified by parallel/series device merging.
New circuit summary:

Contents of circuit 1:  Circuit: 'sky130_fd_sc_hd__and4_2'
Circuit sky130_fd_sc_hd__and4_2 contains 10 device instances.
  Class: sky130_fd_pr__nfet_01v8 instances:   5
  Class: sky130_fd_pr__pfet_01v8_hvt instances:   5
Circuit contains 13 nets.
Contents of circuit 2:  Circuit: 'sky130_fd_sc_hd__and4_2'
Circuit sky130_fd_sc_hd__and4_2 contains 10 device instances.
  Class: sky130_fd_pr__nfet_01v8 instances:   5
  Class: sky130_fd_pr__pfet_01v8_hvt instances:   5
Circuit contains 13 nets.

Circuit 1 contains 10 devices, Circuit 2 contains 10 devices.
Circuit 1 contains 13 nets,    Circuit 2 contains 13 nets.


Contents of circuit 1:  Circuit: 'sky130_fd_sc_hd__o311a_1'
Circuit sky130_fd_sc_hd__o311a_1 contains 12 device instances.
  Class: sky130_fd_pr__nfet_01v8 instances:   6
  Class: sky130_fd_pr__pfet_01v8_hvt instances:   6
Circuit contains 15 nets.
Contents of circuit 2:  Circuit: 'sky130_fd_sc_hd__o311a_1'
Circuit sky130_fd_sc_hd__o311a_1 contains 12 device instances.
  Class: sky130_fd_pr__nfet_01v8 instances:   6
  Class: sky130_fd_pr__pfet_01v8_hvt instances:   6
Circuit contains 15 nets.

Circuit 1 contains 12 devices, Circuit 2 contains 12 devices.
Circuit 1 contains 15 nets,    Circuit 2 contains 15 nets.


Contents of circuit 1:  Circuit: 'sky130_fd_sc_hd__and3b_1'
Circuit sky130_fd_sc_hd__and3b_1 contains 10 device instances.
  Class: sky130_fd_pr__nfet_01v8 instances:   5
  Class: sky130_fd_pr__pfet_01v8_hvt instances:   5
Circuit contains 12 nets.
Contents of circuit 2:  Circuit: 'sky130_fd_sc_hd__and3b_1'
Circuit sky130_fd_sc_hd__and3b_1 contains 10 device instances.
  Class: sky130_fd_pr__nfet_01v8 instances:   5
  Class: sky130_fd_pr__pfet_01v8_hvt instances:   5
Circuit contains 12 nets.

Circuit 1 contains 10 devices, Circuit 2 contains 10 devices.
Circuit 1 contains 12 nets,    Circuit 2 contains 12 nets.


Contents of circuit 1:  Circuit: 'sky130_fd_sc_hd__nor4_2'
Circuit sky130_fd_sc_hd__nor4_2 contains 8 device instances.
  Class: sky130_fd_pr__nfet_01v8 instances:   4
  Class: sky130_fd_pr__pfet_01v8_hvt instances:   4
Circuit contains 12 nets.
Contents of circuit 2:  Circuit: 'sky130_fd_sc_hd__nor4_2'
Circuit sky130_fd_sc_hd__nor4_2 contains 16 device instances.
  Class: sky130_fd_pr__nfet_01v8 instances:   8
  Class: sky130_fd_pr__pfet_01v8_hvt instances:   8
Circuit contains 12 nets.

Circuit was modified by parallel/series device merging.
New circuit summary:

Contents of circuit 1:  Circuit: 'sky130_fd_sc_hd__nor4_2'
Circuit sky130_fd_sc_hd__nor4_2 contains 8 device instances.
  Class: sky130_fd_pr__nfet_01v8 instances:   4
  Class: sky130_fd_pr__pfet_01v8_hvt instances:   4
Circuit contains 12 nets.
Contents of circuit 2:  Circuit: 'sky130_fd_sc_hd__nor4_2'
Circuit sky130_fd_sc_hd__nor4_2 contains 8 device instances.
  Class: sky130_fd_pr__nfet_01v8 instances:   4
  Class: sky130_fd_pr__pfet_01v8_hvt instances:   4
Circuit contains 12 nets.

Circuit 1 contains 8 devices, Circuit 2 contains 8 devices.
Circuit 1 contains 12 nets,    Circuit 2 contains 12 nets.


Contents of circuit 1:  Circuit: 'sky130_fd_sc_hd__nand3b_1'
Circuit sky130_fd_sc_hd__nand3b_1 contains 8 device instances.
  Class: sky130_fd_pr__nfet_01v8 instances:   4
  Class: sky130_fd_pr__pfet_01v8_hvt instances:   4
Circuit contains 11 nets.
Contents of circuit 2:  Circuit: 'sky130_fd_sc_hd__nand3b_1'
Circuit sky130_fd_sc_hd__nand3b_1 contains 8 device instances.
  Class: sky130_fd_pr__nfet_01v8 instances:   4
  Class: sky130_fd_pr__pfet_01v8_hvt instances:   4
Circuit contains 11 nets.

Circuit 1 contains 8 devices, Circuit 2 contains 8 devices.
Circuit 1 contains 11 nets,    Circuit 2 contains 11 nets.


Contents of circuit 1:  Circuit: 'sky130_fd_sc_hd__o21ai_2'
Circuit sky130_fd_sc_hd__o21ai_2 contains 6 device instances.
  Class: sky130_fd_pr__nfet_01v8 instances:   3
  Class: sky130_fd_pr__pfet_01v8_hvt instances:   3
Circuit contains 10 nets.
Contents of circuit 2:  Circuit: 'sky130_fd_sc_hd__o21ai_2'
Circuit sky130_fd_sc_hd__o21ai_2 contains 12 device instances.
  Class: sky130_fd_pr__nfet_01v8 instances:   6
  Class: sky130_fd_pr__pfet_01v8_hvt instances:   6
Circuit contains 10 nets.

Circuit was modified by parallel/series device merging.
New circuit summary:

Contents of circuit 1:  Circuit: 'sky130_fd_sc_hd__o21ai_2'
Circuit sky130_fd_sc_hd__o21ai_2 contains 6 device instances.
  Class: sky130_fd_pr__nfet_01v8 instances:   3
  Class: sky130_fd_pr__pfet_01v8_hvt instances:   3
Circuit contains 10 nets.
Contents of circuit 2:  Circuit: 'sky130_fd_sc_hd__o21ai_2'
Circuit sky130_fd_sc_hd__o21ai_2 contains 6 device instances.
  Class: sky130_fd_pr__nfet_01v8 instances:   3
  Class: sky130_fd_pr__pfet_01v8_hvt instances:   3
Circuit contains 10 nets.

Circuit 1 contains 6 devices, Circuit 2 contains 6 devices.
Circuit 1 contains 10 nets,    Circuit 2 contains 10 nets.


Contents of circuit 1:  Circuit: 'sky130_fd_sc_hd__o2bb2a_1'
Circuit sky130_fd_sc_hd__o2bb2a_1 contains 12 device instances.
  Class: sky130_fd_pr__nfet_01v8 instances:   6
  Class: sky130_fd_pr__pfet_01v8_hvt instances:   6
Circuit contains 14 nets.
Contents of circuit 2:  Circuit: 'sky130_fd_sc_hd__o2bb2a_1'
Circuit sky130_fd_sc_hd__o2bb2a_1 contains 12 device instances.
  Class: sky130_fd_pr__nfet_01v8 instances:   6
  Class: sky130_fd_pr__pfet_01v8_hvt instances:   6
Circuit contains 14 nets.

Circuit 1 contains 12 devices, Circuit 2 contains 12 devices.
Circuit 1 contains 14 nets,    Circuit 2 contains 14 nets.


Contents of circuit 1:  Circuit: 'sky130_fd_sc_hd__a221oi_2'
Circuit sky130_fd_sc_hd__a221oi_2 contains 10 device instances.
  Class: sky130_fd_pr__nfet_01v8 instances:   5
  Class: sky130_fd_pr__pfet_01v8_hvt instances:   5
Circuit contains 14 nets.
Contents of circuit 2:  Circuit: 'sky130_fd_sc_hd__a221oi_2'
Circuit sky130_fd_sc_hd__a221oi_2 contains 20 device instances.
  Class: sky130_fd_pr__nfet_01v8 instances:  10
  Class: sky130_fd_pr__pfet_01v8_hvt instances:  10
Circuit contains 14 nets.

Circuit was modified by parallel/series device merging.
New circuit summary:

Contents of circuit 1:  Circuit: 'sky130_fd_sc_hd__a221oi_2'
Circuit sky130_fd_sc_hd__a221oi_2 contains 10 device instances.
  Class: sky130_fd_pr__nfet_01v8 instances:   5
  Class: sky130_fd_pr__pfet_01v8_hvt instances:   5
Circuit contains 14 nets.
Contents of circuit 2:  Circuit: 'sky130_fd_sc_hd__a221oi_2'
Circuit sky130_fd_sc_hd__a221oi_2 contains 10 device instances.
  Class: sky130_fd_pr__nfet_01v8 instances:   5
  Class: sky130_fd_pr__pfet_01v8_hvt instances:   5
Circuit contains 14 nets.

Circuit 1 contains 10 devices, Circuit 2 contains 10 devices.
Circuit 1 contains 14 nets,    Circuit 2 contains 14 nets.


Contents of circuit 1:  Circuit: 'sky130_fd_sc_hd__and4_4'
Circuit sky130_fd_sc_hd__and4_4 contains 10 device instances.
  Class: sky130_fd_pr__nfet_01v8 instances:   5
  Class: sky130_fd_pr__pfet_01v8_hvt instances:   5
Circuit contains 13 nets.
Contents of circuit 2:  Circuit: 'sky130_fd_sc_hd__and4_4'
Circuit sky130_fd_sc_hd__and4_4 contains 16 device instances.
  Class: sky130_fd_pr__nfet_01v8 instances:   8
  Class: sky130_fd_pr__pfet_01v8_hvt instances:   8
Circuit contains 13 nets.

Circuit was modified by parallel/series device merging.
New circuit summary:

Contents of circuit 1:  Circuit: 'sky130_fd_sc_hd__and4_4'
Circuit sky130_fd_sc_hd__and4_4 contains 10 device instances.
  Class: sky130_fd_pr__nfet_01v8 instances:   5
  Class: sky130_fd_pr__pfet_01v8_hvt instances:   5
Circuit contains 13 nets.
Contents of circuit 2:  Circuit: 'sky130_fd_sc_hd__and4_4'
Circuit sky130_fd_sc_hd__and4_4 contains 10 device instances.
  Class: sky130_fd_pr__nfet_01v8 instances:   5
  Class: sky130_fd_pr__pfet_01v8_hvt instances:   5
Circuit contains 13 nets.

Circuit 1 contains 10 devices, Circuit 2 contains 10 devices.
Circuit 1 contains 13 nets,    Circuit 2 contains 13 nets.


Contents of circuit 1:  Circuit: 'sky130_fd_sc_hd__a21bo_1'
Circuit sky130_fd_sc_hd__a21bo_1 contains 10 device instances.
  Class: sky130_fd_pr__nfet_01v8 instances:   5
  Class: sky130_fd_pr__pfet_01v8_hvt instances:   5
Circuit contains 12 nets.
Contents of circuit 2:  Circuit: 'sky130_fd_sc_hd__a21bo_1'
Circuit sky130_fd_sc_hd__a21bo_1 contains 10 device instances.
  Class: sky130_fd_pr__nfet_01v8 instances:   5
  Class: sky130_fd_pr__pfet_01v8_hvt instances:   5
Circuit contains 12 nets.

Circuit 1 contains 10 devices, Circuit 2 contains 10 devices.
Circuit 1 contains 12 nets,    Circuit 2 contains 12 nets.


Contents of circuit 1:  Circuit: 'sky130_fd_sc_hd__o2111ai_1'
Circuit sky130_fd_sc_hd__o2111ai_1 contains 10 device instances.
  Class: sky130_fd_pr__nfet_01v8 instances:   5
  Class: sky130_fd_pr__pfet_01v8_hvt instances:   5
Circuit contains 14 nets.
Contents of circuit 2:  Circuit: 'sky130_fd_sc_hd__o2111ai_1'
Circuit sky130_fd_sc_hd__o2111ai_1 contains 10 device instances.
  Class: sky130_fd_pr__nfet_01v8 instances:   5
  Class: sky130_fd_pr__pfet_01v8_hvt instances:   5
Circuit contains 14 nets.

Circuit 1 contains 10 devices, Circuit 2 contains 10 devices.
Circuit 1 contains 14 nets,    Circuit 2 contains 14 nets.


Contents of circuit 1:  Circuit: 'sky130_fd_sc_hd__o2bb2ai_1'
Circuit sky130_fd_sc_hd__o2bb2ai_1 contains 10 device instances.
  Class: sky130_fd_pr__nfet_01v8 instances:   5
  Class: sky130_fd_pr__pfet_01v8_hvt instances:   5
Circuit contains 13 nets.
Contents of circuit 2:  Circuit: 'sky130_fd_sc_hd__o2bb2ai_1'
Circuit sky130_fd_sc_hd__o2bb2ai_1 contains 10 device instances.
  Class: sky130_fd_pr__nfet_01v8 instances:   5
  Class: sky130_fd_pr__pfet_01v8_hvt instances:   5
Circuit contains 13 nets.

Circuit 1 contains 10 devices, Circuit 2 contains 10 devices.
Circuit 1 contains 13 nets,    Circuit 2 contains 13 nets.


Contents of circuit 1:  Circuit: 'sky130_fd_sc_hd__o32ai_1'
Circuit sky130_fd_sc_hd__o32ai_1 contains 10 device instances.
  Class: sky130_fd_pr__nfet_01v8 instances:   5
  Class: sky130_fd_pr__pfet_01v8_hvt instances:   5
Circuit contains 14 nets.
Contents of circuit 2:  Circuit: 'sky130_fd_sc_hd__o32ai_1'
Circuit sky130_fd_sc_hd__o32ai_1 contains 10 device instances.
  Class: sky130_fd_pr__nfet_01v8 instances:   5
  Class: sky130_fd_pr__pfet_01v8_hvt instances:   5
Circuit contains 14 nets.

Circuit 1 contains 10 devices, Circuit 2 contains 10 devices.
Circuit 1 contains 14 nets,    Circuit 2 contains 14 nets.


Contents of circuit 1:  Circuit: 'sky130_fd_sc_hd__a32o_2'
Circuit sky130_fd_sc_hd__a32o_2 contains 12 device instances.
  Class: sky130_fd_pr__nfet_01v8 instances:   6
  Class: sky130_fd_pr__pfet_01v8_hvt instances:   6
Circuit contains 15 nets.
Contents of circuit 2:  Circuit: 'sky130_fd_sc_hd__a32o_2'
Circuit sky130_fd_sc_hd__a32o_2 contains 14 device instances.
  Class: sky130_fd_pr__nfet_01v8 instances:   7
  Class: sky130_fd_pr__pfet_01v8_hvt instances:   7
Circuit contains 15 nets.

Circuit was modified by parallel/series device merging.
New circuit summary:

Contents of circuit 1:  Circuit: 'sky130_fd_sc_hd__a32o_2'
Circuit sky130_fd_sc_hd__a32o_2 contains 12 device instances.
  Class: sky130_fd_pr__nfet_01v8 instances:   6
  Class: sky130_fd_pr__pfet_01v8_hvt instances:   6
Circuit contains 15 nets.
Contents of circuit 2:  Circuit: 'sky130_fd_sc_hd__a32o_2'
Circuit sky130_fd_sc_hd__a32o_2 contains 12 device instances.
  Class: sky130_fd_pr__nfet_01v8 instances:   6
  Class: sky130_fd_pr__pfet_01v8_hvt instances:   6
Circuit contains 15 nets.

Circuit 1 contains 12 devices, Circuit 2 contains 12 devices.
Circuit 1 contains 15 nets,    Circuit 2 contains 15 nets.


Contents of circuit 1:  Circuit: 'sky130_fd_sc_hd__nor4b_1'
Circuit sky130_fd_sc_hd__nor4b_1 contains 10 device instances.
  Class: sky130_fd_pr__nfet_01v8 instances:   5
  Class: sky130_fd_pr__pfet_01v8_hvt instances:   5
Circuit contains 13 nets.
Contents of circuit 2:  Circuit: 'sky130_fd_sc_hd__nor4b_1'
Circuit sky130_fd_sc_hd__nor4b_1 contains 10 device instances.
  Class: sky130_fd_pr__nfet_01v8 instances:   5
  Class: sky130_fd_pr__pfet_01v8_hvt instances:   5
Circuit contains 13 nets.

Circuit 1 contains 10 devices, Circuit 2 contains 10 devices.
Circuit 1 contains 13 nets,    Circuit 2 contains 13 nets.


Contents of circuit 1:  Circuit: 'sky130_fd_sc_hd__o21a_2'
Circuit sky130_fd_sc_hd__o21a_2 contains 8 device instances.
  Class: sky130_fd_pr__nfet_01v8 instances:   4
  Class: sky130_fd_pr__pfet_01v8_hvt instances:   4
Circuit contains 11 nets.
Contents of circuit 2:  Circuit: 'sky130_fd_sc_hd__o21a_2'
Circuit sky130_fd_sc_hd__o21a_2 contains 10 device instances.
  Class: sky130_fd_pr__nfet_01v8 instances:   5
  Class: sky130_fd_pr__pfet_01v8_hvt instances:   5
Circuit contains 11 nets.

Circuit was modified by parallel/series device merging.
New circuit summary:

Contents of circuit 1:  Circuit: 'sky130_fd_sc_hd__o21a_2'
Circuit sky130_fd_sc_hd__o21a_2 contains 8 device instances.
  Class: sky130_fd_pr__nfet_01v8 instances:   4
  Class: sky130_fd_pr__pfet_01v8_hvt instances:   4
Circuit contains 11 nets.
Contents of circuit 2:  Circuit: 'sky130_fd_sc_hd__o21a_2'
Circuit sky130_fd_sc_hd__o21a_2 contains 8 device instances.
  Class: sky130_fd_pr__nfet_01v8 instances:   4
  Class: sky130_fd_pr__pfet_01v8_hvt instances:   4
Circuit contains 11 nets.

Circuit 1 contains 8 devices, Circuit 2 contains 8 devices.
Circuit 1 contains 11 nets,    Circuit 2 contains 11 nets.


Contents of circuit 1:  Circuit: 'sky130_fd_sc_hd__and2b_2'
Circuit sky130_fd_sc_hd__and2b_2 contains 8 device instances.
  Class: sky130_fd_pr__nfet_01v8 instances:   4
  Class: sky130_fd_pr__pfet_01v8_hvt instances:   4
Circuit contains 10 nets.
Contents of circuit 2:  Circuit: 'sky130_fd_sc_hd__and2b_2'
Circuit sky130_fd_sc_hd__and2b_2 contains 10 device instances.
  Class: sky130_fd_pr__nfet_01v8 instances:   5
  Class: sky130_fd_pr__pfet_01v8_hvt instances:   5
Circuit contains 10 nets.

Circuit was modified by parallel/series device merging.
New circuit summary:

Contents of circuit 1:  Circuit: 'sky130_fd_sc_hd__and2b_2'
Circuit sky130_fd_sc_hd__and2b_2 contains 8 device instances.
  Class: sky130_fd_pr__nfet_01v8 instances:   4
  Class: sky130_fd_pr__pfet_01v8_hvt instances:   4
Circuit contains 10 nets.
Contents of circuit 2:  Circuit: 'sky130_fd_sc_hd__and2b_2'
Circuit sky130_fd_sc_hd__and2b_2 contains 8 device instances.
  Class: sky130_fd_pr__nfet_01v8 instances:   4
  Class: sky130_fd_pr__pfet_01v8_hvt instances:   4
Circuit contains 10 nets.

Circuit 1 contains 8 devices, Circuit 2 contains 8 devices.
Circuit 1 contains 10 nets,    Circuit 2 contains 10 nets.


Contents of circuit 1:  Circuit: 'sky130_fd_sc_hd__or4_4'
Circuit sky130_fd_sc_hd__or4_4 contains 10 device instances.
  Class: sky130_fd_pr__nfet_01v8 instances:   5
  Class: sky130_fd_pr__pfet_01v8_hvt instances:   5
Circuit contains 13 nets.
Contents of circuit 2:  Circuit: 'sky130_fd_sc_hd__or4_4'
Circuit sky130_fd_sc_hd__or4_4 contains 16 device instances.
  Class: sky130_fd_pr__nfet_01v8 instances:   8
  Class: sky130_fd_pr__pfet_01v8_hvt instances:   8
Circuit contains 13 nets.

Circuit was modified by parallel/series device merging.
New circuit summary:

Contents of circuit 1:  Circuit: 'sky130_fd_sc_hd__or4_4'
Circuit sky130_fd_sc_hd__or4_4 contains 10 device instances.
  Class: sky130_fd_pr__nfet_01v8 instances:   5
  Class: sky130_fd_pr__pfet_01v8_hvt instances:   5
Circuit contains 13 nets.
Contents of circuit 2:  Circuit: 'sky130_fd_sc_hd__or4_4'
Circuit sky130_fd_sc_hd__or4_4 contains 10 device instances.
  Class: sky130_fd_pr__nfet_01v8 instances:   5
  Class: sky130_fd_pr__pfet_01v8_hvt instances:   5
Circuit contains 13 nets.

Circuit 1 contains 10 devices, Circuit 2 contains 10 devices.
Circuit 1 contains 13 nets,    Circuit 2 contains 13 nets.


Contents of circuit 1:  Circuit: 'sky130_fd_sc_hd__or3b_2'
Circuit sky130_fd_sc_hd__or3b_2 contains 10 device instances.
  Class: sky130_fd_pr__nfet_01v8 instances:   5
  Class: sky130_fd_pr__pfet_01v8_hvt instances:   5
Circuit contains 12 nets.
Contents of circuit 2:  Circuit: 'sky130_fd_sc_hd__or3b_2'
Circuit sky130_fd_sc_hd__or3b_2 contains 12 device instances.
  Class: sky130_fd_pr__nfet_01v8 instances:   6
  Class: sky130_fd_pr__pfet_01v8_hvt instances:   6
Circuit contains 12 nets.

Circuit was modified by parallel/series device merging.
New circuit summary:

Contents of circuit 1:  Circuit: 'sky130_fd_sc_hd__or3b_2'
Circuit sky130_fd_sc_hd__or3b_2 contains 10 device instances.
  Class: sky130_fd_pr__nfet_01v8 instances:   5
  Class: sky130_fd_pr__pfet_01v8_hvt instances:   5
Circuit contains 12 nets.
Contents of circuit 2:  Circuit: 'sky130_fd_sc_hd__or3b_2'
Circuit sky130_fd_sc_hd__or3b_2 contains 10 device instances.
  Class: sky130_fd_pr__nfet_01v8 instances:   5
  Class: sky130_fd_pr__pfet_01v8_hvt instances:   5
Circuit contains 12 nets.

Circuit 1 contains 10 devices, Circuit 2 contains 10 devices.
Circuit 1 contains 12 nets,    Circuit 2 contains 12 nets.


Contents of circuit 1:  Circuit: 'sky130_fd_sc_hd__nor2_2'
Circuit sky130_fd_sc_hd__nor2_2 contains 4 device instances.
  Class: sky130_fd_pr__nfet_01v8 instances:   2
  Class: sky130_fd_pr__pfet_01v8_hvt instances:   2
Circuit contains 8 nets.
Contents of circuit 2:  Circuit: 'sky130_fd_sc_hd__nor2_2'
Circuit sky130_fd_sc_hd__nor2_2 contains 8 device instances.
  Class: sky130_fd_pr__nfet_01v8 instances:   4
  Class: sky130_fd_pr__pfet_01v8_hvt instances:   4
Circuit contains 8 nets.

Circuit was modified by parallel/series device merging.
New circuit summary:

Contents of circuit 1:  Circuit: 'sky130_fd_sc_hd__nor2_2'
Circuit sky130_fd_sc_hd__nor2_2 contains 4 device instances.
  Class: sky130_fd_pr__nfet_01v8 instances:   2
  Class: sky130_fd_pr__pfet_01v8_hvt instances:   2
Circuit contains 8 nets.
Contents of circuit 2:  Circuit: 'sky130_fd_sc_hd__nor2_2'
Circuit sky130_fd_sc_hd__nor2_2 contains 4 device instances.
  Class: sky130_fd_pr__nfet_01v8 instances:   2
  Class: sky130_fd_pr__pfet_01v8_hvt instances:   2
Circuit contains 8 nets.

Circuit 1 contains 4 devices, Circuit 2 contains 4 devices.
Circuit 1 contains 8 nets,    Circuit 2 contains 8 nets.


Contents of circuit 1:  Circuit: 'sky130_fd_sc_hd__o22ai_1'
Circuit sky130_fd_sc_hd__o22ai_1 contains 8 device instances.
  Class: sky130_fd_pr__nfet_01v8 instances:   4
  Class: sky130_fd_pr__pfet_01v8_hvt instances:   4
Circuit contains 12 nets.
Contents of circuit 2:  Circuit: 'sky130_fd_sc_hd__o22ai_1'
Circuit sky130_fd_sc_hd__o22ai_1 contains 8 device instances.
  Class: sky130_fd_pr__nfet_01v8 instances:   4
  Class: sky130_fd_pr__pfet_01v8_hvt instances:   4
Circuit contains 12 nets.

Circuit 1 contains 8 devices, Circuit 2 contains 8 devices.
Circuit 1 contains 12 nets,    Circuit 2 contains 12 nets.


Contents of circuit 1:  Circuit: 'sky130_fd_sc_hd__inv_4'
Circuit sky130_fd_sc_hd__inv_4 contains 2 device instances.
  Class: sky130_fd_pr__nfet_01v8 instances:   1
  Class: sky130_fd_pr__pfet_01v8_hvt instances:   1
Circuit contains 6 nets.
Contents of circuit 2:  Circuit: 'sky130_fd_sc_hd__inv_4'
Circuit sky130_fd_sc_hd__inv_4 contains 8 device instances.
  Class: sky130_fd_pr__nfet_01v8 instances:   4
  Class: sky130_fd_pr__pfet_01v8_hvt instances:   4
Circuit contains 6 nets.

Circuit was modified by parallel/series device merging.
New circuit summary:

Contents of circuit 1:  Circuit: 'sky130_fd_sc_hd__inv_4'
Circuit sky130_fd_sc_hd__inv_4 contains 2 device instances.
  Class: sky130_fd_pr__nfet_01v8 instances:   1
  Class: sky130_fd_pr__pfet_01v8_hvt instances:   1
Circuit contains 6 nets.
Contents of circuit 2:  Circuit: 'sky130_fd_sc_hd__inv_4'
Circuit sky130_fd_sc_hd__inv_4 contains 2 device instances.
  Class: sky130_fd_pr__nfet_01v8 instances:   1
  Class: sky130_fd_pr__pfet_01v8_hvt instances:   1
Circuit contains 6 nets.

Circuit 1 contains 2 devices, Circuit 2 contains 2 devices.
Circuit 1 contains 6 nets,    Circuit 2 contains 6 nets.


Contents of circuit 1:  Circuit: 'sky130_fd_sc_hd__o21a_4'
Circuit sky130_fd_sc_hd__o21a_4 contains 10 device instances.
  Class: sky130_fd_pr__nfet_01v8 instances:   4
  Class: sky130_fd_pr__pfet_01v8_hvt instances:   6
Circuit contains 12 nets.
Contents of circuit 2:  Circuit: 'sky130_fd_sc_hd__o21a_4'
Circuit sky130_fd_sc_hd__o21a_4 contains 20 device instances.
  Class: sky130_fd_pr__nfet_01v8 instances:  10
  Class: sky130_fd_pr__pfet_01v8_hvt instances:  10
Circuit contains 12 nets.

Circuit was modified by parallel/series device merging.
New circuit summary:

Contents of circuit 1:  Circuit: 'sky130_fd_sc_hd__o21a_4'
Circuit sky130_fd_sc_hd__o21a_4 contains 10 device instances.
  Class: sky130_fd_pr__nfet_01v8 instances:   4
  Class: sky130_fd_pr__pfet_01v8_hvt instances:   6
Circuit contains 12 nets.
Contents of circuit 2:  Circuit: 'sky130_fd_sc_hd__o21a_4'
Circuit sky130_fd_sc_hd__o21a_4 contains 10 device instances.
  Class: sky130_fd_pr__nfet_01v8 instances:   4
  Class: sky130_fd_pr__pfet_01v8_hvt instances:   6
Circuit contains 12 nets.

Circuit 1 contains 10 devices, Circuit 2 contains 10 devices.
Circuit 1 contains 12 nets,    Circuit 2 contains 12 nets.


Contents of circuit 1:  Circuit: 'sky130_fd_sc_hd__a221oi_4'
Circuit sky130_fd_sc_hd__a221oi_4 contains 10 device instances.
  Class: sky130_fd_pr__nfet_01v8 instances:   5
  Class: sky130_fd_pr__pfet_01v8_hvt instances:   5
Circuit contains 14 nets.
Contents of circuit 2:  Circuit: 'sky130_fd_sc_hd__a221oi_4'
Circuit sky130_fd_sc_hd__a221oi_4 contains 40 device instances.
  Class: sky130_fd_pr__nfet_01v8 instances:  20
  Class: sky130_fd_pr__pfet_01v8_hvt instances:  20
Circuit contains 14 nets.

Circuit was modified by parallel/series device merging.
New circuit summary:

Contents of circuit 1:  Circuit: 'sky130_fd_sc_hd__a221oi_4'
Circuit sky130_fd_sc_hd__a221oi_4 contains 10 device instances.
  Class: sky130_fd_pr__nfet_01v8 instances:   5
  Class: sky130_fd_pr__pfet_01v8_hvt instances:   5
Circuit contains 14 nets.
Contents of circuit 2:  Circuit: 'sky130_fd_sc_hd__a221oi_4'
Circuit sky130_fd_sc_hd__a221oi_4 contains 10 device instances.
  Class: sky130_fd_pr__nfet_01v8 instances:   5
  Class: sky130_fd_pr__pfet_01v8_hvt instances:   5
Circuit contains 14 nets.

Circuit 1 contains 10 devices, Circuit 2 contains 10 devices.
Circuit 1 contains 14 nets,    Circuit 2 contains 14 nets.


Contents of circuit 1:  Circuit: 'sky130_fd_sc_hd__a31oi_1'
Circuit sky130_fd_sc_hd__a31oi_1 contains 8 device instances.
  Class: sky130_fd_pr__nfet_01v8 instances:   4
  Class: sky130_fd_pr__pfet_01v8_hvt instances:   4
Circuit contains 12 nets.
Contents of circuit 2:  Circuit: 'sky130_fd_sc_hd__a31oi_1'
Circuit sky130_fd_sc_hd__a31oi_1 contains 8 device instances.
  Class: sky130_fd_pr__nfet_01v8 instances:   4
  Class: sky130_fd_pr__pfet_01v8_hvt instances:   4
Circuit contains 12 nets.

Circuit 1 contains 8 devices, Circuit 2 contains 8 devices.
Circuit 1 contains 12 nets,    Circuit 2 contains 12 nets.


Contents of circuit 1:  Circuit: 'sky130_fd_sc_hd__and4b_4'
Circuit sky130_fd_sc_hd__and4b_4 contains 12 device instances.
  Class: sky130_fd_pr__nfet_01v8 instances:   6
  Class: sky130_fd_pr__pfet_01v8_hvt instances:   6
Circuit contains 14 nets.
Contents of circuit 2:  Circuit: 'sky130_fd_sc_hd__and4b_4'
Circuit sky130_fd_sc_hd__and4b_4 contains 18 device instances.
  Class: sky130_fd_pr__nfet_01v8 instances:   9
  Class: sky130_fd_pr__pfet_01v8_hvt instances:   9
Circuit contains 14 nets.

Circuit was modified by parallel/series device merging.
New circuit summary:

Contents of circuit 1:  Circuit: 'sky130_fd_sc_hd__and4b_4'
Circuit sky130_fd_sc_hd__and4b_4 contains 12 device instances.
  Class: sky130_fd_pr__nfet_01v8 instances:   6
  Class: sky130_fd_pr__pfet_01v8_hvt instances:   6
Circuit contains 14 nets.
Contents of circuit 2:  Circuit: 'sky130_fd_sc_hd__and4b_4'
Circuit sky130_fd_sc_hd__and4b_4 contains 12 device instances.
  Class: sky130_fd_pr__nfet_01v8 instances:   6
  Class: sky130_fd_pr__pfet_01v8_hvt instances:   6
Circuit contains 14 nets.

Circuit 1 contains 12 devices, Circuit 2 contains 12 devices.
Circuit 1 contains 14 nets,    Circuit 2 contains 14 nets.


Contents of circuit 1:  Circuit: 'sky130_fd_sc_hd__nor2_4'
Circuit sky130_fd_sc_hd__nor2_4 contains 4 device instances.
  Class: sky130_fd_pr__nfet_01v8 instances:   2
  Class: sky130_fd_pr__pfet_01v8_hvt instances:   2
Circuit contains 8 nets.
Contents of circuit 2:  Circuit: 'sky130_fd_sc_hd__nor2_4'
Circuit sky130_fd_sc_hd__nor2_4 contains 16 device instances.
  Class: sky130_fd_pr__nfet_01v8 instances:   8
  Class: sky130_fd_pr__pfet_01v8_hvt instances:   8
Circuit contains 8 nets.

Circuit was modified by parallel/series device merging.
New circuit summary:

Contents of circuit 1:  Circuit: 'sky130_fd_sc_hd__nor2_4'
Circuit sky130_fd_sc_hd__nor2_4 contains 4 device instances.
  Class: sky130_fd_pr__nfet_01v8 instances:   2
  Class: sky130_fd_pr__pfet_01v8_hvt instances:   2
Circuit contains 8 nets.
Contents of circuit 2:  Circuit: 'sky130_fd_sc_hd__nor2_4'
Circuit sky130_fd_sc_hd__nor2_4 contains 4 device instances.
  Class: sky130_fd_pr__nfet_01v8 instances:   2
  Class: sky130_fd_pr__pfet_01v8_hvt instances:   2
Circuit contains 8 nets.

Circuit 1 contains 4 devices, Circuit 2 contains 4 devices.
Circuit 1 contains 8 nets,    Circuit 2 contains 8 nets.


Contents of circuit 1:  Circuit: 'sky130_fd_sc_hd__nand2b_4'
Circuit sky130_fd_sc_hd__nand2b_4 contains 6 device instances.
  Class: sky130_fd_pr__nfet_01v8 instances:   3
  Class: sky130_fd_pr__pfet_01v8_hvt instances:   3
Circuit contains 9 nets.
Contents of circuit 2:  Circuit: 'sky130_fd_sc_hd__nand2b_4'
Circuit sky130_fd_sc_hd__nand2b_4 contains 18 device instances.
  Class: sky130_fd_pr__nfet_01v8 instances:   9
  Class: sky130_fd_pr__pfet_01v8_hvt instances:   9
Circuit contains 9 nets.

Circuit was modified by parallel/series device merging.
New circuit summary:

Contents of circuit 1:  Circuit: 'sky130_fd_sc_hd__nand2b_4'
Circuit sky130_fd_sc_hd__nand2b_4 contains 6 device instances.
  Class: sky130_fd_pr__nfet_01v8 instances:   3
  Class: sky130_fd_pr__pfet_01v8_hvt instances:   3
Circuit contains 9 nets.
Contents of circuit 2:  Circuit: 'sky130_fd_sc_hd__nand2b_4'
Circuit sky130_fd_sc_hd__nand2b_4 contains 6 device instances.
  Class: sky130_fd_pr__nfet_01v8 instances:   3
  Class: sky130_fd_pr__pfet_01v8_hvt instances:   3
Circuit contains 9 nets.

Circuit 1 contains 6 devices, Circuit 2 contains 6 devices.
Circuit 1 contains 9 nets,    Circuit 2 contains 9 nets.


Contents of circuit 1:  Circuit: 'sky130_fd_sc_hd__nand2_4'
Circuit sky130_fd_sc_hd__nand2_4 contains 4 device instances.
  Class: sky130_fd_pr__nfet_01v8 instances:   2
  Class: sky130_fd_pr__pfet_01v8_hvt instances:   2
Circuit contains 8 nets.
Contents of circuit 2:  Circuit: 'sky130_fd_sc_hd__nand2_4'
Circuit sky130_fd_sc_hd__nand2_4 contains 16 device instances.
  Class: sky130_fd_pr__nfet_01v8 instances:   8
  Class: sky130_fd_pr__pfet_01v8_hvt instances:   8
Circuit contains 8 nets.

Circuit was modified by parallel/series device merging.
New circuit summary:

Contents of circuit 1:  Circuit: 'sky130_fd_sc_hd__nand2_4'
Circuit sky130_fd_sc_hd__nand2_4 contains 4 device instances.
  Class: sky130_fd_pr__nfet_01v8 instances:   2
  Class: sky130_fd_pr__pfet_01v8_hvt instances:   2
Circuit contains 8 nets.
Contents of circuit 2:  Circuit: 'sky130_fd_sc_hd__nand2_4'
Circuit sky130_fd_sc_hd__nand2_4 contains 4 device instances.
  Class: sky130_fd_pr__nfet_01v8 instances:   2
  Class: sky130_fd_pr__pfet_01v8_hvt instances:   2
Circuit contains 8 nets.

Circuit 1 contains 4 devices, Circuit 2 contains 4 devices.
Circuit 1 contains 8 nets,    Circuit 2 contains 8 nets.


Contents of circuit 1:  Circuit: 'sky130_fd_sc_hd__a21boi_2'
Circuit sky130_fd_sc_hd__a21boi_2 contains 10 device instances.
  Class: sky130_fd_pr__nfet_01v8 instances:   6
  Class: sky130_fd_pr__pfet_01v8_hvt instances:   4
Circuit contains 12 nets.
Contents of circuit 2:  Circuit: 'sky130_fd_sc_hd__a21boi_2'
Circuit sky130_fd_sc_hd__a21boi_2 contains 14 device instances.
  Class: sky130_fd_pr__nfet_01v8 instances:   7
  Class: sky130_fd_pr__pfet_01v8_hvt instances:   7
Circuit contains 12 nets.

Circuit was modified by parallel/series device merging.
New circuit summary:

Contents of circuit 1:  Circuit: 'sky130_fd_sc_hd__a21boi_2'
Circuit sky130_fd_sc_hd__a21boi_2 contains 10 device instances.
  Class: sky130_fd_pr__nfet_01v8 instances:   6
  Class: sky130_fd_pr__pfet_01v8_hvt instances:   4
Circuit contains 12 nets.
Contents of circuit 2:  Circuit: 'sky130_fd_sc_hd__a21boi_2'
Circuit sky130_fd_sc_hd__a21boi_2 contains 10 device instances.
  Class: sky130_fd_pr__nfet_01v8 instances:   6
  Class: sky130_fd_pr__pfet_01v8_hvt instances:   4
Circuit contains 12 nets.

Circuit 1 contains 10 devices, Circuit 2 contains 10 devices.
Circuit 1 contains 12 nets,    Circuit 2 contains 12 nets.


Contents of circuit 1:  Circuit: 'sky130_fd_sc_hd__inv_8'
Circuit sky130_fd_sc_hd__inv_8 contains 2 device instances.
  Class: sky130_fd_pr__nfet_01v8 instances:   1
  Class: sky130_fd_pr__pfet_01v8_hvt instances:   1
Circuit contains 6 nets.
Contents of circuit 2:  Circuit: 'sky130_fd_sc_hd__inv_8'
Circuit sky130_fd_sc_hd__inv_8 contains 16 device instances.
  Class: sky130_fd_pr__nfet_01v8 instances:   8
  Class: sky130_fd_pr__pfet_01v8_hvt instances:   8
Circuit contains 6 nets.

Circuit was modified by parallel/series device merging.
New circuit summary:

Contents of circuit 1:  Circuit: 'sky130_fd_sc_hd__inv_8'
Circuit sky130_fd_sc_hd__inv_8 contains 2 device instances.
  Class: sky130_fd_pr__nfet_01v8 instances:   1
  Class: sky130_fd_pr__pfet_01v8_hvt instances:   1
Circuit contains 6 nets.
Contents of circuit 2:  Circuit: 'sky130_fd_sc_hd__inv_8'
Circuit sky130_fd_sc_hd__inv_8 contains 2 device instances.
  Class: sky130_fd_pr__nfet_01v8 instances:   1
  Class: sky130_fd_pr__pfet_01v8_hvt instances:   1
Circuit contains 6 nets.

Circuit 1 contains 2 devices, Circuit 2 contains 2 devices.
Circuit 1 contains 6 nets,    Circuit 2 contains 6 nets.


Contents of circuit 1:  Circuit: 'sky130_fd_sc_hd__o311a_4'
Circuit sky130_fd_sc_hd__o311a_4 contains 12 device instances.
  Class: sky130_fd_pr__nfet_01v8 instances:   6
  Class: sky130_fd_pr__pfet_01v8_hvt instances:   6
Circuit contains 15 nets.
Contents of circuit 2:  Circuit: 'sky130_fd_sc_hd__o311a_4'
Circuit sky130_fd_sc_hd__o311a_4 contains 28 device instances.
  Class: sky130_fd_pr__nfet_01v8 instances:  14
  Class: sky130_fd_pr__pfet_01v8_hvt instances:  14
Circuit contains 15 nets.

Circuit was modified by parallel/series device merging.
New circuit summary:

Contents of circuit 1:  Circuit: 'sky130_fd_sc_hd__o311a_4'
Circuit sky130_fd_sc_hd__o311a_4 contains 12 device instances.
  Class: sky130_fd_pr__nfet_01v8 instances:   6
  Class: sky130_fd_pr__pfet_01v8_hvt instances:   6
Circuit contains 15 nets.
Contents of circuit 2:  Circuit: 'sky130_fd_sc_hd__o311a_4'
Circuit sky130_fd_sc_hd__o311a_4 contains 12 device instances.
  Class: sky130_fd_pr__nfet_01v8 instances:   6
  Class: sky130_fd_pr__pfet_01v8_hvt instances:   6
Circuit contains 15 nets.

Circuit 1 contains 12 devices, Circuit 2 contains 12 devices.
Circuit 1 contains 15 nets,    Circuit 2 contains 15 nets.


Contents of circuit 1:  Circuit: 'sky130_fd_sc_hd__dfxtp_4'
Circuit sky130_fd_sc_hd__dfxtp_4 contains 24 device instances.
  Class: sky130_fd_pr__nfet_01v8 instances:   8
  Class: sky130_fd_pr__pfet_01v8_hvt instances:  12
  Class: sky130_fd_pr__special_nfet_01v8 instances:   4
Circuit contains 18 nets.
Contents of circuit 2:  Circuit: 'sky130_fd_sc_hd__dfxtp_4'
Circuit sky130_fd_sc_hd__dfxtp_4 contains 30 device instances.
  Class: sky130_fd_pr__nfet_01v8 instances:  11
  Class: sky130_fd_pr__pfet_01v8_hvt instances:  15
  Class: sky130_fd_pr__special_nfet_01v8 instances:   4
Circuit contains 18 nets.

Circuit was modified by parallel/series device merging.
New circuit summary:

Contents of circuit 1:  Circuit: 'sky130_fd_sc_hd__dfxtp_4'
Circuit sky130_fd_sc_hd__dfxtp_4 contains 24 device instances.
  Class: sky130_fd_pr__nfet_01v8 instances:   8
  Class: sky130_fd_pr__pfet_01v8_hvt instances:  12
  Class: sky130_fd_pr__special_nfet_01v8 instances:   4
Circuit contains 18 nets.
Contents of circuit 2:  Circuit: 'sky130_fd_sc_hd__dfxtp_4'
Circuit sky130_fd_sc_hd__dfxtp_4 contains 24 device instances.
  Class: sky130_fd_pr__nfet_01v8 instances:   8
  Class: sky130_fd_pr__pfet_01v8_hvt instances:  12
  Class: sky130_fd_pr__special_nfet_01v8 instances:   4
Circuit contains 18 nets.

Circuit 1 contains 24 devices, Circuit 2 contains 24 devices.
Circuit 1 contains 18 nets,    Circuit 2 contains 18 nets.


Contents of circuit 1:  Circuit: 'sky130_fd_sc_hd__o41ai_1'
Circuit sky130_fd_sc_hd__o41ai_1 contains 10 device instances.
  Class: sky130_fd_pr__nfet_01v8 instances:   5
  Class: sky130_fd_pr__pfet_01v8_hvt instances:   5
Circuit contains 14 nets.
Contents of circuit 2:  Circuit: 'sky130_fd_sc_hd__o41ai_1'
Circuit sky130_fd_sc_hd__o41ai_1 contains 10 device instances.
  Class: sky130_fd_pr__nfet_01v8 instances:   5
  Class: sky130_fd_pr__pfet_01v8_hvt instances:   5
Circuit contains 14 nets.

Circuit 1 contains 10 devices, Circuit 2 contains 10 devices.
Circuit 1 contains 14 nets,    Circuit 2 contains 14 nets.


Contents of circuit 1:  Circuit: 'sky130_fd_sc_hd__o21ai_4'
Circuit sky130_fd_sc_hd__o21ai_4 contains 6 device instances.
  Class: sky130_fd_pr__nfet_01v8 instances:   3
  Class: sky130_fd_pr__pfet_01v8_hvt instances:   3
Circuit contains 10 nets.
Contents of circuit 2:  Circuit: 'sky130_fd_sc_hd__o21ai_4'
Circuit sky130_fd_sc_hd__o21ai_4 contains 24 device instances.
  Class: sky130_fd_pr__nfet_01v8 instances:  12
  Class: sky130_fd_pr__pfet_01v8_hvt instances:  12
Circuit contains 10 nets.

Circuit was modified by parallel/series device merging.
New circuit summary:

Contents of circuit 1:  Circuit: 'sky130_fd_sc_hd__o21ai_4'
Circuit sky130_fd_sc_hd__o21ai_4 contains 6 device instances.
  Class: sky130_fd_pr__nfet_01v8 instances:   3
  Class: sky130_fd_pr__pfet_01v8_hvt instances:   3
Circuit contains 10 nets.
Contents of circuit 2:  Circuit: 'sky130_fd_sc_hd__o21ai_4'
Circuit sky130_fd_sc_hd__o21ai_4 contains 6 device instances.
  Class: sky130_fd_pr__nfet_01v8 instances:   3
  Class: sky130_fd_pr__pfet_01v8_hvt instances:   3
Circuit contains 10 nets.

Circuit 1 contains 6 devices, Circuit 2 contains 6 devices.
Circuit 1 contains 10 nets,    Circuit 2 contains 10 nets.


Contents of circuit 1:  Circuit: 'sky130_fd_sc_hd__or3b_4'
Circuit sky130_fd_sc_hd__or3b_4 contains 10 device instances.
  Class: sky130_fd_pr__nfet_01v8 instances:   5
  Class: sky130_fd_pr__pfet_01v8_hvt instances:   5
Circuit contains 12 nets.
Contents of circuit 2:  Circuit: 'sky130_fd_sc_hd__or3b_4'
Circuit sky130_fd_sc_hd__or3b_4 contains 16 device instances.
  Class: sky130_fd_pr__nfet_01v8 instances:   8
  Class: sky130_fd_pr__pfet_01v8_hvt instances:   8
Circuit contains 12 nets.

Circuit was modified by parallel/series device merging.
New circuit summary:

Contents of circuit 1:  Circuit: 'sky130_fd_sc_hd__or3b_4'
Circuit sky130_fd_sc_hd__or3b_4 contains 10 device instances.
  Class: sky130_fd_pr__nfet_01v8 instances:   5
  Class: sky130_fd_pr__pfet_01v8_hvt instances:   5
Circuit contains 12 nets.
Contents of circuit 2:  Circuit: 'sky130_fd_sc_hd__or3b_4'
Circuit sky130_fd_sc_hd__or3b_4 contains 10 device instances.
  Class: sky130_fd_pr__nfet_01v8 instances:   5
  Class: sky130_fd_pr__pfet_01v8_hvt instances:   5
Circuit contains 12 nets.

Circuit 1 contains 10 devices, Circuit 2 contains 10 devices.
Circuit 1 contains 12 nets,    Circuit 2 contains 12 nets.


Contents of circuit 1:  Circuit: 'sky130_fd_sc_hd__a22o_4'
Circuit sky130_fd_sc_hd__a22o_4 contains 10 device instances.
  Class: sky130_fd_pr__nfet_01v8 instances:   5
  Class: sky130_fd_pr__pfet_01v8_hvt instances:   5
Circuit contains 13 nets.
Contents of circuit 2:  Circuit: 'sky130_fd_sc_hd__a22o_4'
Circuit sky130_fd_sc_hd__a22o_4 contains 24 device instances.
  Class: sky130_fd_pr__nfet_01v8 instances:  12
  Class: sky130_fd_pr__pfet_01v8_hvt instances:  12
Circuit contains 13 nets.

Circuit was modified by parallel/series device merging.
New circuit summary:

Contents of circuit 1:  Circuit: 'sky130_fd_sc_hd__a22o_4'
Circuit sky130_fd_sc_hd__a22o_4 contains 10 device instances.
  Class: sky130_fd_pr__nfet_01v8 instances:   5
  Class: sky130_fd_pr__pfet_01v8_hvt instances:   5
Circuit contains 13 nets.
Contents of circuit 2:  Circuit: 'sky130_fd_sc_hd__a22o_4'
Circuit sky130_fd_sc_hd__a22o_4 contains 10 device instances.
  Class: sky130_fd_pr__nfet_01v8 instances:   5
  Class: sky130_fd_pr__pfet_01v8_hvt instances:   5
Circuit contains 13 nets.

Circuit 1 contains 10 devices, Circuit 2 contains 10 devices.
Circuit 1 contains 13 nets,    Circuit 2 contains 13 nets.


Contents of circuit 1:  Circuit: 'sky130_fd_sc_hd__a2111oi_1'
Circuit sky130_fd_sc_hd__a2111oi_1 contains 10 device instances.
  Class: sky130_fd_pr__nfet_01v8 instances:   5
  Class: sky130_fd_pr__pfet_01v8_hvt instances:   5
Circuit contains 14 nets.
Contents of circuit 2:  Circuit: 'sky130_fd_sc_hd__a2111oi_1'
Circuit sky130_fd_sc_hd__a2111oi_1 contains 10 device instances.
  Class: sky130_fd_pr__nfet_01v8 instances:   5
  Class: sky130_fd_pr__pfet_01v8_hvt instances:   5
Circuit contains 14 nets.

Circuit 1 contains 10 devices, Circuit 2 contains 10 devices.
Circuit 1 contains 14 nets,    Circuit 2 contains 14 nets.


Contents of circuit 1:  Circuit: 'sky130_fd_sc_hd__and2_2'
Circuit sky130_fd_sc_hd__and2_2 contains 6 device instances.
  Class: sky130_fd_pr__nfet_01v8 instances:   3
  Class: sky130_fd_pr__pfet_01v8_hvt instances:   3
Circuit contains 9 nets.
Contents of circuit 2:  Circuit: 'sky130_fd_sc_hd__and2_2'
Circuit sky130_fd_sc_hd__and2_2 contains 8 device instances.
  Class: sky130_fd_pr__nfet_01v8 instances:   4
  Class: sky130_fd_pr__pfet_01v8_hvt instances:   4
Circuit contains 9 nets.

Circuit was modified by parallel/series device merging.
New circuit summary:

Contents of circuit 1:  Circuit: 'sky130_fd_sc_hd__and2_2'
Circuit sky130_fd_sc_hd__and2_2 contains 6 device instances.
  Class: sky130_fd_pr__nfet_01v8 instances:   3
  Class: sky130_fd_pr__pfet_01v8_hvt instances:   3
Circuit contains 9 nets.
Contents of circuit 2:  Circuit: 'sky130_fd_sc_hd__and2_2'
Circuit sky130_fd_sc_hd__and2_2 contains 6 device instances.
  Class: sky130_fd_pr__nfet_01v8 instances:   3
  Class: sky130_fd_pr__pfet_01v8_hvt instances:   3
Circuit contains 9 nets.

Circuit 1 contains 6 devices, Circuit 2 contains 6 devices.
Circuit 1 contains 9 nets,    Circuit 2 contains 9 nets.


Contents of circuit 1:  Circuit: 'sky130_fd_sc_hd__o311a_2'
Circuit sky130_fd_sc_hd__o311a_2 contains 12 device instances.
  Class: sky130_fd_pr__nfet_01v8 instances:   6
  Class: sky130_fd_pr__pfet_01v8_hvt instances:   6
Circuit contains 15 nets.
Contents of circuit 2:  Circuit: 'sky130_fd_sc_hd__o311a_2'
Circuit sky130_fd_sc_hd__o311a_2 contains 14 device instances.
  Class: sky130_fd_pr__nfet_01v8 instances:   7
  Class: sky130_fd_pr__pfet_01v8_hvt instances:   7
Circuit contains 15 nets.

Circuit was modified by parallel/series device merging.
New circuit summary:

Contents of circuit 1:  Circuit: 'sky130_fd_sc_hd__o311a_2'
Circuit sky130_fd_sc_hd__o311a_2 contains 12 device instances.
  Class: sky130_fd_pr__nfet_01v8 instances:   6
  Class: sky130_fd_pr__pfet_01v8_hvt instances:   6
Circuit contains 15 nets.
Contents of circuit 2:  Circuit: 'sky130_fd_sc_hd__o311a_2'
Circuit sky130_fd_sc_hd__o311a_2 contains 12 device instances.
  Class: sky130_fd_pr__nfet_01v8 instances:   6
  Class: sky130_fd_pr__pfet_01v8_hvt instances:   6
Circuit contains 15 nets.

Circuit 1 contains 12 devices, Circuit 2 contains 12 devices.
Circuit 1 contains 15 nets,    Circuit 2 contains 15 nets.


Contents of circuit 1:  Circuit: 'sky130_fd_sc_hd__clkinv_8'
Circuit sky130_fd_sc_hd__clkinv_8 contains 2 device instances.
  Class: sky130_fd_pr__nfet_01v8 instances:   1
  Class: sky130_fd_pr__pfet_01v8_hvt instances:   1
Circuit contains 6 nets.
Contents of circuit 2:  Circuit: 'sky130_fd_sc_hd__clkinv_8'
Circuit sky130_fd_sc_hd__clkinv_8 contains 20 device instances.
  Class: sky130_fd_pr__nfet_01v8 instances:   8
  Class: sky130_fd_pr__pfet_01v8_hvt instances:  12
Circuit contains 6 nets.

Circuit was modified by parallel/series device merging.
New circuit summary:

Contents of circuit 1:  Circuit: 'sky130_fd_sc_hd__clkinv_8'
Circuit sky130_fd_sc_hd__clkinv_8 contains 2 device instances.
  Class: sky130_fd_pr__nfet_01v8 instances:   1
  Class: sky130_fd_pr__pfet_01v8_hvt instances:   1
Circuit contains 6 nets.
Contents of circuit 2:  Circuit: 'sky130_fd_sc_hd__clkinv_8'
Circuit sky130_fd_sc_hd__clkinv_8 contains 2 device instances.
  Class: sky130_fd_pr__nfet_01v8 instances:   1
  Class: sky130_fd_pr__pfet_01v8_hvt instances:   1
Circuit contains 6 nets.

Circuit 1 contains 2 devices, Circuit 2 contains 2 devices.
Circuit 1 contains 6 nets,    Circuit 2 contains 6 nets.


Contents of circuit 1:  Circuit: 'sky130_fd_sc_hd__or4_2'
Circuit sky130_fd_sc_hd__or4_2 contains 10 device instances.
  Class: sky130_fd_pr__nfet_01v8 instances:   5
  Class: sky130_fd_pr__pfet_01v8_hvt instances:   5
Circuit contains 13 nets.
Contents of circuit 2:  Circuit: 'sky130_fd_sc_hd__or4_2'
Circuit sky130_fd_sc_hd__or4_2 contains 12 device instances.
  Class: sky130_fd_pr__nfet_01v8 instances:   6
  Class: sky130_fd_pr__pfet_01v8_hvt instances:   6
Circuit contains 13 nets.

Circuit was modified by parallel/series device merging.
New circuit summary:

Contents of circuit 1:  Circuit: 'sky130_fd_sc_hd__or4_2'
Circuit sky130_fd_sc_hd__or4_2 contains 10 device instances.
  Class: sky130_fd_pr__nfet_01v8 instances:   5
  Class: sky130_fd_pr__pfet_01v8_hvt instances:   5
Circuit contains 13 nets.
Contents of circuit 2:  Circuit: 'sky130_fd_sc_hd__or4_2'
Circuit sky130_fd_sc_hd__or4_2 contains 10 device instances.
  Class: sky130_fd_pr__nfet_01v8 instances:   5
  Class: sky130_fd_pr__pfet_01v8_hvt instances:   5
Circuit contains 13 nets.

Circuit 1 contains 10 devices, Circuit 2 contains 10 devices.
Circuit 1 contains 13 nets,    Circuit 2 contains 13 nets.


Contents of circuit 1:  Circuit: 'sky130_fd_sc_hd__o221ai_1'
Circuit sky130_fd_sc_hd__o221ai_1 contains 10 device instances.
  Class: sky130_fd_pr__nfet_01v8 instances:   5
  Class: sky130_fd_pr__pfet_01v8_hvt instances:   5
Circuit contains 14 nets.
Contents of circuit 2:  Circuit: 'sky130_fd_sc_hd__o221ai_1'
Circuit sky130_fd_sc_hd__o221ai_1 contains 10 device instances.
  Class: sky130_fd_pr__nfet_01v8 instances:   5
  Class: sky130_fd_pr__pfet_01v8_hvt instances:   5
Circuit contains 14 nets.

Circuit 1 contains 10 devices, Circuit 2 contains 10 devices.
Circuit 1 contains 14 nets,    Circuit 2 contains 14 nets.


Contents of circuit 1:  Circuit: 'sky130_fd_sc_hd__o2111ai_4'
Circuit sky130_fd_sc_hd__o2111ai_4 contains 10 device instances.
  Class: sky130_fd_pr__nfet_01v8 instances:   5
  Class: sky130_fd_pr__pfet_01v8_hvt instances:   5
Circuit contains 14 nets.
Contents of circuit 2:  Circuit: 'sky130_fd_sc_hd__o2111ai_4'
Circuit sky130_fd_sc_hd__o2111ai_4 contains 40 device instances.
  Class: sky130_fd_pr__nfet_01v8 instances:  20
  Class: sky130_fd_pr__pfet_01v8_hvt instances:  20
Circuit contains 14 nets.

Circuit was modified by parallel/series device merging.
New circuit summary:

Contents of circuit 1:  Circuit: 'sky130_fd_sc_hd__o2111ai_4'
Circuit sky130_fd_sc_hd__o2111ai_4 contains 10 device instances.
  Class: sky130_fd_pr__nfet_01v8 instances:   5
  Class: sky130_fd_pr__pfet_01v8_hvt instances:   5
Circuit contains 14 nets.
Contents of circuit 2:  Circuit: 'sky130_fd_sc_hd__o2111ai_4'
Circuit sky130_fd_sc_hd__o2111ai_4 contains 10 device instances.
  Class: sky130_fd_pr__nfet_01v8 instances:   5
  Class: sky130_fd_pr__pfet_01v8_hvt instances:   5
Circuit contains 14 nets.

Circuit 1 contains 10 devices, Circuit 2 contains 10 devices.
Circuit 1 contains 14 nets,    Circuit 2 contains 14 nets.


Contents of circuit 1:  Circuit: 'sky130_fd_sc_hd__and3_4'
Circuit sky130_fd_sc_hd__and3_4 contains 8 device instances.
  Class: sky130_fd_pr__nfet_01v8 instances:   4
  Class: sky130_fd_pr__pfet_01v8_hvt instances:   4
Circuit contains 11 nets.
Contents of circuit 2:  Circuit: 'sky130_fd_sc_hd__and3_4'
Circuit sky130_fd_sc_hd__and3_4 contains 14 device instances.
  Class: sky130_fd_pr__nfet_01v8 instances:   7
  Class: sky130_fd_pr__pfet_01v8_hvt instances:   7
Circuit contains 11 nets.

Circuit was modified by parallel/series device merging.
New circuit summary:

Contents of circuit 1:  Circuit: 'sky130_fd_sc_hd__and3_4'
Circuit sky130_fd_sc_hd__and3_4 contains 8 device instances.
  Class: sky130_fd_pr__nfet_01v8 instances:   4
  Class: sky130_fd_pr__pfet_01v8_hvt instances:   4
Circuit contains 11 nets.
Contents of circuit 2:  Circuit: 'sky130_fd_sc_hd__and3_4'
Circuit sky130_fd_sc_hd__and3_4 contains 8 device instances.
  Class: sky130_fd_pr__nfet_01v8 instances:   4
  Class: sky130_fd_pr__pfet_01v8_hvt instances:   4
Circuit contains 11 nets.

Circuit 1 contains 8 devices, Circuit 2 contains 8 devices.
Circuit 1 contains 11 nets,    Circuit 2 contains 11 nets.


Contents of circuit 1:  Circuit: 'sky130_fd_sc_hd__and2b_4'
Circuit sky130_fd_sc_hd__and2b_4 contains 8 device instances.
  Class: sky130_fd_pr__nfet_01v8 instances:   4
  Class: sky130_fd_pr__pfet_01v8_hvt instances:   4
Circuit contains 10 nets.
Contents of circuit 2:  Circuit: 'sky130_fd_sc_hd__and2b_4'
Circuit sky130_fd_sc_hd__and2b_4 contains 14 device instances.
  Class: sky130_fd_pr__nfet_01v8 instances:   7
  Class: sky130_fd_pr__pfet_01v8_hvt instances:   7
Circuit contains 10 nets.

Circuit was modified by parallel/series device merging.
New circuit summary:

Contents of circuit 1:  Circuit: 'sky130_fd_sc_hd__and2b_4'
Circuit sky130_fd_sc_hd__and2b_4 contains 8 device instances.
  Class: sky130_fd_pr__nfet_01v8 instances:   4
  Class: sky130_fd_pr__pfet_01v8_hvt instances:   4
Circuit contains 10 nets.
Contents of circuit 2:  Circuit: 'sky130_fd_sc_hd__and2b_4'
Circuit sky130_fd_sc_hd__and2b_4 contains 8 device instances.
  Class: sky130_fd_pr__nfet_01v8 instances:   4
  Class: sky130_fd_pr__pfet_01v8_hvt instances:   4
Circuit contains 10 nets.

Circuit 1 contains 8 devices, Circuit 2 contains 8 devices.
Circuit 1 contains 10 nets,    Circuit 2 contains 10 nets.


Contents of circuit 1:  Circuit: 'sky130_fd_sc_hd__mux2_8'
Circuit sky130_fd_sc_hd__mux2_8 contains 12 device instances.
  Class: sky130_fd_pr__nfet_01v8 instances:   6
  Class: sky130_fd_pr__pfet_01v8_hvt instances:   6
Circuit contains 14 nets.
Contents of circuit 2:  Circuit: 'sky130_fd_sc_hd__mux2_8'
Circuit sky130_fd_sc_hd__mux2_8 contains 34 device instances.
  Class: sky130_fd_pr__nfet_01v8 instances:  17
  Class: sky130_fd_pr__pfet_01v8_hvt instances:  17
Circuit contains 14 nets.

Circuit was modified by parallel/series device merging.
New circuit summary:

Contents of circuit 1:  Circuit: 'sky130_fd_sc_hd__mux2_8'
Circuit sky130_fd_sc_hd__mux2_8 contains 12 device instances.
  Class: sky130_fd_pr__nfet_01v8 instances:   6
  Class: sky130_fd_pr__pfet_01v8_hvt instances:   6
Circuit contains 14 nets.
Contents of circuit 2:  Circuit: 'sky130_fd_sc_hd__mux2_8'
Circuit sky130_fd_sc_hd__mux2_8 contains 12 device instances.
  Class: sky130_fd_pr__nfet_01v8 instances:   6
  Class: sky130_fd_pr__pfet_01v8_hvt instances:   6
Circuit contains 14 nets.

Circuit 1 contains 12 devices, Circuit 2 contains 12 devices.
Circuit 1 contains 14 nets,    Circuit 2 contains 14 nets.


Contents of circuit 1:  Circuit: 'sky130_fd_sc_hd__a2111oi_2'
Circuit sky130_fd_sc_hd__a2111oi_2 contains 14 device instances.
  Class: sky130_fd_pr__nfet_01v8 instances:   7
  Class: sky130_fd_pr__pfet_01v8_hvt instances:   7
Circuit contains 16 nets.
Contents of circuit 2:  Circuit: 'sky130_fd_sc_hd__a2111oi_2'
Circuit sky130_fd_sc_hd__a2111oi_2 contains 20 device instances.
  Class: sky130_fd_pr__nfet_01v8 instances:  10
  Class: sky130_fd_pr__pfet_01v8_hvt instances:  10
Circuit contains 16 nets.

Circuit was modified by parallel/series device merging.
New circuit summary:

Contents of circuit 1:  Circuit: 'sky130_fd_sc_hd__a2111oi_2'
Circuit sky130_fd_sc_hd__a2111oi_2 contains 14 device instances.
  Class: sky130_fd_pr__nfet_01v8 instances:   7
  Class: sky130_fd_pr__pfet_01v8_hvt instances:   7
Circuit contains 16 nets.
Contents of circuit 2:  Circuit: 'sky130_fd_sc_hd__a2111oi_2'
Circuit sky130_fd_sc_hd__a2111oi_2 contains 14 device instances.
  Class: sky130_fd_pr__nfet_01v8 instances:   7
  Class: sky130_fd_pr__pfet_01v8_hvt instances:   7
Circuit contains 16 nets.

Circuit 1 contains 14 devices, Circuit 2 contains 14 devices.
Circuit 1 contains 16 nets,    Circuit 2 contains 16 nets.


Contents of circuit 1:  Circuit: 'sky130_fd_sc_hd__clkinv_4'
Circuit sky130_fd_sc_hd__clkinv_4 contains 2 device instances.
  Class: sky130_fd_pr__nfet_01v8 instances:   1
  Class: sky130_fd_pr__pfet_01v8_hvt instances:   1
Circuit contains 6 nets.
Contents of circuit 2:  Circuit: 'sky130_fd_sc_hd__clkinv_4'
Circuit sky130_fd_sc_hd__clkinv_4 contains 10 device instances.
  Class: sky130_fd_pr__nfet_01v8 instances:   4
  Class: sky130_fd_pr__pfet_01v8_hvt instances:   6
Circuit contains 6 nets.

Circuit was modified by parallel/series device merging.
New circuit summary:

Contents of circuit 1:  Circuit: 'sky130_fd_sc_hd__clkinv_4'
Circuit sky130_fd_sc_hd__clkinv_4 contains 2 device instances.
  Class: sky130_fd_pr__nfet_01v8 instances:   1
  Class: sky130_fd_pr__pfet_01v8_hvt instances:   1
Circuit contains 6 nets.
Contents of circuit 2:  Circuit: 'sky130_fd_sc_hd__clkinv_4'
Circuit sky130_fd_sc_hd__clkinv_4 contains 2 device instances.
  Class: sky130_fd_pr__nfet_01v8 instances:   1
  Class: sky130_fd_pr__pfet_01v8_hvt instances:   1
Circuit contains 6 nets.

Circuit 1 contains 2 devices, Circuit 2 contains 2 devices.
Circuit 1 contains 6 nets,    Circuit 2 contains 6 nets.


Contents of circuit 1:  Circuit: 'sky130_fd_sc_hd__nand3_4'
Circuit sky130_fd_sc_hd__nand3_4 contains 6 device instances.
  Class: sky130_fd_pr__nfet_01v8 instances:   3
  Class: sky130_fd_pr__pfet_01v8_hvt instances:   3
Circuit contains 10 nets.
Contents of circuit 2:  Circuit: 'sky130_fd_sc_hd__nand3_4'
Circuit sky130_fd_sc_hd__nand3_4 contains 24 device instances.
  Class: sky130_fd_pr__nfet_01v8 instances:  12
  Class: sky130_fd_pr__pfet_01v8_hvt instances:  12
Circuit contains 10 nets.

Circuit was modified by parallel/series device merging.
New circuit summary:

Contents of circuit 1:  Circuit: 'sky130_fd_sc_hd__nand3_4'
Circuit sky130_fd_sc_hd__nand3_4 contains 6 device instances.
  Class: sky130_fd_pr__nfet_01v8 instances:   3
  Class: sky130_fd_pr__pfet_01v8_hvt instances:   3
Circuit contains 10 nets.
Contents of circuit 2:  Circuit: 'sky130_fd_sc_hd__nand3_4'
Circuit sky130_fd_sc_hd__nand3_4 contains 6 device instances.
  Class: sky130_fd_pr__nfet_01v8 instances:   3
  Class: sky130_fd_pr__pfet_01v8_hvt instances:   3
Circuit contains 10 nets.

Circuit 1 contains 6 devices, Circuit 2 contains 6 devices.
Circuit 1 contains 10 nets,    Circuit 2 contains 10 nets.


Contents of circuit 1:  Circuit: 'sky130_fd_sc_hd__o41ai_2'
Circuit sky130_fd_sc_hd__o41ai_2 contains 10 device instances.
  Class: sky130_fd_pr__nfet_01v8 instances:   5
  Class: sky130_fd_pr__pfet_01v8_hvt instances:   5
Circuit contains 14 nets.
Contents of circuit 2:  Circuit: 'sky130_fd_sc_hd__o41ai_2'
Circuit sky130_fd_sc_hd__o41ai_2 contains 20 device instances.
  Class: sky130_fd_pr__nfet_01v8 instances:  10
  Class: sky130_fd_pr__pfet_01v8_hvt instances:  10
Circuit contains 14 nets.

Circuit was modified by parallel/series device merging.
New circuit summary:

Contents of circuit 1:  Circuit: 'sky130_fd_sc_hd__o41ai_2'
Circuit sky130_fd_sc_hd__o41ai_2 contains 10 device instances.
  Class: sky130_fd_pr__nfet_01v8 instances:   5
  Class: sky130_fd_pr__pfet_01v8_hvt instances:   5
Circuit contains 14 nets.
Contents of circuit 2:  Circuit: 'sky130_fd_sc_hd__o41ai_2'
Circuit sky130_fd_sc_hd__o41ai_2 contains 10 device instances.
  Class: sky130_fd_pr__nfet_01v8 instances:   5
  Class: sky130_fd_pr__pfet_01v8_hvt instances:   5
Circuit contains 14 nets.

Circuit 1 contains 10 devices, Circuit 2 contains 10 devices.
Circuit 1 contains 14 nets,    Circuit 2 contains 14 nets.


Contents of circuit 1:  Circuit: 'sky130_fd_sc_hd__a311oi_1'
Circuit sky130_fd_sc_hd__a311oi_1 contains 10 device instances.
  Class: sky130_fd_pr__nfet_01v8 instances:   5
  Class: sky130_fd_pr__pfet_01v8_hvt instances:   5
Circuit contains 14 nets.
Contents of circuit 2:  Circuit: 'sky130_fd_sc_hd__a311oi_1'
Circuit sky130_fd_sc_hd__a311oi_1 contains 10 device instances.
  Class: sky130_fd_pr__nfet_01v8 instances:   5
  Class: sky130_fd_pr__pfet_01v8_hvt instances:   5
Circuit contains 14 nets.

Circuit 1 contains 10 devices, Circuit 2 contains 10 devices.
Circuit 1 contains 14 nets,    Circuit 2 contains 14 nets.


Contents of circuit 1:  Circuit: 'sky130_fd_sc_hd__nand3_2'
Circuit sky130_fd_sc_hd__nand3_2 contains 6 device instances.
  Class: sky130_fd_pr__nfet_01v8 instances:   3
  Class: sky130_fd_pr__pfet_01v8_hvt instances:   3
Circuit contains 10 nets.
Contents of circuit 2:  Circuit: 'sky130_fd_sc_hd__nand3_2'
Circuit sky130_fd_sc_hd__nand3_2 contains 12 device instances.
  Class: sky130_fd_pr__nfet_01v8 instances:   6
  Class: sky130_fd_pr__pfet_01v8_hvt instances:   6
Circuit contains 10 nets.

Circuit was modified by parallel/series device merging.
New circuit summary:

Contents of circuit 1:  Circuit: 'sky130_fd_sc_hd__nand3_2'
Circuit sky130_fd_sc_hd__nand3_2 contains 6 device instances.
  Class: sky130_fd_pr__nfet_01v8 instances:   3
  Class: sky130_fd_pr__pfet_01v8_hvt instances:   3
Circuit contains 10 nets.
Contents of circuit 2:  Circuit: 'sky130_fd_sc_hd__nand3_2'
Circuit sky130_fd_sc_hd__nand3_2 contains 6 device instances.
  Class: sky130_fd_pr__nfet_01v8 instances:   3
  Class: sky130_fd_pr__pfet_01v8_hvt instances:   3
Circuit contains 10 nets.

Circuit 1 contains 6 devices, Circuit 2 contains 6 devices.
Circuit 1 contains 10 nets,    Circuit 2 contains 10 nets.


Contents of circuit 1:  Circuit: 'sky130_fd_sc_hd__mux2_2'
Circuit sky130_fd_sc_hd__mux2_2 contains 12 device instances.
  Class: sky130_fd_pr__nfet_01v8 instances:   6
  Class: sky130_fd_pr__pfet_01v8_hvt instances:   6
Circuit contains 14 nets.
Contents of circuit 2:  Circuit: 'sky130_fd_sc_hd__mux2_2'
Circuit sky130_fd_sc_hd__mux2_2 contains 14 device instances.
  Class: sky130_fd_pr__nfet_01v8 instances:   7
  Class: sky130_fd_pr__pfet_01v8_hvt instances:   7
Circuit contains 14 nets.

Circuit was modified by parallel/series device merging.
New circuit summary:

Contents of circuit 1:  Circuit: 'sky130_fd_sc_hd__mux2_2'
Circuit sky130_fd_sc_hd__mux2_2 contains 12 device instances.
  Class: sky130_fd_pr__nfet_01v8 instances:   6
  Class: sky130_fd_pr__pfet_01v8_hvt instances:   6
Circuit contains 14 nets.
Contents of circuit 2:  Circuit: 'sky130_fd_sc_hd__mux2_2'
Circuit sky130_fd_sc_hd__mux2_2 contains 12 device instances.
  Class: sky130_fd_pr__nfet_01v8 instances:   6
  Class: sky130_fd_pr__pfet_01v8_hvt instances:   6
Circuit contains 14 nets.

Circuit 1 contains 12 devices, Circuit 2 contains 12 devices.
Circuit 1 contains 14 nets,    Circuit 2 contains 14 nets.


Contents of circuit 1:  Circuit: 'sky130_fd_sc_hd__o211a_2'
Circuit sky130_fd_sc_hd__o211a_2 contains 10 device instances.
  Class: sky130_fd_pr__nfet_01v8 instances:   5
  Class: sky130_fd_pr__pfet_01v8_hvt instances:   5
Circuit contains 13 nets.
Contents of circuit 2:  Circuit: 'sky130_fd_sc_hd__o211a_2'
Circuit sky130_fd_sc_hd__o211a_2 contains 12 device instances.
  Class: sky130_fd_pr__nfet_01v8 instances:   6
  Class: sky130_fd_pr__pfet_01v8_hvt instances:   6
Circuit contains 13 nets.

Circuit was modified by parallel/series device merging.
New circuit summary:

Contents of circuit 1:  Circuit: 'sky130_fd_sc_hd__o211a_2'
Circuit sky130_fd_sc_hd__o211a_2 contains 10 device instances.
  Class: sky130_fd_pr__nfet_01v8 instances:   5
  Class: sky130_fd_pr__pfet_01v8_hvt instances:   5
Circuit contains 13 nets.
Contents of circuit 2:  Circuit: 'sky130_fd_sc_hd__o211a_2'
Circuit sky130_fd_sc_hd__o211a_2 contains 10 device instances.
  Class: sky130_fd_pr__nfet_01v8 instances:   5
  Class: sky130_fd_pr__pfet_01v8_hvt instances:   5
Circuit contains 13 nets.

Circuit 1 contains 10 devices, Circuit 2 contains 10 devices.
Circuit 1 contains 13 nets,    Circuit 2 contains 13 nets.


Contents of circuit 1:  Circuit: 'sky130_fd_sc_hd__o22a_2'
Circuit sky130_fd_sc_hd__o22a_2 contains 10 device instances.
  Class: sky130_fd_pr__nfet_01v8 instances:   5
  Class: sky130_fd_pr__pfet_01v8_hvt instances:   5
Circuit contains 13 nets.
Contents of circuit 2:  Circuit: 'sky130_fd_sc_hd__o22a_2'
Circuit sky130_fd_sc_hd__o22a_2 contains 12 device instances.
  Class: sky130_fd_pr__nfet_01v8 instances:   6
  Class: sky130_fd_pr__pfet_01v8_hvt instances:   6
Circuit contains 13 nets.

Circuit was modified by parallel/series device merging.
New circuit summary:

Contents of circuit 1:  Circuit: 'sky130_fd_sc_hd__o22a_2'
Circuit sky130_fd_sc_hd__o22a_2 contains 10 device instances.
  Class: sky130_fd_pr__nfet_01v8 instances:   5
  Class: sky130_fd_pr__pfet_01v8_hvt instances:   5
Circuit contains 13 nets.
Contents of circuit 2:  Circuit: 'sky130_fd_sc_hd__o22a_2'
Circuit sky130_fd_sc_hd__o22a_2 contains 10 device instances.
  Class: sky130_fd_pr__nfet_01v8 instances:   5
  Class: sky130_fd_pr__pfet_01v8_hvt instances:   5
Circuit contains 13 nets.

Circuit 1 contains 10 devices, Circuit 2 contains 10 devices.
Circuit 1 contains 13 nets,    Circuit 2 contains 13 nets.


Contents of circuit 1:  Circuit: 'sky130_fd_sc_hd__inv_12'
Circuit sky130_fd_sc_hd__inv_12 contains 2 device instances.
  Class: sky130_fd_pr__nfet_01v8 instances:   1
  Class: sky130_fd_pr__pfet_01v8_hvt instances:   1
Circuit contains 6 nets.
Contents of circuit 2:  Circuit: 'sky130_fd_sc_hd__inv_12'
Circuit sky130_fd_sc_hd__inv_12 contains 24 device instances.
  Class: sky130_fd_pr__nfet_01v8 instances:  12
  Class: sky130_fd_pr__pfet_01v8_hvt instances:  12
Circuit contains 6 nets.

Circuit was modified by parallel/series device merging.
New circuit summary:

Contents of circuit 1:  Circuit: 'sky130_fd_sc_hd__inv_12'
Circuit sky130_fd_sc_hd__inv_12 contains 2 device instances.
  Class: sky130_fd_pr__nfet_01v8 instances:   1
  Class: sky130_fd_pr__pfet_01v8_hvt instances:   1
Circuit contains 6 nets.
Contents of circuit 2:  Circuit: 'sky130_fd_sc_hd__inv_12'
Circuit sky130_fd_sc_hd__inv_12 contains 2 device instances.
  Class: sky130_fd_pr__nfet_01v8 instances:   1
  Class: sky130_fd_pr__pfet_01v8_hvt instances:   1
Circuit contains 6 nets.

Circuit 1 contains 2 devices, Circuit 2 contains 2 devices.
Circuit 1 contains 6 nets,    Circuit 2 contains 6 nets.


Contents of circuit 1:  Circuit: 'sky130_fd_sc_hd__nand3b_2'
Circuit sky130_fd_sc_hd__nand3b_2 contains 8 device instances.
  Class: sky130_fd_pr__nfet_01v8 instances:   4
  Class: sky130_fd_pr__pfet_01v8_hvt instances:   4
Circuit contains 11 nets.
Contents of circuit 2:  Circuit: 'sky130_fd_sc_hd__nand3b_2'
Circuit sky130_fd_sc_hd__nand3b_2 contains 14 device instances.
  Class: sky130_fd_pr__nfet_01v8 instances:   7
  Class: sky130_fd_pr__pfet_01v8_hvt instances:   7
Circuit contains 11 nets.

Circuit was modified by parallel/series device merging.
New circuit summary:

Contents of circuit 1:  Circuit: 'sky130_fd_sc_hd__nand3b_2'
Circuit sky130_fd_sc_hd__nand3b_2 contains 8 device instances.
  Class: sky130_fd_pr__nfet_01v8 instances:   4
  Class: sky130_fd_pr__pfet_01v8_hvt instances:   4
Circuit contains 11 nets.
Contents of circuit 2:  Circuit: 'sky130_fd_sc_hd__nand3b_2'
Circuit sky130_fd_sc_hd__nand3b_2 contains 8 device instances.
  Class: sky130_fd_pr__nfet_01v8 instances:   4
  Class: sky130_fd_pr__pfet_01v8_hvt instances:   4
Circuit contains 11 nets.

Circuit 1 contains 8 devices, Circuit 2 contains 8 devices.
Circuit 1 contains 11 nets,    Circuit 2 contains 11 nets.


Contents of circuit 1:  Circuit: 'sky130_fd_sc_hd__mux2_4'
Circuit sky130_fd_sc_hd__mux2_4 contains 12 device instances.
  Class: sky130_fd_pr__nfet_01v8 instances:   6
  Class: sky130_fd_pr__pfet_01v8_hvt instances:   6
Circuit contains 14 nets.
Contents of circuit 2:  Circuit: 'sky130_fd_sc_hd__mux2_4'
Circuit sky130_fd_sc_hd__mux2_4 contains 18 device instances.
  Class: sky130_fd_pr__nfet_01v8 instances:   9
  Class: sky130_fd_pr__pfet_01v8_hvt instances:   9
Circuit contains 14 nets.

Circuit was modified by parallel/series device merging.
New circuit summary:

Contents of circuit 1:  Circuit: 'sky130_fd_sc_hd__mux2_4'
Circuit sky130_fd_sc_hd__mux2_4 contains 12 device instances.
  Class: sky130_fd_pr__nfet_01v8 instances:   6
  Class: sky130_fd_pr__pfet_01v8_hvt instances:   6
Circuit contains 14 nets.
Contents of circuit 2:  Circuit: 'sky130_fd_sc_hd__mux2_4'
Circuit sky130_fd_sc_hd__mux2_4 contains 12 device instances.
  Class: sky130_fd_pr__nfet_01v8 instances:   6
  Class: sky130_fd_pr__pfet_01v8_hvt instances:   6
Circuit contains 14 nets.

Circuit 1 contains 12 devices, Circuit 2 contains 12 devices.
Circuit 1 contains 14 nets,    Circuit 2 contains 14 nets.


Contents of circuit 1:  Circuit: 'sky130_fd_sc_hd__a2111oi_4'
Circuit sky130_fd_sc_hd__a2111oi_4 contains 10 device instances.
  Class: sky130_fd_pr__nfet_01v8 instances:   5
  Class: sky130_fd_pr__pfet_01v8_hvt instances:   5
Circuit contains 14 nets.
Contents of circuit 2:  Circuit: 'sky130_fd_sc_hd__a2111oi_4'
Circuit sky130_fd_sc_hd__a2111oi_4 contains 40 device instances.
  Class: sky130_fd_pr__nfet_01v8 instances:  20
  Class: sky130_fd_pr__pfet_01v8_hvt instances:  20
Circuit contains 14 nets.

Circuit was modified by parallel/series device merging.
New circuit summary:

Contents of circuit 1:  Circuit: 'sky130_fd_sc_hd__a2111oi_4'
Circuit sky130_fd_sc_hd__a2111oi_4 contains 10 device instances.
  Class: sky130_fd_pr__nfet_01v8 instances:   5
  Class: sky130_fd_pr__pfet_01v8_hvt instances:   5
Circuit contains 14 nets.
Contents of circuit 2:  Circuit: 'sky130_fd_sc_hd__a2111oi_4'
Circuit sky130_fd_sc_hd__a2111oi_4 contains 10 device instances.
  Class: sky130_fd_pr__nfet_01v8 instances:   5
  Class: sky130_fd_pr__pfet_01v8_hvt instances:   5
Circuit contains 14 nets.

Circuit 1 contains 10 devices, Circuit 2 contains 10 devices.
Circuit 1 contains 14 nets,    Circuit 2 contains 14 nets.


Contents of circuit 1:  Circuit: 'sky130_fd_sc_hd__nand2_8'
Circuit sky130_fd_sc_hd__nand2_8 contains 4 device instances.
  Class: sky130_fd_pr__nfet_01v8 instances:   2
  Class: sky130_fd_pr__pfet_01v8_hvt instances:   2
Circuit contains 8 nets.
Contents of circuit 2:  Circuit: 'sky130_fd_sc_hd__nand2_8'
Circuit sky130_fd_sc_hd__nand2_8 contains 32 device instances.
  Class: sky130_fd_pr__nfet_01v8 instances:  16
  Class: sky130_fd_pr__pfet_01v8_hvt instances:  16
Circuit contains 8 nets.

Circuit was modified by parallel/series device merging.
New circuit summary:

Contents of circuit 1:  Circuit: 'sky130_fd_sc_hd__nand2_8'
Circuit sky130_fd_sc_hd__nand2_8 contains 4 device instances.
  Class: sky130_fd_pr__nfet_01v8 instances:   2
  Class: sky130_fd_pr__pfet_01v8_hvt instances:   2
Circuit contains 8 nets.
Contents of circuit 2:  Circuit: 'sky130_fd_sc_hd__nand2_8'
Circuit sky130_fd_sc_hd__nand2_8 contains 4 device instances.
  Class: sky130_fd_pr__nfet_01v8 instances:   2
  Class: sky130_fd_pr__pfet_01v8_hvt instances:   2
Circuit contains 8 nets.

Circuit 1 contains 4 devices, Circuit 2 contains 4 devices.
Circuit 1 contains 8 nets,    Circuit 2 contains 8 nets.


Contents of circuit 1:  Circuit: 'sky130_fd_sc_hd__o221ai_2'
Circuit sky130_fd_sc_hd__o221ai_2 contains 10 device instances.
  Class: sky130_fd_pr__nfet_01v8 instances:   5
  Class: sky130_fd_pr__pfet_01v8_hvt instances:   5
Circuit contains 14 nets.
Contents of circuit 2:  Circuit: 'sky130_fd_sc_hd__o221ai_2'
Circuit sky130_fd_sc_hd__o221ai_2 contains 20 device instances.
  Class: sky130_fd_pr__nfet_01v8 instances:  10
  Class: sky130_fd_pr__pfet_01v8_hvt instances:  10
Circuit contains 14 nets.

Circuit was modified by parallel/series device merging.
New circuit summary:

Contents of circuit 1:  Circuit: 'sky130_fd_sc_hd__o221ai_2'
Circuit sky130_fd_sc_hd__o221ai_2 contains 10 device instances.
  Class: sky130_fd_pr__nfet_01v8 instances:   5
  Class: sky130_fd_pr__pfet_01v8_hvt instances:   5
Circuit contains 14 nets.
Contents of circuit 2:  Circuit: 'sky130_fd_sc_hd__o221ai_2'
Circuit sky130_fd_sc_hd__o221ai_2 contains 10 device instances.
  Class: sky130_fd_pr__nfet_01v8 instances:   5
  Class: sky130_fd_pr__pfet_01v8_hvt instances:   5
Circuit contains 14 nets.

Circuit 1 contains 10 devices, Circuit 2 contains 10 devices.
Circuit 1 contains 14 nets,    Circuit 2 contains 14 nets.


Contents of circuit 1:  Circuit: 'sky130_fd_sc_hd__a21oi_2'
Circuit sky130_fd_sc_hd__a21oi_2 contains 8 device instances.
  Class: sky130_fd_pr__nfet_01v8 instances:   5
  Class: sky130_fd_pr__pfet_01v8_hvt instances:   3
Circuit contains 11 nets.
Contents of circuit 2:  Circuit: 'sky130_fd_sc_hd__a21oi_2'
Circuit sky130_fd_sc_hd__a21oi_2 contains 12 device instances.
  Class: sky130_fd_pr__nfet_01v8 instances:   6
  Class: sky130_fd_pr__pfet_01v8_hvt instances:   6
Circuit contains 11 nets.

Circuit was modified by parallel/series device merging.
New circuit summary:

Contents of circuit 1:  Circuit: 'sky130_fd_sc_hd__a21oi_2'
Circuit sky130_fd_sc_hd__a21oi_2 contains 8 device instances.
  Class: sky130_fd_pr__nfet_01v8 instances:   5
  Class: sky130_fd_pr__pfet_01v8_hvt instances:   3
Circuit contains 11 nets.
Contents of circuit 2:  Circuit: 'sky130_fd_sc_hd__a21oi_2'
Circuit sky130_fd_sc_hd__a21oi_2 contains 8 device instances.
  Class: sky130_fd_pr__nfet_01v8 instances:   5
  Class: sky130_fd_pr__pfet_01v8_hvt instances:   3
Circuit contains 11 nets.

Circuit 1 contains 8 devices, Circuit 2 contains 8 devices.
Circuit 1 contains 11 nets,    Circuit 2 contains 11 nets.


Contents of circuit 1:  Circuit: 'sky130_fd_sc_hd__and3b_2'
Circuit sky130_fd_sc_hd__and3b_2 contains 10 device instances.
  Class: sky130_fd_pr__nfet_01v8 instances:   5
  Class: sky130_fd_pr__pfet_01v8_hvt instances:   5
Circuit contains 12 nets.
Contents of circuit 2:  Circuit: 'sky130_fd_sc_hd__and3b_2'
Circuit sky130_fd_sc_hd__and3b_2 contains 12 device instances.
  Class: sky130_fd_pr__nfet_01v8 instances:   6
  Class: sky130_fd_pr__pfet_01v8_hvt instances:   6
Circuit contains 12 nets.

Circuit was modified by parallel/series device merging.
New circuit summary:

Contents of circuit 1:  Circuit: 'sky130_fd_sc_hd__and3b_2'
Circuit sky130_fd_sc_hd__and3b_2 contains 10 device instances.
  Class: sky130_fd_pr__nfet_01v8 instances:   5
  Class: sky130_fd_pr__pfet_01v8_hvt instances:   5
Circuit contains 12 nets.
Contents of circuit 2:  Circuit: 'sky130_fd_sc_hd__and3b_2'
Circuit sky130_fd_sc_hd__and3b_2 contains 10 device instances.
  Class: sky130_fd_pr__nfet_01v8 instances:   5
  Class: sky130_fd_pr__pfet_01v8_hvt instances:   5
Circuit contains 12 nets.

Circuit 1 contains 10 devices, Circuit 2 contains 10 devices.
Circuit 1 contains 12 nets,    Circuit 2 contains 12 nets.


Contents of circuit 1:  Circuit: 'sky130_fd_sc_hd__a2bb2o_4'
Circuit sky130_fd_sc_hd__a2bb2o_4 contains 12 device instances.
  Class: sky130_fd_pr__nfet_01v8 instances:   6
  Class: sky130_fd_pr__pfet_01v8_hvt instances:   6
Circuit contains 14 nets.
Contents of circuit 2:  Circuit: 'sky130_fd_sc_hd__a2bb2o_4'
Circuit sky130_fd_sc_hd__a2bb2o_4 contains 28 device instances.
  Class: sky130_fd_pr__nfet_01v8 instances:  14
  Class: sky130_fd_pr__pfet_01v8_hvt instances:  14
Circuit contains 14 nets.

Circuit was modified by parallel/series device merging.
New circuit summary:

Contents of circuit 1:  Circuit: 'sky130_fd_sc_hd__a2bb2o_4'
Circuit sky130_fd_sc_hd__a2bb2o_4 contains 12 device instances.
  Class: sky130_fd_pr__nfet_01v8 instances:   6
  Class: sky130_fd_pr__pfet_01v8_hvt instances:   6
Circuit contains 14 nets.
Contents of circuit 2:  Circuit: 'sky130_fd_sc_hd__a2bb2o_4'
Circuit sky130_fd_sc_hd__a2bb2o_4 contains 12 device instances.
  Class: sky130_fd_pr__nfet_01v8 instances:   6
  Class: sky130_fd_pr__pfet_01v8_hvt instances:   6
Circuit contains 14 nets.

Circuit 1 contains 12 devices, Circuit 2 contains 12 devices.
Circuit 1 contains 14 nets,    Circuit 2 contains 14 nets.


Contents of circuit 1:  Circuit: 'sky130_fd_sc_hd__a41o_2'
Circuit sky130_fd_sc_hd__a41o_2 contains 12 device instances.
  Class: sky130_fd_pr__nfet_01v8 instances:   6
  Class: sky130_fd_pr__pfet_01v8_hvt instances:   6
Circuit contains 15 nets.
Contents of circuit 2:  Circuit: 'sky130_fd_sc_hd__a41o_2'
Circuit sky130_fd_sc_hd__a41o_2 contains 14 device instances.
  Class: sky130_fd_pr__nfet_01v8 instances:   7
  Class: sky130_fd_pr__pfet_01v8_hvt instances:   7
Circuit contains 15 nets.

Circuit was modified by parallel/series device merging.
New circuit summary:

Contents of circuit 1:  Circuit: 'sky130_fd_sc_hd__a41o_2'
Circuit sky130_fd_sc_hd__a41o_2 contains 12 device instances.
  Class: sky130_fd_pr__nfet_01v8 instances:   6
  Class: sky130_fd_pr__pfet_01v8_hvt instances:   6
Circuit contains 15 nets.
Contents of circuit 2:  Circuit: 'sky130_fd_sc_hd__a41o_2'
Circuit sky130_fd_sc_hd__a41o_2 contains 12 device instances.
  Class: sky130_fd_pr__nfet_01v8 instances:   6
  Class: sky130_fd_pr__pfet_01v8_hvt instances:   6
Circuit contains 15 nets.

Circuit 1 contains 12 devices, Circuit 2 contains 12 devices.
Circuit 1 contains 15 nets,    Circuit 2 contains 15 nets.


Contents of circuit 1:  Circuit: 'sky130_fd_sc_hd__or2_4'
Circuit sky130_fd_sc_hd__or2_4 contains 6 device instances.
  Class: sky130_fd_pr__nfet_01v8 instances:   3
  Class: sky130_fd_pr__pfet_01v8_hvt instances:   3
Circuit contains 9 nets.
Contents of circuit 2:  Circuit: 'sky130_fd_sc_hd__or2_4'
Circuit sky130_fd_sc_hd__or2_4 contains 12 device instances.
  Class: sky130_fd_pr__nfet_01v8 instances:   6
  Class: sky130_fd_pr__pfet_01v8_hvt instances:   6
Circuit contains 9 nets.

Circuit was modified by parallel/series device merging.
New circuit summary:

Contents of circuit 1:  Circuit: 'sky130_fd_sc_hd__or2_4'
Circuit sky130_fd_sc_hd__or2_4 contains 6 device instances.
  Class: sky130_fd_pr__nfet_01v8 instances:   3
  Class: sky130_fd_pr__pfet_01v8_hvt instances:   3
Circuit contains 9 nets.
Contents of circuit 2:  Circuit: 'sky130_fd_sc_hd__or2_4'
Circuit sky130_fd_sc_hd__or2_4 contains 6 device instances.
  Class: sky130_fd_pr__nfet_01v8 instances:   3
  Class: sky130_fd_pr__pfet_01v8_hvt instances:   3
Circuit contains 9 nets.

Circuit 1 contains 6 devices, Circuit 2 contains 6 devices.
Circuit 1 contains 9 nets,    Circuit 2 contains 9 nets.


Contents of circuit 1:  Circuit: 'sky130_fd_sc_hd__nand4b_4'
Circuit sky130_fd_sc_hd__nand4b_4 contains 10 device instances.
  Class: sky130_fd_pr__nfet_01v8 instances:   5
  Class: sky130_fd_pr__pfet_01v8_hvt instances:   5
Circuit contains 13 nets.
Contents of circuit 2:  Circuit: 'sky130_fd_sc_hd__nand4b_4'
Circuit sky130_fd_sc_hd__nand4b_4 contains 34 device instances.
  Class: sky130_fd_pr__nfet_01v8 instances:  17
  Class: sky130_fd_pr__pfet_01v8_hvt instances:  17
Circuit contains 13 nets.

Circuit was modified by parallel/series device merging.
New circuit summary:

Contents of circuit 1:  Circuit: 'sky130_fd_sc_hd__nand4b_4'
Circuit sky130_fd_sc_hd__nand4b_4 contains 10 device instances.
  Class: sky130_fd_pr__nfet_01v8 instances:   5
  Class: sky130_fd_pr__pfet_01v8_hvt instances:   5
Circuit contains 13 nets.
Contents of circuit 2:  Circuit: 'sky130_fd_sc_hd__nand4b_4'
Circuit sky130_fd_sc_hd__nand4b_4 contains 10 device instances.
  Class: sky130_fd_pr__nfet_01v8 instances:   5
  Class: sky130_fd_pr__pfet_01v8_hvt instances:   5
Circuit contains 13 nets.

Circuit 1 contains 10 devices, Circuit 2 contains 10 devices.
Circuit 1 contains 13 nets,    Circuit 2 contains 13 nets.


Contents of circuit 1:  Circuit: 'sky130_fd_sc_hd__o221ai_4'
Circuit sky130_fd_sc_hd__o221ai_4 contains 10 device instances.
  Class: sky130_fd_pr__nfet_01v8 instances:   5
  Class: sky130_fd_pr__pfet_01v8_hvt instances:   5
Circuit contains 14 nets.
Contents of circuit 2:  Circuit: 'sky130_fd_sc_hd__o221ai_4'
Circuit sky130_fd_sc_hd__o221ai_4 contains 40 device instances.
  Class: sky130_fd_pr__nfet_01v8 instances:  20
  Class: sky130_fd_pr__pfet_01v8_hvt instances:  20
Circuit contains 14 nets.

Circuit was modified by parallel/series device merging.
New circuit summary:

Contents of circuit 1:  Circuit: 'sky130_fd_sc_hd__o221ai_4'
Circuit sky130_fd_sc_hd__o221ai_4 contains 10 device instances.
  Class: sky130_fd_pr__nfet_01v8 instances:   5
  Class: sky130_fd_pr__pfet_01v8_hvt instances:   5
Circuit contains 14 nets.
Contents of circuit 2:  Circuit: 'sky130_fd_sc_hd__o221ai_4'
Circuit sky130_fd_sc_hd__o221ai_4 contains 10 device instances.
  Class: sky130_fd_pr__nfet_01v8 instances:   5
  Class: sky130_fd_pr__pfet_01v8_hvt instances:   5
Circuit contains 14 nets.

Circuit 1 contains 10 devices, Circuit 2 contains 10 devices.
Circuit 1 contains 14 nets,    Circuit 2 contains 14 nets.


Contents of circuit 1:  Circuit: 'sky130_fd_sc_hd__nand2b_2'
Circuit sky130_fd_sc_hd__nand2b_2 contains 6 device instances.
  Class: sky130_fd_pr__nfet_01v8 instances:   3
  Class: sky130_fd_pr__pfet_01v8_hvt instances:   3
Circuit contains 9 nets.
Contents of circuit 2:  Circuit: 'sky130_fd_sc_hd__nand2b_2'
Circuit sky130_fd_sc_hd__nand2b_2 contains 10 device instances.
  Class: sky130_fd_pr__nfet_01v8 instances:   5
  Class: sky130_fd_pr__pfet_01v8_hvt instances:   5
Circuit contains 9 nets.

Circuit was modified by parallel/series device merging.
New circuit summary:

Contents of circuit 1:  Circuit: 'sky130_fd_sc_hd__nand2b_2'
Circuit sky130_fd_sc_hd__nand2b_2 contains 6 device instances.
  Class: sky130_fd_pr__nfet_01v8 instances:   3
  Class: sky130_fd_pr__pfet_01v8_hvt instances:   3
Circuit contains 9 nets.
Contents of circuit 2:  Circuit: 'sky130_fd_sc_hd__nand2b_2'
Circuit sky130_fd_sc_hd__nand2b_2 contains 6 device instances.
  Class: sky130_fd_pr__nfet_01v8 instances:   3
  Class: sky130_fd_pr__pfet_01v8_hvt instances:   3
Circuit contains 9 nets.

Circuit 1 contains 6 devices, Circuit 2 contains 6 devices.
Circuit 1 contains 9 nets,    Circuit 2 contains 9 nets.


Contents of circuit 1:  Circuit: 'sky130_fd_sc_hd__o22ai_2'
Circuit sky130_fd_sc_hd__o22ai_2 contains 8 device instances.
  Class: sky130_fd_pr__nfet_01v8 instances:   4
  Class: sky130_fd_pr__pfet_01v8_hvt instances:   4
Circuit contains 12 nets.
Contents of circuit 2:  Circuit: 'sky130_fd_sc_hd__o22ai_2'
Circuit sky130_fd_sc_hd__o22ai_2 contains 16 device instances.
  Class: sky130_fd_pr__nfet_01v8 instances:   8
  Class: sky130_fd_pr__pfet_01v8_hvt instances:   8
Circuit contains 12 nets.

Circuit was modified by parallel/series device merging.
New circuit summary:

Contents of circuit 1:  Circuit: 'sky130_fd_sc_hd__o22ai_2'
Circuit sky130_fd_sc_hd__o22ai_2 contains 8 device instances.
  Class: sky130_fd_pr__nfet_01v8 instances:   4
  Class: sky130_fd_pr__pfet_01v8_hvt instances:   4
Circuit contains 12 nets.
Contents of circuit 2:  Circuit: 'sky130_fd_sc_hd__o22ai_2'
Circuit sky130_fd_sc_hd__o22ai_2 contains 8 device instances.
  Class: sky130_fd_pr__nfet_01v8 instances:   4
  Class: sky130_fd_pr__pfet_01v8_hvt instances:   4
Circuit contains 12 nets.

Circuit 1 contains 8 devices, Circuit 2 contains 8 devices.
Circuit 1 contains 12 nets,    Circuit 2 contains 12 nets.


Contents of circuit 1:  Circuit: 'sky130_fd_sc_hd__nand3b_4'
Circuit sky130_fd_sc_hd__nand3b_4 contains 8 device instances.
  Class: sky130_fd_pr__nfet_01v8 instances:   4
  Class: sky130_fd_pr__pfet_01v8_hvt instances:   4
Circuit contains 11 nets.
Contents of circuit 2:  Circuit: 'sky130_fd_sc_hd__nand3b_4'
Circuit sky130_fd_sc_hd__nand3b_4 contains 26 device instances.
  Class: sky130_fd_pr__nfet_01v8 instances:  13
  Class: sky130_fd_pr__pfet_01v8_hvt instances:  13
Circuit contains 11 nets.

Circuit was modified by parallel/series device merging.
New circuit summary:

Contents of circuit 1:  Circuit: 'sky130_fd_sc_hd__nand3b_4'
Circuit sky130_fd_sc_hd__nand3b_4 contains 8 device instances.
  Class: sky130_fd_pr__nfet_01v8 instances:   4
  Class: sky130_fd_pr__pfet_01v8_hvt instances:   4
Circuit contains 11 nets.
Contents of circuit 2:  Circuit: 'sky130_fd_sc_hd__nand3b_4'
Circuit sky130_fd_sc_hd__nand3b_4 contains 8 device instances.
  Class: sky130_fd_pr__nfet_01v8 instances:   4
  Class: sky130_fd_pr__pfet_01v8_hvt instances:   4
Circuit contains 11 nets.

Circuit 1 contains 8 devices, Circuit 2 contains 8 devices.
Circuit 1 contains 11 nets,    Circuit 2 contains 11 nets.


Contents of circuit 1:  Circuit: 'sky130_fd_sc_hd__o221a_4'
Circuit sky130_fd_sc_hd__o221a_4 contains 12 device instances.
  Class: sky130_fd_pr__nfet_01v8 instances:   6
  Class: sky130_fd_pr__pfet_01v8_hvt instances:   6
Circuit contains 15 nets.
Contents of circuit 2:  Circuit: 'sky130_fd_sc_hd__o221a_4'
Circuit sky130_fd_sc_hd__o221a_4 contains 28 device instances.
  Class: sky130_fd_pr__nfet_01v8 instances:  14
  Class: sky130_fd_pr__pfet_01v8_hvt instances:  14
Circuit contains 15 nets.

Circuit was modified by parallel/series device merging.
New circuit summary:

Contents of circuit 1:  Circuit: 'sky130_fd_sc_hd__o221a_4'
Circuit sky130_fd_sc_hd__o221a_4 contains 12 device instances.
  Class: sky130_fd_pr__nfet_01v8 instances:   6
  Class: sky130_fd_pr__pfet_01v8_hvt instances:   6
Circuit contains 15 nets.
Contents of circuit 2:  Circuit: 'sky130_fd_sc_hd__o221a_4'
Circuit sky130_fd_sc_hd__o221a_4 contains 12 device instances.
  Class: sky130_fd_pr__nfet_01v8 instances:   6
  Class: sky130_fd_pr__pfet_01v8_hvt instances:   6
Circuit contains 15 nets.

Circuit 1 contains 12 devices, Circuit 2 contains 12 devices.
Circuit 1 contains 15 nets,    Circuit 2 contains 15 nets.


Contents of circuit 1:  Circuit: 'sky130_fd_sc_hd__nor4b_2'
Circuit sky130_fd_sc_hd__nor4b_2 contains 10 device instances.
  Class: sky130_fd_pr__nfet_01v8 instances:   5
  Class: sky130_fd_pr__pfet_01v8_hvt instances:   5
Circuit contains 13 nets.
Contents of circuit 2:  Circuit: 'sky130_fd_sc_hd__nor4b_2'
Circuit sky130_fd_sc_hd__nor4b_2 contains 18 device instances.
  Class: sky130_fd_pr__nfet_01v8 instances:   9
  Class: sky130_fd_pr__pfet_01v8_hvt instances:   9
Circuit contains 13 nets.

Circuit was modified by parallel/series device merging.
New circuit summary:

Contents of circuit 1:  Circuit: 'sky130_fd_sc_hd__nor4b_2'
Circuit sky130_fd_sc_hd__nor4b_2 contains 10 device instances.
  Class: sky130_fd_pr__nfet_01v8 instances:   5
  Class: sky130_fd_pr__pfet_01v8_hvt instances:   5
Circuit contains 13 nets.
Contents of circuit 2:  Circuit: 'sky130_fd_sc_hd__nor4b_2'
Circuit sky130_fd_sc_hd__nor4b_2 contains 10 device instances.
  Class: sky130_fd_pr__nfet_01v8 instances:   5
  Class: sky130_fd_pr__pfet_01v8_hvt instances:   5
Circuit contains 13 nets.

Circuit 1 contains 10 devices, Circuit 2 contains 10 devices.
Circuit 1 contains 13 nets,    Circuit 2 contains 13 nets.


Contents of circuit 1:  Circuit: 'sky130_fd_sc_hd__a32oi_4'
Circuit sky130_fd_sc_hd__a32oi_4 contains 10 device instances.
  Class: sky130_fd_pr__nfet_01v8 instances:   5
  Class: sky130_fd_pr__pfet_01v8_hvt instances:   5
Circuit contains 14 nets.
Contents of circuit 2:  Circuit: 'sky130_fd_sc_hd__a32oi_4'
Circuit sky130_fd_sc_hd__a32oi_4 contains 40 device instances.
  Class: sky130_fd_pr__nfet_01v8 instances:  20
  Class: sky130_fd_pr__pfet_01v8_hvt instances:  20
Circuit contains 14 nets.

Circuit was modified by parallel/series device merging.
New circuit summary:

Contents of circuit 1:  Circuit: 'sky130_fd_sc_hd__a32oi_4'
Circuit sky130_fd_sc_hd__a32oi_4 contains 10 device instances.
  Class: sky130_fd_pr__nfet_01v8 instances:   5
  Class: sky130_fd_pr__pfet_01v8_hvt instances:   5
Circuit contains 14 nets.
Contents of circuit 2:  Circuit: 'sky130_fd_sc_hd__a32oi_4'
Circuit sky130_fd_sc_hd__a32oi_4 contains 10 device instances.
  Class: sky130_fd_pr__nfet_01v8 instances:   5
  Class: sky130_fd_pr__pfet_01v8_hvt instances:   5
Circuit contains 14 nets.

Circuit 1 contains 10 devices, Circuit 2 contains 10 devices.
Circuit 1 contains 14 nets,    Circuit 2 contains 14 nets.


Contents of circuit 1:  Circuit: 'sky130_fd_sc_hd__dfstp_4'
Circuit sky130_fd_sc_hd__dfstp_4 contains 32 device instances.
  Class: sky130_fd_pr__nfet_01v8 instances:  14
  Class: sky130_fd_pr__pfet_01v8_hvt instances:  16
  Class: sky130_fd_pr__special_nfet_01v8 instances:   2
Circuit contains 24 nets.
Contents of circuit 2:  Circuit: 'sky130_fd_sc_hd__dfstp_4'
Circuit sky130_fd_sc_hd__dfstp_4 contains 40 device instances.
  Class: sky130_fd_pr__nfet_01v8 instances:  18
  Class: sky130_fd_pr__pfet_01v8_hvt instances:  20
  Class: sky130_fd_pr__special_nfet_01v8 instances:   2
Circuit contains 24 nets.

Circuit was modified by parallel/series device merging.
New circuit summary:

Contents of circuit 1:  Circuit: 'sky130_fd_sc_hd__dfstp_4'
Circuit sky130_fd_sc_hd__dfstp_4 contains 32 device instances.
  Class: sky130_fd_pr__nfet_01v8 instances:  14
  Class: sky130_fd_pr__pfet_01v8_hvt instances:  16
  Class: sky130_fd_pr__special_nfet_01v8 instances:   2
Circuit contains 24 nets.
Contents of circuit 2:  Circuit: 'sky130_fd_sc_hd__dfstp_4'
Circuit sky130_fd_sc_hd__dfstp_4 contains 32 device instances.
  Class: sky130_fd_pr__nfet_01v8 instances:  14
  Class: sky130_fd_pr__pfet_01v8_hvt instances:  16
  Class: sky130_fd_pr__special_nfet_01v8 instances:   2
Circuit contains 24 nets.

Circuit 1 contains 32 devices, Circuit 2 contains 32 devices.
Circuit 1 contains 24 nets,    Circuit 2 contains 24 nets.


Contents of circuit 1:  Circuit: 'sky130_fd_sc_hd__o311ai_2'
Circuit sky130_fd_sc_hd__o311ai_2 contains 10 device instances.
  Class: sky130_fd_pr__nfet_01v8 instances:   5
  Class: sky130_fd_pr__pfet_01v8_hvt instances:   5
Circuit contains 14 nets.
Contents of circuit 2:  Circuit: 'sky130_fd_sc_hd__o311ai_2'
Circuit sky130_fd_sc_hd__o311ai_2 contains 20 device instances.
  Class: sky130_fd_pr__nfet_01v8 instances:  10
  Class: sky130_fd_pr__pfet_01v8_hvt instances:  10
Circuit contains 14 nets.

Circuit was modified by parallel/series device merging.
New circuit summary:

Contents of circuit 1:  Circuit: 'sky130_fd_sc_hd__o311ai_2'
Circuit sky130_fd_sc_hd__o311ai_2 contains 10 device instances.
  Class: sky130_fd_pr__nfet_01v8 instances:   5
  Class: sky130_fd_pr__pfet_01v8_hvt instances:   5
Circuit contains 14 nets.
Contents of circuit 2:  Circuit: 'sky130_fd_sc_hd__o311ai_2'
Circuit sky130_fd_sc_hd__o311ai_2 contains 10 device instances.
  Class: sky130_fd_pr__nfet_01v8 instances:   5
  Class: sky130_fd_pr__pfet_01v8_hvt instances:   5
Circuit contains 14 nets.

Circuit 1 contains 10 devices, Circuit 2 contains 10 devices.
Circuit 1 contains 14 nets,    Circuit 2 contains 14 nets.


Contents of circuit 1:  Circuit: 'sky130_fd_sc_hd__o21bai_2'
Circuit sky130_fd_sc_hd__o21bai_2 contains 8 device instances.
  Class: sky130_fd_pr__nfet_01v8 instances:   4
  Class: sky130_fd_pr__pfet_01v8_hvt instances:   4
Circuit contains 11 nets.
Contents of circuit 2:  Circuit: 'sky130_fd_sc_hd__o21bai_2'
Circuit sky130_fd_sc_hd__o21bai_2 contains 14 device instances.
  Class: sky130_fd_pr__nfet_01v8 instances:   7
  Class: sky130_fd_pr__pfet_01v8_hvt instances:   7
Circuit contains 11 nets.

Circuit was modified by parallel/series device merging.
New circuit summary:

Contents of circuit 1:  Circuit: 'sky130_fd_sc_hd__o21bai_2'
Circuit sky130_fd_sc_hd__o21bai_2 contains 8 device instances.
  Class: sky130_fd_pr__nfet_01v8 instances:   4
  Class: sky130_fd_pr__pfet_01v8_hvt instances:   4
Circuit contains 11 nets.
Contents of circuit 2:  Circuit: 'sky130_fd_sc_hd__o21bai_2'
Circuit sky130_fd_sc_hd__o21bai_2 contains 8 device instances.
  Class: sky130_fd_pr__nfet_01v8 instances:   4
  Class: sky130_fd_pr__pfet_01v8_hvt instances:   4
Circuit contains 11 nets.

Circuit 1 contains 8 devices, Circuit 2 contains 8 devices.
Circuit 1 contains 11 nets,    Circuit 2 contains 11 nets.


Contents of circuit 1:  Circuit: 'sky130_fd_sc_hd__nor4b_4'
Circuit sky130_fd_sc_hd__nor4b_4 contains 10 device instances.
  Class: sky130_fd_pr__nfet_01v8 instances:   5
  Class: sky130_fd_pr__pfet_01v8_hvt instances:   5
Circuit contains 13 nets.
Contents of circuit 2:  Circuit: 'sky130_fd_sc_hd__nor4b_4'
Circuit sky130_fd_sc_hd__nor4b_4 contains 34 device instances.
  Class: sky130_fd_pr__nfet_01v8 instances:  17
  Class: sky130_fd_pr__pfet_01v8_hvt instances:  17
Circuit contains 13 nets.

Circuit was modified by parallel/series device merging.
New circuit summary:

Contents of circuit 1:  Circuit: 'sky130_fd_sc_hd__nor4b_4'
Circuit sky130_fd_sc_hd__nor4b_4 contains 10 device instances.
  Class: sky130_fd_pr__nfet_01v8 instances:   5
  Class: sky130_fd_pr__pfet_01v8_hvt instances:   5
Circuit contains 13 nets.
Contents of circuit 2:  Circuit: 'sky130_fd_sc_hd__nor4b_4'
Circuit sky130_fd_sc_hd__nor4b_4 contains 10 device instances.
  Class: sky130_fd_pr__nfet_01v8 instances:   5
  Class: sky130_fd_pr__pfet_01v8_hvt instances:   5
Circuit contains 13 nets.

Circuit 1 contains 10 devices, Circuit 2 contains 10 devices.
Circuit 1 contains 13 nets,    Circuit 2 contains 13 nets.


Contents of circuit 1:  Circuit: 'sky130_fd_sc_hd__a211o_2'
Circuit sky130_fd_sc_hd__a211o_2 contains 10 device instances.
  Class: sky130_fd_pr__nfet_01v8 instances:   5
  Class: sky130_fd_pr__pfet_01v8_hvt instances:   5
Circuit contains 13 nets.
Contents of circuit 2:  Circuit: 'sky130_fd_sc_hd__a211o_2'
Circuit sky130_fd_sc_hd__a211o_2 contains 12 device instances.
  Class: sky130_fd_pr__nfet_01v8 instances:   6
  Class: sky130_fd_pr__pfet_01v8_hvt instances:   6
Circuit contains 13 nets.

Circuit was modified by parallel/series device merging.
New circuit summary:

Contents of circuit 1:  Circuit: 'sky130_fd_sc_hd__a211o_2'
Circuit sky130_fd_sc_hd__a211o_2 contains 10 device instances.
  Class: sky130_fd_pr__nfet_01v8 instances:   5
  Class: sky130_fd_pr__pfet_01v8_hvt instances:   5
Circuit contains 13 nets.
Contents of circuit 2:  Circuit: 'sky130_fd_sc_hd__a211o_2'
Circuit sky130_fd_sc_hd__a211o_2 contains 10 device instances.
  Class: sky130_fd_pr__nfet_01v8 instances:   5
  Class: sky130_fd_pr__pfet_01v8_hvt instances:   5
Circuit contains 13 nets.

Circuit 1 contains 10 devices, Circuit 2 contains 10 devices.
Circuit 1 contains 13 nets,    Circuit 2 contains 13 nets.


Contents of circuit 1:  Circuit: 'sky130_fd_sc_hd__a41oi_1'
Circuit sky130_fd_sc_hd__a41oi_1 contains 10 device instances.
  Class: sky130_fd_pr__nfet_01v8 instances:   5
  Class: sky130_fd_pr__pfet_01v8_hvt instances:   5
Circuit contains 14 nets.
Contents of circuit 2:  Circuit: 'sky130_fd_sc_hd__a41oi_1'
Circuit sky130_fd_sc_hd__a41oi_1 contains 10 device instances.
  Class: sky130_fd_pr__nfet_01v8 instances:   5
  Class: sky130_fd_pr__pfet_01v8_hvt instances:   5
Circuit contains 14 nets.

Circuit 1 contains 10 devices, Circuit 2 contains 10 devices.
Circuit 1 contains 14 nets,    Circuit 2 contains 14 nets.


Contents of circuit 1:  Circuit: 'sky130_fd_sc_hd__a31o_4'
Circuit sky130_fd_sc_hd__a31o_4 contains 13 device instances.
  Class: sky130_fd_pr__nfet_01v8 instances:   8
  Class: sky130_fd_pr__pfet_01v8_hvt instances:   5
Circuit contains 15 nets.
Contents of circuit 2:  Circuit: 'sky130_fd_sc_hd__a31o_4'
Circuit sky130_fd_sc_hd__a31o_4 contains 24 device instances.
  Class: sky130_fd_pr__nfet_01v8 instances:  12
  Class: sky130_fd_pr__pfet_01v8_hvt instances:  12
Circuit contains 15 nets.

Circuit was modified by parallel/series device merging.
New circuit summary:

Contents of circuit 1:  Circuit: 'sky130_fd_sc_hd__a31o_4'
Circuit sky130_fd_sc_hd__a31o_4 contains 13 device instances.
  Class: sky130_fd_pr__nfet_01v8 instances:   8
  Class: sky130_fd_pr__pfet_01v8_hvt instances:   5
Circuit contains 15 nets.
Contents of circuit 2:  Circuit: 'sky130_fd_sc_hd__a31o_4'
Circuit sky130_fd_sc_hd__a31o_4 contains 13 device instances.
  Class: sky130_fd_pr__nfet_01v8 instances:   8
  Class: sky130_fd_pr__pfet_01v8_hvt instances:   5
Circuit contains 15 nets.

Circuit 1 contains 13 devices, Circuit 2 contains 13 devices.
Circuit 1 contains 15 nets,    Circuit 2 contains 15 nets.


Contents of circuit 1:  Circuit: 'sky130_fd_sc_hd__o22a_4'
Circuit sky130_fd_sc_hd__o22a_4 contains 10 device instances.
  Class: sky130_fd_pr__nfet_01v8 instances:   5
  Class: sky130_fd_pr__pfet_01v8_hvt instances:   5
Circuit contains 13 nets.
Contents of circuit 2:  Circuit: 'sky130_fd_sc_hd__o22a_4'
Circuit sky130_fd_sc_hd__o22a_4 contains 24 device instances.
  Class: sky130_fd_pr__nfet_01v8 instances:  12
  Class: sky130_fd_pr__pfet_01v8_hvt instances:  12
Circuit contains 13 nets.

Circuit was modified by parallel/series device merging.
New circuit summary:

Contents of circuit 1:  Circuit: 'sky130_fd_sc_hd__o22a_4'
Circuit sky130_fd_sc_hd__o22a_4 contains 10 device instances.
  Class: sky130_fd_pr__nfet_01v8 instances:   5
  Class: sky130_fd_pr__pfet_01v8_hvt instances:   5
Circuit contains 13 nets.
Contents of circuit 2:  Circuit: 'sky130_fd_sc_hd__o22a_4'
Circuit sky130_fd_sc_hd__o22a_4 contains 10 device instances.
  Class: sky130_fd_pr__nfet_01v8 instances:   5
  Class: sky130_fd_pr__pfet_01v8_hvt instances:   5
Circuit contains 13 nets.

Circuit 1 contains 10 devices, Circuit 2 contains 10 devices.
Circuit 1 contains 13 nets,    Circuit 2 contains 13 nets.


Contents of circuit 1:  Circuit: 'sky130_fd_sc_hd__dfstp_2'
Circuit sky130_fd_sc_hd__dfstp_2 contains 32 device instances.
  Class: sky130_fd_pr__nfet_01v8 instances:  14
  Class: sky130_fd_pr__pfet_01v8_hvt instances:  16
  Class: sky130_fd_pr__special_nfet_01v8 instances:   2
Circuit contains 24 nets.
Contents of circuit 2:  Circuit: 'sky130_fd_sc_hd__dfstp_2'
Circuit sky130_fd_sc_hd__dfstp_2 contains 34 device instances.
  Class: sky130_fd_pr__nfet_01v8 instances:  15
  Class: sky130_fd_pr__pfet_01v8_hvt instances:  17
  Class: sky130_fd_pr__special_nfet_01v8 instances:   2
Circuit contains 24 nets.

Circuit was modified by parallel/series device merging.
New circuit summary:

Contents of circuit 1:  Circuit: 'sky130_fd_sc_hd__dfstp_2'
Circuit sky130_fd_sc_hd__dfstp_2 contains 32 device instances.
  Class: sky130_fd_pr__nfet_01v8 instances:  14
  Class: sky130_fd_pr__pfet_01v8_hvt instances:  16
  Class: sky130_fd_pr__special_nfet_01v8 instances:   2
Circuit contains 24 nets.
Contents of circuit 2:  Circuit: 'sky130_fd_sc_hd__dfstp_2'
Circuit sky130_fd_sc_hd__dfstp_2 contains 32 device instances.
  Class: sky130_fd_pr__nfet_01v8 instances:  14
  Class: sky130_fd_pr__pfet_01v8_hvt instances:  16
  Class: sky130_fd_pr__special_nfet_01v8 instances:   2
Circuit contains 24 nets.

Circuit 1 contains 32 devices, Circuit 2 contains 32 devices.
Circuit 1 contains 24 nets,    Circuit 2 contains 24 nets.


Contents of circuit 1:  Circuit: 'sky130_fd_sc_hd__o211a_4'
Circuit sky130_fd_sc_hd__o211a_4 contains 14 device instances.
  Class: sky130_fd_pr__nfet_01v8 instances:   7
  Class: sky130_fd_pr__pfet_01v8_hvt instances:   7
Circuit contains 15 nets.
Contents of circuit 2:  Circuit: 'sky130_fd_sc_hd__o211a_4'
Circuit sky130_fd_sc_hd__o211a_4 contains 24 device instances.
  Class: sky130_fd_pr__nfet_01v8 instances:  12
  Class: sky130_fd_pr__pfet_01v8_hvt instances:  12
Circuit contains 15 nets.

Circuit was modified by parallel/series device merging.
New circuit summary:

Contents of circuit 1:  Circuit: 'sky130_fd_sc_hd__o211a_4'
Circuit sky130_fd_sc_hd__o211a_4 contains 14 device instances.
  Class: sky130_fd_pr__nfet_01v8 instances:   7
  Class: sky130_fd_pr__pfet_01v8_hvt instances:   7
Circuit contains 15 nets.
Contents of circuit 2:  Circuit: 'sky130_fd_sc_hd__o211a_4'
Circuit sky130_fd_sc_hd__o211a_4 contains 14 device instances.
  Class: sky130_fd_pr__nfet_01v8 instances:   7
  Class: sky130_fd_pr__pfet_01v8_hvt instances:   7
Circuit contains 15 nets.

Circuit 1 contains 14 devices, Circuit 2 contains 14 devices.
Circuit 1 contains 15 nets,    Circuit 2 contains 15 nets.


Contents of circuit 1:  Circuit: 'sky130_fd_sc_hd__o2bb2ai_2'
Circuit sky130_fd_sc_hd__o2bb2ai_2 contains 10 device instances.
  Class: sky130_fd_pr__nfet_01v8 instances:   5
  Class: sky130_fd_pr__pfet_01v8_hvt instances:   5
Circuit contains 13 nets.
Contents of circuit 2:  Circuit: 'sky130_fd_sc_hd__o2bb2ai_2'
Circuit sky130_fd_sc_hd__o2bb2ai_2 contains 20 device instances.
  Class: sky130_fd_pr__nfet_01v8 instances:  10
  Class: sky130_fd_pr__pfet_01v8_hvt instances:  10
Circuit contains 13 nets.

Circuit was modified by parallel/series device merging.
New circuit summary:

Contents of circuit 1:  Circuit: 'sky130_fd_sc_hd__o2bb2ai_2'
Circuit sky130_fd_sc_hd__o2bb2ai_2 contains 10 device instances.
  Class: sky130_fd_pr__nfet_01v8 instances:   5
  Class: sky130_fd_pr__pfet_01v8_hvt instances:   5
Circuit contains 13 nets.
Contents of circuit 2:  Circuit: 'sky130_fd_sc_hd__o2bb2ai_2'
Circuit sky130_fd_sc_hd__o2bb2ai_2 contains 10 device instances.
  Class: sky130_fd_pr__nfet_01v8 instances:   5
  Class: sky130_fd_pr__pfet_01v8_hvt instances:   5
Circuit contains 13 nets.

Circuit 1 contains 10 devices, Circuit 2 contains 10 devices.
Circuit 1 contains 13 nets,    Circuit 2 contains 13 nets.


Contents of circuit 1:  Circuit: 'sky130_fd_sc_hd__nor3_2'
Circuit sky130_fd_sc_hd__nor3_2 contains 6 device instances.
  Class: sky130_fd_pr__nfet_01v8 instances:   3
  Class: sky130_fd_pr__pfet_01v8_hvt instances:   3
Circuit contains 10 nets.
Contents of circuit 2:  Circuit: 'sky130_fd_sc_hd__nor3_2'
Circuit sky130_fd_sc_hd__nor3_2 contains 12 device instances.
  Class: sky130_fd_pr__nfet_01v8 instances:   6
  Class: sky130_fd_pr__pfet_01v8_hvt instances:   6
Circuit contains 10 nets.

Circuit was modified by parallel/series device merging.
New circuit summary:

Contents of circuit 1:  Circuit: 'sky130_fd_sc_hd__nor3_2'
Circuit sky130_fd_sc_hd__nor3_2 contains 6 device instances.
  Class: sky130_fd_pr__nfet_01v8 instances:   3
  Class: sky130_fd_pr__pfet_01v8_hvt instances:   3
Circuit contains 10 nets.
Contents of circuit 2:  Circuit: 'sky130_fd_sc_hd__nor3_2'
Circuit sky130_fd_sc_hd__nor3_2 contains 6 device instances.
  Class: sky130_fd_pr__nfet_01v8 instances:   3
  Class: sky130_fd_pr__pfet_01v8_hvt instances:   3
Circuit contains 10 nets.

Circuit 1 contains 6 devices, Circuit 2 contains 6 devices.
Circuit 1 contains 10 nets,    Circuit 2 contains 10 nets.


Contents of circuit 1:  Circuit: 'sky130_fd_sc_hd__a211o_4'
Circuit sky130_fd_sc_hd__a211o_4 contains 14 device instances.
  Class: sky130_fd_pr__nfet_01v8 instances:   7
  Class: sky130_fd_pr__pfet_01v8_hvt instances:   7
Circuit contains 15 nets.
Contents of circuit 2:  Circuit: 'sky130_fd_sc_hd__a211o_4'
Circuit sky130_fd_sc_hd__a211o_4 contains 24 device instances.
  Class: sky130_fd_pr__nfet_01v8 instances:  12
  Class: sky130_fd_pr__pfet_01v8_hvt instances:  12
Circuit contains 15 nets.

Circuit was modified by parallel/series device merging.
New circuit summary:

Contents of circuit 1:  Circuit: 'sky130_fd_sc_hd__a211o_4'
Circuit sky130_fd_sc_hd__a211o_4 contains 14 device instances.
  Class: sky130_fd_pr__nfet_01v8 instances:   7
  Class: sky130_fd_pr__pfet_01v8_hvt instances:   7
Circuit contains 15 nets.
Contents of circuit 2:  Circuit: 'sky130_fd_sc_hd__a211o_4'
Circuit sky130_fd_sc_hd__a211o_4 contains 14 device instances.
  Class: sky130_fd_pr__nfet_01v8 instances:   7
  Class: sky130_fd_pr__pfet_01v8_hvt instances:   7
Circuit contains 15 nets.

Circuit 1 contains 14 devices, Circuit 2 contains 14 devices.
Circuit 1 contains 15 nets,    Circuit 2 contains 15 nets.


Contents of circuit 1:  Circuit: 'sky130_fd_sc_hd__o31a_4'
Circuit sky130_fd_sc_hd__o31a_4 contains 10 device instances.
  Class: sky130_fd_pr__nfet_01v8 instances:   5
  Class: sky130_fd_pr__pfet_01v8_hvt instances:   5
Circuit contains 13 nets.
Contents of circuit 2:  Circuit: 'sky130_fd_sc_hd__o31a_4'
Circuit sky130_fd_sc_hd__o31a_4 contains 24 device instances.
  Class: sky130_fd_pr__nfet_01v8 instances:  12
  Class: sky130_fd_pr__pfet_01v8_hvt instances:  12
Circuit contains 13 nets.

Circuit was modified by parallel/series device merging.
New circuit summary:

Contents of circuit 1:  Circuit: 'sky130_fd_sc_hd__o31a_4'
Circuit sky130_fd_sc_hd__o31a_4 contains 10 device instances.
  Class: sky130_fd_pr__nfet_01v8 instances:   5
  Class: sky130_fd_pr__pfet_01v8_hvt instances:   5
Circuit contains 13 nets.
Contents of circuit 2:  Circuit: 'sky130_fd_sc_hd__o31a_4'
Circuit sky130_fd_sc_hd__o31a_4 contains 10 device instances.
  Class: sky130_fd_pr__nfet_01v8 instances:   5
  Class: sky130_fd_pr__pfet_01v8_hvt instances:   5
Circuit contains 13 nets.

Circuit 1 contains 10 devices, Circuit 2 contains 10 devices.
Circuit 1 contains 13 nets,    Circuit 2 contains 13 nets.


Contents of circuit 1:  Circuit: 'sky130_fd_sc_hd__o2bb2a_2'
Circuit sky130_fd_sc_hd__o2bb2a_2 contains 12 device instances.
  Class: sky130_fd_pr__nfet_01v8 instances:   6
  Class: sky130_fd_pr__pfet_01v8_hvt instances:   6
Circuit contains 14 nets.
Contents of circuit 2:  Circuit: 'sky130_fd_sc_hd__o2bb2a_2'
Circuit sky130_fd_sc_hd__o2bb2a_2 contains 14 device instances.
  Class: sky130_fd_pr__nfet_01v8 instances:   7
  Class: sky130_fd_pr__pfet_01v8_hvt instances:   7
Circuit contains 14 nets.

Circuit was modified by parallel/series device merging.
New circuit summary:

Contents of circuit 1:  Circuit: 'sky130_fd_sc_hd__o2bb2a_2'
Circuit sky130_fd_sc_hd__o2bb2a_2 contains 12 device instances.
  Class: sky130_fd_pr__nfet_01v8 instances:   6
  Class: sky130_fd_pr__pfet_01v8_hvt instances:   6
Circuit contains 14 nets.
Contents of circuit 2:  Circuit: 'sky130_fd_sc_hd__o2bb2a_2'
Circuit sky130_fd_sc_hd__o2bb2a_2 contains 12 device instances.
  Class: sky130_fd_pr__nfet_01v8 instances:   6
  Class: sky130_fd_pr__pfet_01v8_hvt instances:   6
Circuit contains 14 nets.

Circuit 1 contains 12 devices, Circuit 2 contains 12 devices.
Circuit 1 contains 14 nets,    Circuit 2 contains 14 nets.


Contents of circuit 1:  Circuit: 'sky130_fd_sc_hd__o22ai_4'
Circuit sky130_fd_sc_hd__o22ai_4 contains 8 device instances.
  Class: sky130_fd_pr__nfet_01v8 instances:   4
  Class: sky130_fd_pr__pfet_01v8_hvt instances:   4
Circuit contains 12 nets.
Contents of circuit 2:  Circuit: 'sky130_fd_sc_hd__o22ai_4'
Circuit sky130_fd_sc_hd__o22ai_4 contains 32 device instances.
  Class: sky130_fd_pr__nfet_01v8 instances:  16
  Class: sky130_fd_pr__pfet_01v8_hvt instances:  16
Circuit contains 12 nets.

Circuit was modified by parallel/series device merging.
New circuit summary:

Contents of circuit 1:  Circuit: 'sky130_fd_sc_hd__o22ai_4'
Circuit sky130_fd_sc_hd__o22ai_4 contains 8 device instances.
  Class: sky130_fd_pr__nfet_01v8 instances:   4
  Class: sky130_fd_pr__pfet_01v8_hvt instances:   4
Circuit contains 12 nets.
Contents of circuit 2:  Circuit: 'sky130_fd_sc_hd__o22ai_4'
Circuit sky130_fd_sc_hd__o22ai_4 contains 8 device instances.
  Class: sky130_fd_pr__nfet_01v8 instances:   4
  Class: sky130_fd_pr__pfet_01v8_hvt instances:   4
Circuit contains 12 nets.

Circuit 1 contains 8 devices, Circuit 2 contains 8 devices.
Circuit 1 contains 12 nets,    Circuit 2 contains 12 nets.


Contents of circuit 1:  Circuit: 'sky130_fd_sc_hd__o211ai_4'
Circuit sky130_fd_sc_hd__o211ai_4 contains 12 device instances.
  Class: sky130_fd_pr__nfet_01v8 instances:   8
  Class: sky130_fd_pr__pfet_01v8_hvt instances:   4
Circuit contains 14 nets.
Contents of circuit 2:  Circuit: 'sky130_fd_sc_hd__o211ai_4'
Circuit sky130_fd_sc_hd__o211ai_4 contains 32 device instances.
  Class: sky130_fd_pr__nfet_01v8 instances:  16
  Class: sky130_fd_pr__pfet_01v8_hvt instances:  16
Circuit contains 14 nets.

Circuit was modified by parallel/series device merging.
New circuit summary:

Contents of circuit 1:  Circuit: 'sky130_fd_sc_hd__o211ai_4'
Circuit sky130_fd_sc_hd__o211ai_4 contains 12 device instances.
  Class: sky130_fd_pr__nfet_01v8 instances:   8
  Class: sky130_fd_pr__pfet_01v8_hvt instances:   4
Circuit contains 14 nets.
Contents of circuit 2:  Circuit: 'sky130_fd_sc_hd__o211ai_4'
Circuit sky130_fd_sc_hd__o211ai_4 contains 12 device instances.
  Class: sky130_fd_pr__nfet_01v8 instances:   8
  Class: sky130_fd_pr__pfet_01v8_hvt instances:   4
Circuit contains 14 nets.

Circuit 1 contains 12 devices, Circuit 2 contains 12 devices.
Circuit 1 contains 14 nets,    Circuit 2 contains 14 nets.


Contents of circuit 1:  Circuit: 'sky130_fd_sc_hd__a21o_2'
Circuit sky130_fd_sc_hd__a21o_2 contains 8 device instances.
  Class: sky130_fd_pr__nfet_01v8 instances:   4
  Class: sky130_fd_pr__pfet_01v8_hvt instances:   4
Circuit contains 11 nets.
Contents of circuit 2:  Circuit: 'sky130_fd_sc_hd__a21o_2'
Circuit sky130_fd_sc_hd__a21o_2 contains 10 device instances.
  Class: sky130_fd_pr__nfet_01v8 instances:   5
  Class: sky130_fd_pr__pfet_01v8_hvt instances:   5
Circuit contains 11 nets.

Circuit was modified by parallel/series device merging.
New circuit summary:

Contents of circuit 1:  Circuit: 'sky130_fd_sc_hd__a21o_2'
Circuit sky130_fd_sc_hd__a21o_2 contains 8 device instances.
  Class: sky130_fd_pr__nfet_01v8 instances:   4
  Class: sky130_fd_pr__pfet_01v8_hvt instances:   4
Circuit contains 11 nets.
Contents of circuit 2:  Circuit: 'sky130_fd_sc_hd__a21o_2'
Circuit sky130_fd_sc_hd__a21o_2 contains 8 device instances.
  Class: sky130_fd_pr__nfet_01v8 instances:   4
  Class: sky130_fd_pr__pfet_01v8_hvt instances:   4
Circuit contains 11 nets.

Circuit 1 contains 8 devices, Circuit 2 contains 8 devices.
Circuit 1 contains 11 nets,    Circuit 2 contains 11 nets.


Contents of circuit 1:  Circuit: 'sky130_fd_sc_hd__o2111a_2'
Circuit sky130_fd_sc_hd__o2111a_2 contains 12 device instances.
  Class: sky130_fd_pr__nfet_01v8 instances:   6
  Class: sky130_fd_pr__pfet_01v8_hvt instances:   6
Circuit contains 15 nets.
Contents of circuit 2:  Circuit: 'sky130_fd_sc_hd__o2111a_2'
Circuit sky130_fd_sc_hd__o2111a_2 contains 14 device instances.
  Class: sky130_fd_pr__nfet_01v8 instances:   7
  Class: sky130_fd_pr__pfet_01v8_hvt instances:   7
Circuit contains 15 nets.

Circuit was modified by parallel/series device merging.
New circuit summary:

Contents of circuit 1:  Circuit: 'sky130_fd_sc_hd__o2111a_2'
Circuit sky130_fd_sc_hd__o2111a_2 contains 12 device instances.
  Class: sky130_fd_pr__nfet_01v8 instances:   6
  Class: sky130_fd_pr__pfet_01v8_hvt instances:   6
Circuit contains 15 nets.
Contents of circuit 2:  Circuit: 'sky130_fd_sc_hd__o2111a_2'
Circuit sky130_fd_sc_hd__o2111a_2 contains 12 device instances.
  Class: sky130_fd_pr__nfet_01v8 instances:   6
  Class: sky130_fd_pr__pfet_01v8_hvt instances:   6
Circuit contains 15 nets.

Circuit 1 contains 12 devices, Circuit 2 contains 12 devices.
Circuit 1 contains 15 nets,    Circuit 2 contains 15 nets.


Contents of circuit 1:  Circuit: 'sky130_fd_sc_hd__nor4_4'
Circuit sky130_fd_sc_hd__nor4_4 contains 8 device instances.
  Class: sky130_fd_pr__nfet_01v8 instances:   4
  Class: sky130_fd_pr__pfet_01v8_hvt instances:   4
Circuit contains 12 nets.
Contents of circuit 2:  Circuit: 'sky130_fd_sc_hd__nor4_4'
Circuit sky130_fd_sc_hd__nor4_4 contains 32 device instances.
  Class: sky130_fd_pr__nfet_01v8 instances:  16
  Class: sky130_fd_pr__pfet_01v8_hvt instances:  16
Circuit contains 12 nets.

Circuit was modified by parallel/series device merging.
New circuit summary:

Contents of circuit 1:  Circuit: 'sky130_fd_sc_hd__nor4_4'
Circuit sky130_fd_sc_hd__nor4_4 contains 8 device instances.
  Class: sky130_fd_pr__nfet_01v8 instances:   4
  Class: sky130_fd_pr__pfet_01v8_hvt instances:   4
Circuit contains 12 nets.
Contents of circuit 2:  Circuit: 'sky130_fd_sc_hd__nor4_4'
Circuit sky130_fd_sc_hd__nor4_4 contains 8 device instances.
  Class: sky130_fd_pr__nfet_01v8 instances:   4
  Class: sky130_fd_pr__pfet_01v8_hvt instances:   4
Circuit contains 12 nets.

Circuit 1 contains 8 devices, Circuit 2 contains 8 devices.
Circuit 1 contains 12 nets,    Circuit 2 contains 12 nets.


Contents of circuit 1:  Circuit: 'sky130_fd_sc_hd__o2bb2a_4'
Circuit sky130_fd_sc_hd__o2bb2a_4 contains 12 device instances.
  Class: sky130_fd_pr__nfet_01v8 instances:   6
  Class: sky130_fd_pr__pfet_01v8_hvt instances:   6
Circuit contains 14 nets.
Contents of circuit 2:  Circuit: 'sky130_fd_sc_hd__o2bb2a_4'
Circuit sky130_fd_sc_hd__o2bb2a_4 contains 28 device instances.
  Class: sky130_fd_pr__nfet_01v8 instances:  14
  Class: sky130_fd_pr__pfet_01v8_hvt instances:  14
Circuit contains 14 nets.

Circuit was modified by parallel/series device merging.
New circuit summary:

Contents of circuit 1:  Circuit: 'sky130_fd_sc_hd__o2bb2a_4'
Circuit sky130_fd_sc_hd__o2bb2a_4 contains 12 device instances.
  Class: sky130_fd_pr__nfet_01v8 instances:   6
  Class: sky130_fd_pr__pfet_01v8_hvt instances:   6
Circuit contains 14 nets.
Contents of circuit 2:  Circuit: 'sky130_fd_sc_hd__o2bb2a_4'
Circuit sky130_fd_sc_hd__o2bb2a_4 contains 12 device instances.
  Class: sky130_fd_pr__nfet_01v8 instances:   6
  Class: sky130_fd_pr__pfet_01v8_hvt instances:   6
Circuit contains 14 nets.

Circuit 1 contains 12 devices, Circuit 2 contains 12 devices.
Circuit 1 contains 14 nets,    Circuit 2 contains 14 nets.


Contents of circuit 1:  Circuit: 'sky130_fd_sc_hd__a31oi_4'
Circuit sky130_fd_sc_hd__a31oi_4 contains 8 device instances.
  Class: sky130_fd_pr__nfet_01v8 instances:   4
  Class: sky130_fd_pr__pfet_01v8_hvt instances:   4
Circuit contains 12 nets.
Contents of circuit 2:  Circuit: 'sky130_fd_sc_hd__a31oi_4'
Circuit sky130_fd_sc_hd__a31oi_4 contains 32 device instances.
  Class: sky130_fd_pr__nfet_01v8 instances:  16
  Class: sky130_fd_pr__pfet_01v8_hvt instances:  16
Circuit contains 12 nets.

Circuit was modified by parallel/series device merging.
New circuit summary:

Contents of circuit 1:  Circuit: 'sky130_fd_sc_hd__a31oi_4'
Circuit sky130_fd_sc_hd__a31oi_4 contains 8 device instances.
  Class: sky130_fd_pr__nfet_01v8 instances:   4
  Class: sky130_fd_pr__pfet_01v8_hvt instances:   4
Circuit contains 12 nets.
Contents of circuit 2:  Circuit: 'sky130_fd_sc_hd__a31oi_4'
Circuit sky130_fd_sc_hd__a31oi_4 contains 8 device instances.
  Class: sky130_fd_pr__nfet_01v8 instances:   4
  Class: sky130_fd_pr__pfet_01v8_hvt instances:   4
Circuit contains 12 nets.

Circuit 1 contains 8 devices, Circuit 2 contains 8 devices.
Circuit 1 contains 12 nets,    Circuit 2 contains 12 nets.


Contents of circuit 1:  Circuit: 'sky130_fd_sc_hd__a311o_2'
Circuit sky130_fd_sc_hd__a311o_2 contains 12 device instances.
  Class: sky130_fd_pr__nfet_01v8 instances:   6
  Class: sky130_fd_pr__pfet_01v8_hvt instances:   6
Circuit contains 15 nets.
Contents of circuit 2:  Circuit: 'sky130_fd_sc_hd__a311o_2'
Circuit sky130_fd_sc_hd__a311o_2 contains 14 device instances.
  Class: sky130_fd_pr__nfet_01v8 instances:   7
  Class: sky130_fd_pr__pfet_01v8_hvt instances:   7
Circuit contains 15 nets.

Circuit was modified by parallel/series device merging.
New circuit summary:

Contents of circuit 1:  Circuit: 'sky130_fd_sc_hd__a311o_2'
Circuit sky130_fd_sc_hd__a311o_2 contains 12 device instances.
  Class: sky130_fd_pr__nfet_01v8 instances:   6
  Class: sky130_fd_pr__pfet_01v8_hvt instances:   6
Circuit contains 15 nets.
Contents of circuit 2:  Circuit: 'sky130_fd_sc_hd__a311o_2'
Circuit sky130_fd_sc_hd__a311o_2 contains 12 device instances.
  Class: sky130_fd_pr__nfet_01v8 instances:   6
  Class: sky130_fd_pr__pfet_01v8_hvt instances:   6
Circuit contains 15 nets.

Circuit 1 contains 12 devices, Circuit 2 contains 12 devices.
Circuit 1 contains 15 nets,    Circuit 2 contains 15 nets.


Contents of circuit 1:  Circuit: 'user_project_wrapper'
Circuit user_project_wrapper contains 1172119 device instances.
  Class: sky130_fd_sc_hd__bufinv_16 instances:  52
  Class: sky130_fd_sc_hd__o2111ai_1 instances:   7
  Class: sky130_fd_sc_hd__o2111ai_2 instances:   4
  Class: sky130_fd_sc_hd__o2111ai_4 instances:   3
  Class: sky130_fd_sc_hd__a41o_1 instances:  86
  Class: sky130_fd_sc_hd__a41o_2 instances:   1
  Class: sky130_fd_sc_hd__a31o_1 instances: 322
  Class: sky130_fd_sc_hd__a31o_2 instances:   9
  Class: sky130_fd_sc_hd__a31o_4 instances:   1
  Class: sky130_fd_sc_hd__a21o_1 instances: 137
  Class: sky130_fd_sc_hd__a21o_2 instances:   1
  Class: sky130_fd_sc_hd__a2bb2oi_1 instances:   6
  Class: sky130_fd_sc_hd__o32ai_1 instances:   3
  Class: sky130_fd_sc_hd__clkbuf_16 instances: 143
  Class: sky130_fd_sc_hd__a32oi_1 instances:  31
  Class: sky130_fd_sc_hd__dfxtp_1 instances: 999
  Class: sky130_fd_sc_hd__a32oi_2 instances:  10
  Class: sky130_fd_sc_hd__dfxtp_2 instances:  10
  Class: sky130_fd_sc_hd__a32oi_4 instances:   6
  Class: sky130_fd_sc_hd__dfxtp_4 instances:  13
  Class: sky130_fd_sc_hd__o31ai_1 instances:  18
  Class: sky130_fd_sc_hd__or4_1 instances:  76
  Class: sky130_fd_sc_hd__or4_2 instances:  10
  Class: sky130_fd_sc_hd__or4_4 instances:  10
  Class: sky130_fd_sc_hd__a31oi_1 instances:  19
  Class: sky130_fd_sc_hd__buf_1 instances: 308
  Class: sky130_fd_sc_hd__nand4_1 instances: 332
  Class: sky130_fd_sc_hd__a31oi_4 instances:   1
  Class: sky130_fd_sc_hd__nand4_2 instances:  50
  Class: sky130_fd_sc_hd__buf_2 instances: 312
  Class: sky130_fd_sc_hd__nand4_4 instances:  25
  Class: sky130_fd_sc_hd__buf_4 instances: 714
  Class: sky130_fd_sc_hd__buf_6 instances:  77
  Class: sky130_fd_sc_hd__buf_8 instances:  68
  Class: sky130_fd_sc_hd__a2bb2o_1 instances:  67
  Class: sky130_fd_sc_hd__a2bb2o_4 instances:   2
  Class: sky130_fd_sc_hd__and3b_1 instances:  38
  Class: sky130_fd_sc_hd__and3b_2 instances:   4
  Class: sky130_fd_sc_hd__xor2_1 instances:  41
  Class: sky130_fd_sc_hd__o221ai_1 instances:   4
  Class: sky130_fd_sc_hd__o221ai_2 instances:   4
  Class: sky130_fd_sc_hd__mux4_1 instances: 181
  Class: sky130_fd_sc_hd__o221ai_4 instances:   4
  Class: sky130_fd_sc_hd__mux4_2 instances:  19
  Class: sky130_fd_sc_hd__dfstp_1 instances:  18
  Class: sky130_fd_sc_hd__dfstp_2 instances:   2
  Class: sky130_fd_sc_hd__dfstp_4 instances:   3
  Class: sky130_fd_sc_hd__dfrtp_1 instances: 2077
  Class: sky130_fd_sc_hd__dfrtp_2 instances: 176
  Class: sky130_fd_sc_hd__dfrtp_4 instances: 297
  Class: sky130_fd_sc_hd__and4_1 instances: 136
  Class: sky130_fd_sc_hd__and4_2 instances:  32
  Class: sky130_fd_sc_hd__and4_4 instances:  10
  Class: sky130_fd_sc_hd__inv_2 instances: 2730
  Class: sky130_fd_sc_hd__inv_4 instances:   2
  Class: sky130_fd_sc_hd__inv_6 instances:  17
  Class: sky130_fd_sc_hd__inv_8 instances:  13
  Class: sky130_fd_sc_hd__clkbuf_1 instances: 562
  Class: sky130_fd_sc_hd__clkbuf_2 instances: 305
  Class: sky130_fd_sc_hd__clkbuf_4 instances: 878
  Class: sky130_fd_sc_hd__clkbuf_8 instances: 1488
  Class: sky130_fd_sc_hd__or3_1 instances:  47
  Class: sky130_fd_sc_hd__or3_2 instances:  11
  Class: sky130_fd_sc_hd__or3_4 instances:  22
  Class: sky130_fd_sc_hd__nand3_1 instances:  60
  Class: sky130_fd_sc_hd__nand3_2 instances:  12
  Class: sky130_fd_sc_hd__nand3_4 instances:   9
  Class: sky130_fd_sc_hd__o21ba_1 instances:  18
  Class: sky130_fd_sc_hd__and2b_1 instances:  51
  Class: sky130_fd_sc_hd__and2b_2 instances:  18
  Class: sky130_fd_sc_hd__conb_1 instances: 166
  Class: sky130_fd_sc_hd__and2b_4 instances:   5
  Class: sky130_fd_sc_hd__a21boi_1 instances:  21
  Class: sky130_fd_sc_hd__a21boi_2 instances:   6
  Class: sky130_fd_sc_hd__nand4b_1 instances:  23
  Class: sky130_fd_sc_hd__nand4b_2 instances:   8
  Class: sky130_fd_sc_hd__nand4b_4 instances:   7
  Class: sky130_fd_sc_hd__buf_12 instances: 118
  Class: sky130_fd_sc_hd__a21bo_1 instances:  21
  Class: sky130_fd_sc_hd__a21bo_2 instances:   1
  Class: sky130_fd_sc_hd__a221oi_1 instances:  34
  Class: sky130_fd_sc_hd__a221oi_2 instances:   6
  Class: sky130_fd_sc_hd__a221oi_4 instances:   4
  Class: sky130_fd_sc_hd__clkinv_2 instances: 181
  Class: sky130_fd_sc_hd__clkinv_4 instances:  13
  Class: sky130_fd_sc_hd__clkinv_8 instances:   4
  Class: sky130_fd_sc_hd__and3_1 instances: 213
  Class: sky130_fd_sc_hd__and3_2 instances:  42
  Class: sky130_fd_sc_hd__and3_4 instances:  28
  Class: sky130_fd_sc_hd__a2111o_1 instances:  11
  Class: sky130_fd_sc_hd__decap_3 instances: 2572
  Class: sky130_fd_sc_hd__dlygate4sd3_1 instances: 5148
  Class: sky130_fd_sc_hd__or2_1 instances:  66
  Class: sky130_fd_sc_hd__or2_2 instances:   6
  Class: sky130_fd_sc_hd__or2_4 instances:   4
  Class: sky130_fd_sc_hd__a2111oi_1 instances:   4
  Class: sky130_fd_sc_hd__a2111oi_2 instances:   2
  Class: sky130_fd_sc_hd__a2111oi_4 instances:   3
  Class: sky130_fd_sc_hd__nand2_1 instances: 246
  Class: sky130_fd_sc_hd__nand2_2 instances:  17
  Class: sky130_fd_sc_hd__nand2_4 instances:  18
  Class: sky130_fd_sc_hd__nor4b_1 instances:  11
  Class: sky130_fd_sc_hd__nor4b_2 instances:   3
  Class: sky130_fd_sc_hd__nand2_8 instances:   2
  Class: sky130_fd_sc_hd__nor4b_4 instances:   1
  Class: sky130_fd_sc_hd__o311ai_1 instances:   1
  Class: sky130_fd_sc_hd__o311ai_2 instances:   3
  Class: sky130_fd_sc_hd__nand3b_1 instances:  18
  Class: sky130_fd_sc_hd__nand3b_2 instances:   6
  Class: sky130_fd_sc_hd__mux2_1 instances: 3131
  Class: sky130_fd_sc_hd__nand3b_4 instances:   2
  Class: sky130_fd_sc_hd__mux2_2 instances:   4
  Class: sky130_fd_sc_hd__mux2_4 instances:   2
  Class: sky130_fd_sc_hd__mux2_8 instances:   4
  Class: sky130_fd_sc_hd__o2bb2ai_1 instances:  15
  Class: sky130_fd_sc_hd__o2bb2ai_2 instances:   1
  Class: sky130_fd_sc_hd__a211oi_1 instances:  15
  Class: sky130_fd_sc_hd__and2_1 instances:  78
  Class: sky130_fd_sc_hd__and2_2 instances:  13
  Class: sky130_fd_sc_hd__or4b_1 instances:  25
  Class: sky130_fd_sc_hd__or4b_2 instances:   5
  Class: sky130_fd_sc_hd__or4b_4 instances:  16
  Class: sky130_fd_sc_hd__clkinvlp_4 instances:  30
  Class: sky130_fd_sc_hd__nor4_1 instances:  64
  Class: sky130_fd_sc_hd__nor4_2 instances:  10
  Class: sky130_fd_sc_hd__nor4_4 instances:   3
  Class: sky130_fd_sc_hd__inv_12 instances:   2
  Class: sky130_fd_sc_hd__o32a_1 instances:  27
  Class: sky130_fd_sc_hd__o22a_1 instances:  81
  Class: sky130_fd_sc_hd__o22a_2 instances:   2
  Class: sky130_fd_sc_hd__o22a_4 instances:   2
  Class: sky130_fd_sc_hd__xnor2_1 instances:  28
  Class: sky130_fd_sc_hd__nor3b_1 instances:  10
  Class: sky130_fd_sc_hd__o221a_1 instances:  99
  Class: sky130_fd_sc_hd__o221a_2 instances:   2
  Class: sky130_fd_sc_hd__o221a_4 instances:   1
  Class: sky130_fd_sc_hd__o21bai_1 instances:  17
  Class: sky130_fd_sc_hd__o21bai_2 instances:   1
  Class: sky130_fd_sc_hd__o211a_1 instances: 209
  Class: sky130_fd_sc_hd__o211a_2 instances:   5
  Class: sky130_fd_sc_hd__o211a_4 instances:   3
  Class: sky130_fd_sc_hd__nand2b_1 instances:  54
  Class: sky130_fd_sc_hd__nand2b_2 instances:  11
  Class: sky130_fd_sc_hd__a311oi_1 instances:   7
  Class: sky130_fd_sc_hd__nand2b_4 instances:  10
  Class: sky130_fd_sc_hd__diode_2 instances: 544
  Class: sky130_fd_sc_hd__a221o_1 instances: 133
  Class: sky130_fd_sc_hd__a221o_2 instances:   7
  Class: sky130_fd_sc_hd__a211o_1 instances:  53
  Class: sky130_fd_sc_hd__a211o_2 instances:   5
  Class: sky130_fd_sc_hd__a211o_4 instances:   2
  Class: sky130_fd_sc_hd__o2111a_1 instances:  12
  Class: sky130_fd_sc_hd__o2111a_2 instances:   1
  Class: sky130_fd_sc_hd__or3b_1 instances:  28
  Class: sky130_fd_sc_hd__or3b_2 instances:   7
  Class: sky130_fd_sc_hd__or3b_4 instances:   7
  Class: sky130_fd_sc_hd__dlymetal6s2s_1 instances:  46
  Class: sky130_fd_sc_hd__or4bb_1 instances:  12
  Class: sky130_fd_sc_hd__or4bb_2 instances:   3
  Class: sky130_fd_sc_hd__nor3_1 instances:  62
  Class: sky130_fd_sc_hd__nor3_2 instances:   2
  Class: sky130_fd_sc_hd__or4bb_4 instances:  10
  Class: sky130_fd_sc_hd__a32o_1 instances: 175
  Class: sky130_fd_sc_hd__a32o_2 instances:   2
  Class: sky130_fd_sc_hd__o41a_1 instances:  22
  Class: sky130_fd_sc_hd__a22o_1 instances: 220
  Class: sky130_fd_sc_hd__a22o_2 instances:   9
  Class: sky130_fd_sc_hd__a22o_4 instances:   2
  Class: sky130_fd_sc_hd__o31a_1 instances:  64
  Class: sky130_fd_sc_hd__o31a_2 instances:   2
  Class: sky130_fd_sc_hd__o31a_4 instances:   1
  Class: sky130_fd_sc_hd__o2bb2a_1 instances:  43
  Class: sky130_fd_sc_hd__o2bb2a_2 instances:   1
  Class: sky130_fd_sc_hd__o2bb2a_4 instances:   1
  Class: sky130_fd_sc_hd__o21a_1 instances: 183
  Class: sky130_fd_sc_hd__o41ai_1 instances:   2
  Class: sky130_fd_sc_hd__o21a_2 instances:   7
  Class: sky130_fd_sc_hd__o41ai_2 instances:   2
  Class: sky130_fd_sc_hd__o21a_4 instances:   5
  Class: sky130_fd_sc_hd__a41oi_1 instances:   6
  Class: sky130_fd_sc_hd__o311a_1 instances:  24
  Class: sky130_fd_sc_hd__o311a_2 instances:   2
  Class: sky130_fd_sc_hd__o311a_4 instances:   2
  Class: sky130_fd_sc_hd__o22ai_1 instances:  24
  Class: sky130_fd_sc_hd__o22ai_2 instances:   5
  Class: sky130_fd_sc_hd__o22ai_4 instances:   1
  Class: sky130_fd_sc_hd__a22oi_1 instances:  50
  Class: sky130_fd_sc_hd__a22oi_2 instances:  13
  Class: sky130_fd_sc_hd__and4b_1 instances:  57
  Class: sky130_fd_sc_hd__and4b_2 instances:  39
  Class: sky130_fd_sc_hd__a22oi_4 instances:   3
  Class: sky130_fd_sc_hd__o21ai_1 instances: 174
  Class: sky130_fd_sc_hd__o21ai_2 instances:   9
  Class: sky130_fd_sc_hd__tapvpwrvgnd_1 instances: 144900
  Class: sky130_fd_sc_hd__and4b_4 instances:   8
  Class: sky130_fd_sc_hd__o21ai_4 instances:   1
  Class: sky130_fd_sc_hd__a21oi_1 instances: 175
  Class: sky130_fd_sc_hd__a21oi_2 instances:   6
  Class: sky130_fd_sc_hd__a311o_1 instances:  12
  Class: sky130_fd_sc_hd__a311o_2 instances:   1
  Class: sky130_fd_sc_hd__fill_1 instances: 146865
  Class: sky130_fd_sc_hd__fill_2 instances: 145513
  Class: sky130_fd_sc_hd__fill_4 instances: 140602
  Class: sky130_fd_sc_hd__fill_8 instances: 8689
  Class: sky130_ef_sc_hd__decap_40_12 instances: 556721
  Class: sky130_fd_sc_hd__o211ai_1 instances:  21
  Class: sky130_fd_sc_hd__o211ai_2 instances:  14
  Class: sky130_fd_sc_hd__o211ai_4 instances:   2
  Class: sky130_fd_sc_hd__and4bb_1 instances:  26
  Class: sky130_fd_sc_hd__and4bb_2 instances:  13
  Class: sky130_fd_sc_hd__and4bb_4 instances:  12
  Class: sky130_fd_sc_hd__nor2_1 instances: 187
  Class: sky130_fd_sc_hd__nor2_2 instances:  10
  Class: sky130_fd_sc_hd__nor2_4 instances:   3
Circuit contains 25947 nets, and 337 disconnected pins.
Contents of circuit 2:  Circuit: 'user_project_wrapper'
Circuit user_project_wrapper contains 1172119 device instances.
  Class: sky130_fd_sc_hd__bufinv_16 instances:  52
  Class: sky130_fd_sc_hd__o2111ai_1 instances:   7
  Class: sky130_fd_sc_hd__o2111ai_2 instances:   4
  Class: sky130_fd_sc_hd__o2111ai_4 instances:   3
  Class: sky130_fd_sc_hd__a41o_1 instances:  86
  Class: sky130_fd_sc_hd__a41o_2 instances:   1
  Class: sky130_fd_sc_hd__a31o_1 instances: 322
  Class: sky130_fd_sc_hd__a31o_2 instances:   9
  Class: sky130_fd_sc_hd__a31o_4 instances:   1
  Class: sky130_fd_sc_hd__a21o_1 instances: 137
  Class: sky130_fd_sc_hd__a21o_2 instances:   1
  Class: sky130_fd_sc_hd__a2bb2oi_1 instances:   6
  Class: sky130_fd_sc_hd__o32ai_1 instances:   3
  Class: sky130_fd_sc_hd__clkbuf_16 instances: 143
  Class: sky130_fd_sc_hd__dfxtp_1 instances: 999
  Class: sky130_fd_sc_hd__a32oi_1 instances:  31
  Class: sky130_fd_sc_hd__dfxtp_2 instances:  10
  Class: sky130_fd_sc_hd__a32oi_2 instances:  10
  Class: sky130_fd_sc_hd__o31ai_1 instances:  18
  Class: sky130_fd_sc_hd__dfxtp_4 instances:  13
  Class: sky130_fd_sc_hd__a32oi_4 instances:   6
  Class: sky130_fd_sc_hd__or4_1 instances:  76
  Class: sky130_fd_sc_hd__or4_2 instances:  10
  Class: sky130_fd_sc_hd__or4_4 instances:  10
  Class: sky130_fd_sc_hd__a31oi_1 instances:  19
  Class: sky130_fd_sc_hd__nand4_1 instances: 332
  Class: sky130_fd_sc_hd__buf_1 instances: 308
  Class: sky130_fd_sc_hd__nand4_2 instances:  50
  Class: sky130_fd_sc_hd__buf_2 instances: 312
  Class: sky130_fd_sc_hd__a31oi_4 instances:   1
  Class: sky130_fd_sc_hd__nand4_4 instances:  25
  Class: sky130_fd_sc_hd__buf_4 instances: 714
  Class: sky130_fd_sc_hd__buf_6 instances:  77
  Class: sky130_fd_sc_hd__buf_8 instances:  68
  Class: sky130_fd_sc_hd__a2bb2o_1 instances:  67
  Class: sky130_fd_sc_hd__a2bb2o_4 instances:   2
  Class: sky130_fd_sc_hd__and3b_1 instances:  38
  Class: sky130_fd_sc_hd__and3b_2 instances:   4
  Class: sky130_fd_sc_hd__xor2_1 instances:  41
  Class: sky130_fd_sc_hd__o221ai_1 instances:   4
  Class: sky130_fd_sc_hd__o221ai_2 instances:   4
  Class: sky130_fd_sc_hd__mux4_1 instances: 181
  Class: sky130_fd_sc_hd__o221ai_4 instances:   4
  Class: sky130_fd_sc_hd__mux4_2 instances:  19
  Class: sky130_fd_sc_hd__dfstp_1 instances:  18
  Class: sky130_fd_sc_hd__dfstp_2 instances:   2
  Class: sky130_fd_sc_hd__dfstp_4 instances:   3
  Class: sky130_fd_sc_hd__dfrtp_1 instances: 2077
  Class: sky130_fd_sc_hd__dfrtp_2 instances: 176
  Class: sky130_fd_sc_hd__dfrtp_4 instances: 297
  Class: sky130_fd_sc_hd__and4_1 instances: 136
  Class: sky130_fd_sc_hd__and4_2 instances:  32
  Class: sky130_fd_sc_hd__and4_4 instances:  10
  Class: sky130_fd_sc_hd__inv_2 instances: 2730
  Class: sky130_fd_sc_hd__inv_4 instances:   2
  Class: sky130_fd_sc_hd__inv_6 instances:  17
  Class: sky130_fd_sc_hd__inv_8 instances:  13
  Class: sky130_fd_sc_hd__clkbuf_1 instances: 562
  Class: sky130_fd_sc_hd__clkbuf_2 instances: 305
  Class: sky130_fd_sc_hd__clkbuf_4 instances: 878
  Class: sky130_fd_sc_hd__clkbuf_8 instances: 1488
  Class: sky130_fd_sc_hd__or3_1 instances:  47
  Class: sky130_fd_sc_hd__or3_2 instances:  11
  Class: sky130_fd_sc_hd__or3_4 instances:  22
  Class: sky130_fd_sc_hd__nand3_1 instances:  60
  Class: sky130_fd_sc_hd__nand3_2 instances:  12
  Class: sky130_fd_sc_hd__nand3_4 instances:   9
  Class: sky130_fd_sc_hd__o21ba_1 instances:  18
  Class: sky130_fd_sc_hd__and2b_1 instances:  51
  Class: sky130_fd_sc_hd__conb_1 instances: 166
  Class: sky130_fd_sc_hd__and2b_2 instances:  18
  Class: sky130_fd_sc_hd__and2b_4 instances:   5
  Class: sky130_fd_sc_hd__a21boi_1 instances:  21
  Class: sky130_fd_sc_hd__a21boi_2 instances:   6
  Class: sky130_fd_sc_hd__nand4b_1 instances:  23
  Class: sky130_fd_sc_hd__nand4b_2 instances:   8
  Class: sky130_fd_sc_hd__nand4b_4 instances:   7
  Class: sky130_fd_sc_hd__buf_12 instances: 118
  Class: sky130_fd_sc_hd__a21bo_1 instances:  21
  Class: sky130_fd_sc_hd__a21bo_2 instances:   1
  Class: sky130_fd_sc_hd__a221oi_1 instances:  34
  Class: sky130_fd_sc_hd__a221oi_2 instances:   6
  Class: sky130_fd_sc_hd__a221oi_4 instances:   4
  Class: sky130_fd_sc_hd__clkinv_2 instances: 181
  Class: sky130_fd_sc_hd__clkinv_4 instances:  13
  Class: sky130_fd_sc_hd__clkinv_8 instances:   4
  Class: sky130_fd_sc_hd__and3_1 instances: 213
  Class: sky130_fd_sc_hd__and3_2 instances:  42
  Class: sky130_fd_sc_hd__and3_4 instances:  28
  Class: sky130_fd_sc_hd__a2111o_1 instances:  11
  Class: sky130_fd_sc_hd__decap_3 instances: 2572
  Class: sky130_fd_sc_hd__dlygate4sd3_1 instances: 5148
  Class: sky130_fd_sc_hd__or2_1 instances:  66
  Class: sky130_fd_sc_hd__or2_2 instances:   6
  Class: sky130_fd_sc_hd__or2_4 instances:   4
  Class: sky130_fd_sc_hd__a2111oi_1 instances:   4
  Class: sky130_fd_sc_hd__a2111oi_2 instances:   2
  Class: sky130_fd_sc_hd__a2111oi_4 instances:   3
  Class: sky130_fd_sc_hd__nand2_1 instances: 246
  Class: sky130_fd_sc_hd__nand2_2 instances:  17
  Class: sky130_fd_sc_hd__nand2_4 instances:  18
  Class: sky130_fd_sc_hd__nor4b_1 instances:  11
  Class: sky130_fd_sc_hd__nor4b_2 instances:   3
  Class: sky130_fd_sc_hd__nand2_8 instances:   2
  Class: sky130_fd_sc_hd__nor4b_4 instances:   1
  Class: sky130_fd_sc_hd__o311ai_1 instances:   1
  Class: sky130_fd_sc_hd__o311ai_2 instances:   3
  Class: sky130_fd_sc_hd__nand3b_1 instances:  18
  Class: sky130_fd_sc_hd__nand3b_2 instances:   6
  Class: sky130_fd_sc_hd__mux2_1 instances: 3131
  Class: sky130_fd_sc_hd__nand3b_4 instances:   2
  Class: sky130_fd_sc_hd__mux2_2 instances:   4
  Class: sky130_fd_sc_hd__mux2_4 instances:   2
  Class: sky130_fd_sc_hd__mux2_8 instances:   4
  Class: sky130_fd_sc_hd__o2bb2ai_1 instances:  15
  Class: sky130_fd_sc_hd__o2bb2ai_2 instances:   1
  Class: sky130_fd_sc_hd__and2_1 instances:  78
  Class: sky130_fd_sc_hd__a211oi_1 instances:  15
  Class: sky130_fd_sc_hd__and2_2 instances:  13
  Class: sky130_fd_sc_hd__or4b_1 instances:  25
  Class: sky130_fd_sc_hd__or4b_2 instances:   5
  Class: sky130_fd_sc_hd__or4b_4 instances:  16
  Class: sky130_fd_sc_hd__clkinvlp_4 instances:  30
  Class: sky130_fd_sc_hd__nor4_1 instances:  64
  Class: sky130_fd_sc_hd__nor4_2 instances:  10
  Class: sky130_fd_sc_hd__nor4_4 instances:   3
  Class: sky130_fd_sc_hd__inv_12 instances:   2
  Class: sky130_fd_sc_hd__o32a_1 instances:  27
  Class: sky130_fd_sc_hd__o22a_1 instances:  81
  Class: sky130_fd_sc_hd__o22a_2 instances:   2
  Class: sky130_fd_sc_hd__o22a_4 instances:   2
  Class: sky130_fd_sc_hd__xnor2_1 instances:  28
  Class: sky130_fd_sc_hd__nor3b_1 instances:  10
  Class: sky130_fd_sc_hd__o221a_1 instances:  99
  Class: sky130_fd_sc_hd__o221a_2 instances:   2
  Class: sky130_fd_sc_hd__o221a_4 instances:   1
  Class: sky130_fd_sc_hd__o21bai_1 instances:  17
  Class: sky130_fd_sc_hd__o21bai_2 instances:   1
  Class: sky130_fd_sc_hd__o211a_1 instances: 209
  Class: sky130_fd_sc_hd__o211a_2 instances:   5
  Class: sky130_fd_sc_hd__o211a_4 instances:   3
  Class: sky130_fd_sc_hd__nand2b_1 instances:  54
  Class: sky130_fd_sc_hd__nand2b_2 instances:  11
  Class: sky130_fd_sc_hd__nand2b_4 instances:  10
  Class: sky130_fd_sc_hd__diode_2 instances: 544
  Class: sky130_fd_sc_hd__a311oi_1 instances:   7
  Class: sky130_fd_sc_hd__a221o_1 instances: 133
  Class: sky130_fd_sc_hd__a221o_2 instances:   7
  Class: sky130_fd_sc_hd__a211o_1 instances:  53
  Class: sky130_fd_sc_hd__a211o_2 instances:   5
  Class: sky130_fd_sc_hd__a211o_4 instances:   2
  Class: sky130_fd_sc_hd__o2111a_1 instances:  12
  Class: sky130_fd_sc_hd__o2111a_2 instances:   1
  Class: sky130_fd_sc_hd__or3b_1 instances:  28
  Class: sky130_fd_sc_hd__or3b_2 instances:   7
  Class: sky130_fd_sc_hd__or3b_4 instances:   7
  Class: sky130_fd_sc_hd__dlymetal6s2s_1 instances:  46
  Class: sky130_fd_sc_hd__or4bb_1 instances:  12
  Class: sky130_fd_sc_hd__or4bb_2 instances:   3
  Class: sky130_fd_sc_hd__nor3_1 instances:  62
  Class: sky130_fd_sc_hd__nor3_2 instances:   2
  Class: sky130_fd_sc_hd__or4bb_4 instances:  10
  Class: sky130_fd_sc_hd__a32o_1 instances: 175
  Class: sky130_fd_sc_hd__a32o_2 instances:   2
  Class: sky130_fd_sc_hd__o41a_1 instances:  22
  Class: sky130_fd_sc_hd__a22o_1 instances: 220
  Class: sky130_fd_sc_hd__a22o_2 instances:   9
  Class: sky130_fd_sc_hd__a22o_4 instances:   2
  Class: sky130_fd_sc_hd__o31a_1 instances:  64
  Class: sky130_fd_sc_hd__o31a_2 instances:   2
  Class: sky130_fd_sc_hd__o31a_4 instances:   1
  Class: sky130_fd_sc_hd__o2bb2a_1 instances:  43
  Class: sky130_fd_sc_hd__o2bb2a_2 instances:   1
  Class: sky130_fd_sc_hd__o2bb2a_4 instances:   1
  Class: sky130_fd_sc_hd__o21a_1 instances: 183
  Class: sky130_fd_sc_hd__o41ai_1 instances:   2
  Class: sky130_fd_sc_hd__o21a_2 instances:   7
  Class: sky130_fd_sc_hd__o41ai_2 instances:   2
  Class: sky130_fd_sc_hd__o21a_4 instances:   5
  Class: sky130_fd_sc_hd__a41oi_1 instances:   6
  Class: sky130_fd_sc_hd__o311a_1 instances:  24
  Class: sky130_fd_sc_hd__o311a_2 instances:   2
  Class: sky130_fd_sc_hd__o311a_4 instances:   2
  Class: sky130_fd_sc_hd__o22ai_1 instances:  24
  Class: sky130_fd_sc_hd__o22ai_2 instances:   5
  Class: sky130_fd_sc_hd__o22ai_4 instances:   1
  Class: sky130_fd_sc_hd__a22oi_1 instances:  50
  Class: sky130_fd_sc_hd__a22oi_2 instances:  13
  Class: sky130_fd_sc_hd__and4b_1 instances:  57
  Class: sky130_fd_sc_hd__o21ai_1 instances: 174
  Class: sky130_fd_sc_hd__and4b_2 instances:  39
  Class: sky130_fd_sc_hd__a22oi_4 instances:   3
  Class: sky130_fd_sc_hd__tapvpwrvgnd_1 instances: 144900
  Class: sky130_fd_sc_hd__o21ai_2 instances:   9
  Class: sky130_fd_sc_hd__and4b_4 instances:   8
  Class: sky130_fd_sc_hd__o21ai_4 instances:   1
  Class: sky130_fd_sc_hd__a21oi_1 instances: 175
  Class: sky130_fd_sc_hd__a21oi_2 instances:   6
  Class: sky130_fd_sc_hd__a311o_1 instances:  12
  Class: sky130_fd_sc_hd__a311o_2 instances:   1
  Class: sky130_fd_sc_hd__fill_1 instances: 146865
  Class: sky130_fd_sc_hd__fill_2 instances: 145513
  Class: sky130_fd_sc_hd__fill_4 instances: 140602
  Class: sky130_fd_sc_hd__fill_8 instances: 8689
  Class: sky130_ef_sc_hd__decap_40_12 instances: 556721
  Class: sky130_fd_sc_hd__o211ai_1 instances:  21
  Class: sky130_fd_sc_hd__o211ai_2 instances:  14
  Class: sky130_fd_sc_hd__o211ai_4 instances:   2
  Class: sky130_fd_sc_hd__and4bb_1 instances:  26
  Class: sky130_fd_sc_hd__and4bb_2 instances:  13
  Class: sky130_fd_sc_hd__and4bb_4 instances:  12
  Class: sky130_fd_sc_hd__nor2_1 instances: 187
  Class: sky130_fd_sc_hd__nor2_2 instances:  10
  Class: sky130_fd_sc_hd__nor2_4 instances:   3
Circuit contains 25947 nets, and 337 disconnected pins.

Circuit was modified by parallel/series device merging.
New circuit summary:

Contents of circuit 1:  Circuit: 'user_project_wrapper'
Circuit user_project_wrapper contains 26041 device instances.
  Class: sky130_fd_sc_hd__bufinv_16 instances:  52
  Class: sky130_fd_sc_hd__o2111ai_1 instances:   7
  Class: sky130_fd_sc_hd__o2111ai_2 instances:   4
  Class: sky130_fd_sc_hd__o2111ai_4 instances:   3
  Class: sky130_fd_sc_hd__a41o_1 instances:  86
  Class: sky130_fd_sc_hd__a41o_2 instances:   1
  Class: sky130_fd_sc_hd__a31o_1 instances: 322
  Class: sky130_fd_sc_hd__a31o_2 instances:   9
  Class: sky130_fd_sc_hd__a31o_4 instances:   1
  Class: sky130_fd_sc_hd__a21o_1 instances: 137
  Class: sky130_fd_sc_hd__a21o_2 instances:   1
  Class: sky130_fd_sc_hd__a2bb2oi_1 instances:   6
  Class: sky130_fd_sc_hd__o32ai_1 instances:   3
  Class: sky130_fd_sc_hd__clkbuf_16 instances: 143
  Class: sky130_fd_sc_hd__a32oi_1 instances:  31
  Class: sky130_fd_sc_hd__dfxtp_1 instances: 999
  Class: sky130_fd_sc_hd__a32oi_2 instances:  10
  Class: sky130_fd_sc_hd__dfxtp_2 instances:  10
  Class: sky130_fd_sc_hd__a32oi_4 instances:   6
  Class: sky130_fd_sc_hd__dfxtp_4 instances:  13
  Class: sky130_fd_sc_hd__o31ai_1 instances:  18
  Class: sky130_fd_sc_hd__or4_1 instances:  76
  Class: sky130_fd_sc_hd__or4_2 instances:  10
  Class: sky130_fd_sc_hd__or4_4 instances:  10
  Class: sky130_fd_sc_hd__a31oi_1 instances:  19
  Class: sky130_fd_sc_hd__buf_1 instances: 308
  Class: sky130_fd_sc_hd__nand4_1 instances: 332
  Class: sky130_fd_sc_hd__a31oi_4 instances:   1
  Class: sky130_fd_sc_hd__nand4_2 instances:  50
  Class: sky130_fd_sc_hd__buf_2 instances: 312
  Class: sky130_fd_sc_hd__nand4_4 instances:  25
  Class: sky130_fd_sc_hd__buf_4 instances: 714
  Class: sky130_fd_sc_hd__buf_6 instances:  77
  Class: sky130_fd_sc_hd__buf_8 instances:  68
  Class: sky130_fd_sc_hd__a2bb2o_1 instances:  67
  Class: sky130_fd_sc_hd__a2bb2o_4 instances:   2
  Class: sky130_fd_sc_hd__and3b_1 instances:  38
  Class: sky130_fd_sc_hd__and3b_2 instances:   4
  Class: sky130_fd_sc_hd__xor2_1 instances:  41
  Class: sky130_fd_sc_hd__o221ai_1 instances:   4
  Class: sky130_fd_sc_hd__o221ai_2 instances:   4
  Class: sky130_fd_sc_hd__mux4_1 instances: 181
  Class: sky130_fd_sc_hd__o221ai_4 instances:   4
  Class: sky130_fd_sc_hd__mux4_2 instances:  19
  Class: sky130_fd_sc_hd__dfstp_1 instances:  18
  Class: sky130_fd_sc_hd__dfstp_2 instances:   2
  Class: sky130_fd_sc_hd__dfstp_4 instances:   3
  Class: sky130_fd_sc_hd__dfrtp_1 instances: 2077
  Class: sky130_fd_sc_hd__dfrtp_2 instances: 176
  Class: sky130_fd_sc_hd__dfrtp_4 instances: 297
  Class: sky130_fd_sc_hd__and4_1 instances: 136
  Class: sky130_fd_sc_hd__and4_2 instances:  32
  Class: sky130_fd_sc_hd__and4_4 instances:  10
  Class: sky130_fd_sc_hd__inv_2 instances: 2730
  Class: sky130_fd_sc_hd__inv_4 instances:   2
  Class: sky130_fd_sc_hd__inv_6 instances:  17
  Class: sky130_fd_sc_hd__inv_8 instances:  13
  Class: sky130_fd_sc_hd__clkbuf_1 instances: 562
  Class: sky130_fd_sc_hd__clkbuf_2 instances: 305
  Class: sky130_fd_sc_hd__clkbuf_4 instances: 878
  Class: sky130_fd_sc_hd__clkbuf_8 instances: 1488
  Class: sky130_fd_sc_hd__or3_1 instances:  47
  Class: sky130_fd_sc_hd__or3_2 instances:  11
  Class: sky130_fd_sc_hd__or3_4 instances:  22
  Class: sky130_fd_sc_hd__nand3_1 instances:  60
  Class: sky130_fd_sc_hd__nand3_2 instances:  12
  Class: sky130_fd_sc_hd__nand3_4 instances:   9
  Class: sky130_fd_sc_hd__o21ba_1 instances:  18
  Class: sky130_fd_sc_hd__and2b_1 instances:  51
  Class: sky130_fd_sc_hd__and2b_2 instances:  18
  Class: sky130_fd_sc_hd__conb_1 instances: 166
  Class: sky130_fd_sc_hd__and2b_4 instances:   5
  Class: sky130_fd_sc_hd__a21boi_1 instances:  21
  Class: sky130_fd_sc_hd__a21boi_2 instances:   6
  Class: sky130_fd_sc_hd__nand4b_1 instances:  23
  Class: sky130_fd_sc_hd__nand4b_2 instances:   8
  Class: sky130_fd_sc_hd__nand4b_4 instances:   7
  Class: sky130_fd_sc_hd__buf_12 instances: 118
  Class: sky130_fd_sc_hd__a21bo_1 instances:  21
  Class: sky130_fd_sc_hd__a21bo_2 instances:   1
  Class: sky130_fd_sc_hd__a221oi_1 instances:  34
  Class: sky130_fd_sc_hd__a221oi_2 instances:   6
  Class: sky130_fd_sc_hd__a221oi_4 instances:   4
  Class: sky130_fd_sc_hd__clkinv_2 instances: 181
  Class: sky130_fd_sc_hd__clkinv_4 instances:  13
  Class: sky130_fd_sc_hd__clkinv_8 instances:   4
  Class: sky130_fd_sc_hd__and3_1 instances: 213
  Class: sky130_fd_sc_hd__and3_2 instances:  42
  Class: sky130_fd_sc_hd__and3_4 instances:  28
  Class: sky130_fd_sc_hd__a2111o_1 instances:  11
  Class: sky130_fd_sc_hd__decap_3 instances:   1
  Class: sky130_fd_sc_hd__dlygate4sd3_1 instances: 5148
  Class: sky130_fd_sc_hd__or2_1 instances:  66
  Class: sky130_fd_sc_hd__or2_2 instances:   6
  Class: sky130_fd_sc_hd__or2_4 instances:   4
  Class: sky130_fd_sc_hd__a2111oi_1 instances:   4
  Class: sky130_fd_sc_hd__a2111oi_2 instances:   2
  Class: sky130_fd_sc_hd__a2111oi_4 instances:   3
  Class: sky130_fd_sc_hd__nand2_1 instances: 246
  Class: sky130_fd_sc_hd__nand2_2 instances:  17
  Class: sky130_fd_sc_hd__nand2_4 instances:  18
  Class: sky130_fd_sc_hd__nor4b_1 instances:  11
  Class: sky130_fd_sc_hd__nor4b_2 instances:   3
  Class: sky130_fd_sc_hd__nand2_8 instances:   2
  Class: sky130_fd_sc_hd__nor4b_4 instances:   1
  Class: sky130_fd_sc_hd__o311ai_1 instances:   1
  Class: sky130_fd_sc_hd__o311ai_2 instances:   3
  Class: sky130_fd_sc_hd__nand3b_1 instances:  18
  Class: sky130_fd_sc_hd__nand3b_2 instances:   6
  Class: sky130_fd_sc_hd__mux2_1 instances: 3131
  Class: sky130_fd_sc_hd__nand3b_4 instances:   2
  Class: sky130_fd_sc_hd__mux2_2 instances:   4
  Class: sky130_fd_sc_hd__mux2_4 instances:   2
  Class: sky130_fd_sc_hd__mux2_8 instances:   4
  Class: sky130_fd_sc_hd__o2bb2ai_1 instances:  15
  Class: sky130_fd_sc_hd__o2bb2ai_2 instances:   1
  Class: sky130_fd_sc_hd__a211oi_1 instances:  15
  Class: sky130_fd_sc_hd__and2_1 instances:  78
  Class: sky130_fd_sc_hd__and2_2 instances:  13
  Class: sky130_fd_sc_hd__or4b_1 instances:  25
  Class: sky130_fd_sc_hd__or4b_2 instances:   5
  Class: sky130_fd_sc_hd__or4b_4 instances:  16
  Class: sky130_fd_sc_hd__clkinvlp_4 instances:  30
  Class: sky130_fd_sc_hd__nor4_1 instances:  64
  Class: sky130_fd_sc_hd__nor4_2 instances:  10
  Class: sky130_fd_sc_hd__nor4_4 instances:   3
  Class: sky130_fd_sc_hd__inv_12 instances:   2
  Class: sky130_fd_sc_hd__o32a_1 instances:  27
  Class: sky130_fd_sc_hd__o22a_1 instances:  81
  Class: sky130_fd_sc_hd__o22a_2 instances:   2
  Class: sky130_fd_sc_hd__o22a_4 instances:   2
  Class: sky130_fd_sc_hd__xnor2_1 instances:  28
  Class: sky130_fd_sc_hd__nor3b_1 instances:  10
  Class: sky130_fd_sc_hd__o221a_1 instances:  99
  Class: sky130_fd_sc_hd__o221a_2 instances:   2
  Class: sky130_fd_sc_hd__o221a_4 instances:   1
  Class: sky130_fd_sc_hd__o21bai_1 instances:  17
  Class: sky130_fd_sc_hd__o21bai_2 instances:   1
  Class: sky130_fd_sc_hd__o211a_1 instances: 209
  Class: sky130_fd_sc_hd__o211a_2 instances:   5
  Class: sky130_fd_sc_hd__o211a_4 instances:   3
  Class: sky130_fd_sc_hd__nand2b_1 instances:  54
  Class: sky130_fd_sc_hd__nand2b_2 instances:  11
  Class: sky130_fd_sc_hd__a311oi_1 instances:   7
  Class: sky130_fd_sc_hd__nand2b_4 instances:  10
  Class: sky130_fd_sc_hd__diode_2 instances: 321
  Class: sky130_fd_sc_hd__a221o_1 instances: 133
  Class: sky130_fd_sc_hd__a221o_2 instances:   7
  Class: sky130_fd_sc_hd__a211o_1 instances:  53
  Class: sky130_fd_sc_hd__a211o_2 instances:   5
  Class: sky130_fd_sc_hd__a211o_4 instances:   2
  Class: sky130_fd_sc_hd__o2111a_1 instances:  12
  Class: sky130_fd_sc_hd__o2111a_2 instances:   1
  Class: sky130_fd_sc_hd__or3b_1 instances:  28
  Class: sky130_fd_sc_hd__or3b_2 instances:   7
  Class: sky130_fd_sc_hd__or3b_4 instances:   7
  Class: sky130_fd_sc_hd__dlymetal6s2s_1 instances:  46
  Class: sky130_fd_sc_hd__or4bb_1 instances:  12
  Class: sky130_fd_sc_hd__or4bb_2 instances:   3
  Class: sky130_fd_sc_hd__nor3_1 instances:  62
  Class: sky130_fd_sc_hd__nor3_2 instances:   2
  Class: sky130_fd_sc_hd__or4bb_4 instances:  10
  Class: sky130_fd_sc_hd__a32o_1 instances: 175
  Class: sky130_fd_sc_hd__a32o_2 instances:   2
  Class: sky130_fd_sc_hd__o41a_1 instances:  22
  Class: sky130_fd_sc_hd__a22o_1 instances: 220
  Class: sky130_fd_sc_hd__a22o_2 instances:   9
  Class: sky130_fd_sc_hd__a22o_4 instances:   2
  Class: sky130_fd_sc_hd__o31a_1 instances:  64
  Class: sky130_fd_sc_hd__o31a_2 instances:   2
  Class: sky130_fd_sc_hd__o31a_4 instances:   1
  Class: sky130_fd_sc_hd__o2bb2a_1 instances:  43
  Class: sky130_fd_sc_hd__o2bb2a_2 instances:   1
  Class: sky130_fd_sc_hd__o2bb2a_4 instances:   1
  Class: sky130_fd_sc_hd__o21a_1 instances: 183
  Class: sky130_fd_sc_hd__o41ai_1 instances:   2
  Class: sky130_fd_sc_hd__o21a_2 instances:   7
  Class: sky130_fd_sc_hd__o41ai_2 instances:   2
  Class: sky130_fd_sc_hd__o21a_4 instances:   5
  Class: sky130_fd_sc_hd__a41oi_1 instances:   6
  Class: sky130_fd_sc_hd__o311a_1 instances:  24
  Class: sky130_fd_sc_hd__o311a_2 instances:   2
  Class: sky130_fd_sc_hd__o311a_4 instances:   2
  Class: sky130_fd_sc_hd__o22ai_1 instances:  24
  Class: sky130_fd_sc_hd__o22ai_2 instances:   5
  Class: sky130_fd_sc_hd__o22ai_4 instances:   1
  Class: sky130_fd_sc_hd__a22oi_1 instances:  50
  Class: sky130_fd_sc_hd__a22oi_2 instances:  13
  Class: sky130_fd_sc_hd__and4b_1 instances:  57
  Class: sky130_fd_sc_hd__and4b_2 instances:  39
  Class: sky130_fd_sc_hd__a22oi_4 instances:   3
  Class: sky130_fd_sc_hd__o21ai_1 instances: 174
  Class: sky130_fd_sc_hd__o21ai_2 instances:   9
  Class: sky130_fd_sc_hd__tapvpwrvgnd_1 instances:   1
  Class: sky130_fd_sc_hd__and4b_4 instances:   8
  Class: sky130_fd_sc_hd__o21ai_4 instances:   1
  Class: sky130_fd_sc_hd__a21oi_1 instances: 175
  Class: sky130_fd_sc_hd__a21oi_2 instances:   6
  Class: sky130_fd_sc_hd__a311o_1 instances:  12
  Class: sky130_fd_sc_hd__a311o_2 instances:   1
  Class: sky130_fd_sc_hd__fill_1 instances:   1
  Class: sky130_fd_sc_hd__fill_2 instances:   1
  Class: sky130_fd_sc_hd__fill_4 instances:   1
  Class: sky130_fd_sc_hd__fill_8 instances:   1
  Class: sky130_ef_sc_hd__decap_40_12 instances:   1
  Class: sky130_fd_sc_hd__o211ai_1 instances:  21
  Class: sky130_fd_sc_hd__o211ai_2 instances:  14
  Class: sky130_fd_sc_hd__o211ai_4 instances:   2
  Class: sky130_fd_sc_hd__and4bb_1 instances:  26
  Class: sky130_fd_sc_hd__and4bb_2 instances:  13
  Class: sky130_fd_sc_hd__and4bb_4 instances:  12
  Class: sky130_fd_sc_hd__nor2_1 instances: 187
  Class: sky130_fd_sc_hd__nor2_2 instances:  10
  Class: sky130_fd_sc_hd__nor2_4 instances:   3
Circuit contains 25947 nets, and 337 disconnected pins.
Contents of circuit 2:  Circuit: 'user_project_wrapper'
Circuit user_project_wrapper contains 26041 device instances.
  Class: sky130_fd_sc_hd__bufinv_16 instances:  52
  Class: sky130_fd_sc_hd__o2111ai_1 instances:   7
  Class: sky130_fd_sc_hd__o2111ai_2 instances:   4
  Class: sky130_fd_sc_hd__o2111ai_4 instances:   3
  Class: sky130_fd_sc_hd__a41o_1 instances:  86
  Class: sky130_fd_sc_hd__a41o_2 instances:   1
  Class: sky130_fd_sc_hd__a31o_1 instances: 322
  Class: sky130_fd_sc_hd__a31o_2 instances:   9
  Class: sky130_fd_sc_hd__a31o_4 instances:   1
  Class: sky130_fd_sc_hd__a21o_1 instances: 137
  Class: sky130_fd_sc_hd__a21o_2 instances:   1
  Class: sky130_fd_sc_hd__a2bb2oi_1 instances:   6
  Class: sky130_fd_sc_hd__o32ai_1 instances:   3
  Class: sky130_fd_sc_hd__clkbuf_16 instances: 143
  Class: sky130_fd_sc_hd__dfxtp_1 instances: 999
  Class: sky130_fd_sc_hd__a32oi_1 instances:  31
  Class: sky130_fd_sc_hd__dfxtp_2 instances:  10
  Class: sky130_fd_sc_hd__a32oi_2 instances:  10
  Class: sky130_fd_sc_hd__o31ai_1 instances:  18
  Class: sky130_fd_sc_hd__dfxtp_4 instances:  13
  Class: sky130_fd_sc_hd__a32oi_4 instances:   6
  Class: sky130_fd_sc_hd__or4_1 instances:  76
  Class: sky130_fd_sc_hd__or4_2 instances:  10
  Class: sky130_fd_sc_hd__or4_4 instances:  10
  Class: sky130_fd_sc_hd__a31oi_1 instances:  19
  Class: sky130_fd_sc_hd__nand4_1 instances: 332
  Class: sky130_fd_sc_hd__buf_1 instances: 308
  Class: sky130_fd_sc_hd__nand4_2 instances:  50
  Class: sky130_fd_sc_hd__buf_2 instances: 312
  Class: sky130_fd_sc_hd__a31oi_4 instances:   1
  Class: sky130_fd_sc_hd__nand4_4 instances:  25
  Class: sky130_fd_sc_hd__buf_4 instances: 714
  Class: sky130_fd_sc_hd__buf_6 instances:  77
  Class: sky130_fd_sc_hd__buf_8 instances:  68
  Class: sky130_fd_sc_hd__a2bb2o_1 instances:  67
  Class: sky130_fd_sc_hd__a2bb2o_4 instances:   2
  Class: sky130_fd_sc_hd__and3b_1 instances:  38
  Class: sky130_fd_sc_hd__and3b_2 instances:   4
  Class: sky130_fd_sc_hd__xor2_1 instances:  41
  Class: sky130_fd_sc_hd__o221ai_1 instances:   4
  Class: sky130_fd_sc_hd__o221ai_2 instances:   4
  Class: sky130_fd_sc_hd__mux4_1 instances: 181
  Class: sky130_fd_sc_hd__o221ai_4 instances:   4
  Class: sky130_fd_sc_hd__mux4_2 instances:  19
  Class: sky130_fd_sc_hd__dfstp_1 instances:  18
  Class: sky130_fd_sc_hd__dfstp_2 instances:   2
  Class: sky130_fd_sc_hd__dfstp_4 instances:   3
  Class: sky130_fd_sc_hd__dfrtp_1 instances: 2077
  Class: sky130_fd_sc_hd__dfrtp_2 instances: 176
  Class: sky130_fd_sc_hd__dfrtp_4 instances: 297
  Class: sky130_fd_sc_hd__and4_1 instances: 136
  Class: sky130_fd_sc_hd__and4_2 instances:  32
  Class: sky130_fd_sc_hd__and4_4 instances:  10
  Class: sky130_fd_sc_hd__inv_2 instances: 2730
  Class: sky130_fd_sc_hd__inv_4 instances:   2
  Class: sky130_fd_sc_hd__inv_6 instances:  17
  Class: sky130_fd_sc_hd__inv_8 instances:  13
  Class: sky130_fd_sc_hd__clkbuf_1 instances: 562
  Class: sky130_fd_sc_hd__clkbuf_2 instances: 305
  Class: sky130_fd_sc_hd__clkbuf_4 instances: 878
  Class: sky130_fd_sc_hd__clkbuf_8 instances: 1488
  Class: sky130_fd_sc_hd__or3_1 instances:  47
  Class: sky130_fd_sc_hd__or3_2 instances:  11
  Class: sky130_fd_sc_hd__or3_4 instances:  22
  Class: sky130_fd_sc_hd__nand3_1 instances:  60
  Class: sky130_fd_sc_hd__nand3_2 instances:  12
  Class: sky130_fd_sc_hd__nand3_4 instances:   9
  Class: sky130_fd_sc_hd__o21ba_1 instances:  18
  Class: sky130_fd_sc_hd__and2b_1 instances:  51
  Class: sky130_fd_sc_hd__conb_1 instances: 166
  Class: sky130_fd_sc_hd__and2b_2 instances:  18
  Class: sky130_fd_sc_hd__and2b_4 instances:   5
  Class: sky130_fd_sc_hd__a21boi_1 instances:  21
  Class: sky130_fd_sc_hd__a21boi_2 instances:   6
  Class: sky130_fd_sc_hd__nand4b_1 instances:  23
  Class: sky130_fd_sc_hd__nand4b_2 instances:   8
  Class: sky130_fd_sc_hd__nand4b_4 instances:   7
  Class: sky130_fd_sc_hd__buf_12 instances: 118
  Class: sky130_fd_sc_hd__a21bo_1 instances:  21
  Class: sky130_fd_sc_hd__a21bo_2 instances:   1
  Class: sky130_fd_sc_hd__a221oi_1 instances:  34
  Class: sky130_fd_sc_hd__a221oi_2 instances:   6
  Class: sky130_fd_sc_hd__a221oi_4 instances:   4
  Class: sky130_fd_sc_hd__clkinv_2 instances: 181
  Class: sky130_fd_sc_hd__clkinv_4 instances:  13
  Class: sky130_fd_sc_hd__clkinv_8 instances:   4
  Class: sky130_fd_sc_hd__and3_1 instances: 213
  Class: sky130_fd_sc_hd__and3_2 instances:  42
  Class: sky130_fd_sc_hd__and3_4 instances:  28
  Class: sky130_fd_sc_hd__a2111o_1 instances:  11
  Class: sky130_fd_sc_hd__decap_3 instances:   1
  Class: sky130_fd_sc_hd__dlygate4sd3_1 instances: 5148
  Class: sky130_fd_sc_hd__or2_1 instances:  66
  Class: sky130_fd_sc_hd__or2_2 instances:   6
  Class: sky130_fd_sc_hd__or2_4 instances:   4
  Class: sky130_fd_sc_hd__a2111oi_1 instances:   4
  Class: sky130_fd_sc_hd__a2111oi_2 instances:   2
  Class: sky130_fd_sc_hd__a2111oi_4 instances:   3
  Class: sky130_fd_sc_hd__nand2_1 instances: 246
  Class: sky130_fd_sc_hd__nand2_2 instances:  17
  Class: sky130_fd_sc_hd__nand2_4 instances:  18
  Class: sky130_fd_sc_hd__nor4b_1 instances:  11
  Class: sky130_fd_sc_hd__nor4b_2 instances:   3
  Class: sky130_fd_sc_hd__nand2_8 instances:   2
  Class: sky130_fd_sc_hd__nor4b_4 instances:   1
  Class: sky130_fd_sc_hd__o311ai_1 instances:   1
  Class: sky130_fd_sc_hd__o311ai_2 instances:   3
  Class: sky130_fd_sc_hd__nand3b_1 instances:  18
  Class: sky130_fd_sc_hd__nand3b_2 instances:   6
  Class: sky130_fd_sc_hd__mux2_1 instances: 3131
  Class: sky130_fd_sc_hd__nand3b_4 instances:   2
  Class: sky130_fd_sc_hd__mux2_2 instances:   4
  Class: sky130_fd_sc_hd__mux2_4 instances:   2
  Class: sky130_fd_sc_hd__mux2_8 instances:   4
  Class: sky130_fd_sc_hd__o2bb2ai_1 instances:  15
  Class: sky130_fd_sc_hd__o2bb2ai_2 instances:   1
  Class: sky130_fd_sc_hd__and2_1 instances:  78
  Class: sky130_fd_sc_hd__a211oi_1 instances:  15
  Class: sky130_fd_sc_hd__and2_2 instances:  13
  Class: sky130_fd_sc_hd__or4b_1 instances:  25
  Class: sky130_fd_sc_hd__or4b_2 instances:   5
  Class: sky130_fd_sc_hd__or4b_4 instances:  16
  Class: sky130_fd_sc_hd__clkinvlp_4 instances:  30
  Class: sky130_fd_sc_hd__nor4_1 instances:  64
  Class: sky130_fd_sc_hd__nor4_2 instances:  10
  Class: sky130_fd_sc_hd__nor4_4 instances:   3
  Class: sky130_fd_sc_hd__inv_12 instances:   2
  Class: sky130_fd_sc_hd__o32a_1 instances:  27
  Class: sky130_fd_sc_hd__o22a_1 instances:  81
  Class: sky130_fd_sc_hd__o22a_2 instances:   2
  Class: sky130_fd_sc_hd__o22a_4 instances:   2
  Class: sky130_fd_sc_hd__xnor2_1 instances:  28
  Class: sky130_fd_sc_hd__nor3b_1 instances:  10
  Class: sky130_fd_sc_hd__o221a_1 instances:  99
  Class: sky130_fd_sc_hd__o221a_2 instances:   2
  Class: sky130_fd_sc_hd__o221a_4 instances:   1
  Class: sky130_fd_sc_hd__o21bai_1 instances:  17
  Class: sky130_fd_sc_hd__o21bai_2 instances:   1
  Class: sky130_fd_sc_hd__o211a_1 instances: 209
  Class: sky130_fd_sc_hd__o211a_2 instances:   5
  Class: sky130_fd_sc_hd__o211a_4 instances:   3
  Class: sky130_fd_sc_hd__nand2b_1 instances:  54
  Class: sky130_fd_sc_hd__nand2b_2 instances:  11
  Class: sky130_fd_sc_hd__nand2b_4 instances:  10
  Class: sky130_fd_sc_hd__diode_2 instances: 321
  Class: sky130_fd_sc_hd__a311oi_1 instances:   7
  Class: sky130_fd_sc_hd__a221o_1 instances: 133
  Class: sky130_fd_sc_hd__a221o_2 instances:   7
  Class: sky130_fd_sc_hd__a211o_1 instances:  53
  Class: sky130_fd_sc_hd__a211o_2 instances:   5
  Class: sky130_fd_sc_hd__a211o_4 instances:   2
  Class: sky130_fd_sc_hd__o2111a_1 instances:  12
  Class: sky130_fd_sc_hd__o2111a_2 instances:   1
  Class: sky130_fd_sc_hd__or3b_1 instances:  28
  Class: sky130_fd_sc_hd__or3b_2 instances:   7
  Class: sky130_fd_sc_hd__or3b_4 instances:   7
  Class: sky130_fd_sc_hd__dlymetal6s2s_1 instances:  46
  Class: sky130_fd_sc_hd__or4bb_1 instances:  12
  Class: sky130_fd_sc_hd__or4bb_2 instances:   3
  Class: sky130_fd_sc_hd__nor3_1 instances:  62
  Class: sky130_fd_sc_hd__nor3_2 instances:   2
  Class: sky130_fd_sc_hd__or4bb_4 instances:  10
  Class: sky130_fd_sc_hd__a32o_1 instances: 175
  Class: sky130_fd_sc_hd__a32o_2 instances:   2
  Class: sky130_fd_sc_hd__o41a_1 instances:  22
  Class: sky130_fd_sc_hd__a22o_1 instances: 220
  Class: sky130_fd_sc_hd__a22o_2 instances:   9
  Class: sky130_fd_sc_hd__a22o_4 instances:   2
  Class: sky130_fd_sc_hd__o31a_1 instances:  64
  Class: sky130_fd_sc_hd__o31a_2 instances:   2
  Class: sky130_fd_sc_hd__o31a_4 instances:   1
  Class: sky130_fd_sc_hd__o2bb2a_1 instances:  43
  Class: sky130_fd_sc_hd__o2bb2a_2 instances:   1
  Class: sky130_fd_sc_hd__o2bb2a_4 instances:   1
  Class: sky130_fd_sc_hd__o21a_1 instances: 183
  Class: sky130_fd_sc_hd__o41ai_1 instances:   2
  Class: sky130_fd_sc_hd__o21a_2 instances:   7
  Class: sky130_fd_sc_hd__o41ai_2 instances:   2
  Class: sky130_fd_sc_hd__o21a_4 instances:   5
  Class: sky130_fd_sc_hd__a41oi_1 instances:   6
  Class: sky130_fd_sc_hd__o311a_1 instances:  24
  Class: sky130_fd_sc_hd__o311a_2 instances:   2
  Class: sky130_fd_sc_hd__o311a_4 instances:   2
  Class: sky130_fd_sc_hd__o22ai_1 instances:  24
  Class: sky130_fd_sc_hd__o22ai_2 instances:   5
  Class: sky130_fd_sc_hd__o22ai_4 instances:   1
  Class: sky130_fd_sc_hd__a22oi_1 instances:  50
  Class: sky130_fd_sc_hd__a22oi_2 instances:  13
  Class: sky130_fd_sc_hd__and4b_1 instances:  57
  Class: sky130_fd_sc_hd__o21ai_1 instances: 174
  Class: sky130_fd_sc_hd__and4b_2 instances:  39
  Class: sky130_fd_sc_hd__a22oi_4 instances:   3
  Class: sky130_fd_sc_hd__tapvpwrvgnd_1 instances:   1
  Class: sky130_fd_sc_hd__o21ai_2 instances:   9
  Class: sky130_fd_sc_hd__and4b_4 instances:   8
  Class: sky130_fd_sc_hd__o21ai_4 instances:   1
  Class: sky130_fd_sc_hd__a21oi_1 instances: 175
  Class: sky130_fd_sc_hd__a21oi_2 instances:   6
  Class: sky130_fd_sc_hd__a311o_1 instances:  12
  Class: sky130_fd_sc_hd__a311o_2 instances:   1
  Class: sky130_fd_sc_hd__fill_1 instances:   1
  Class: sky130_fd_sc_hd__fill_2 instances:   1
  Class: sky130_fd_sc_hd__fill_4 instances:   1
  Class: sky130_fd_sc_hd__fill_8 instances:   1
  Class: sky130_ef_sc_hd__decap_40_12 instances:   1
  Class: sky130_fd_sc_hd__o211ai_1 instances:  21
  Class: sky130_fd_sc_hd__o211ai_2 instances:  14
  Class: sky130_fd_sc_hd__o211ai_4 instances:   2
  Class: sky130_fd_sc_hd__and4bb_1 instances:  26
  Class: sky130_fd_sc_hd__and4bb_2 instances:  13
  Class: sky130_fd_sc_hd__and4bb_4 instances:  12
  Class: sky130_fd_sc_hd__nor2_1 instances: 187
  Class: sky130_fd_sc_hd__nor2_2 instances:  10
  Class: sky130_fd_sc_hd__nor2_4 instances:   3
Circuit contains 25947 nets, and 337 disconnected pins.

Circuit 1 contains 26041 devices, Circuit 2 contains 26041 devices.
Circuit 1 contains 25947 nets,    Circuit 2 contains 25947 nets.


Final result: 
Circuits match uniquely.
.
Logging to file "/home/baungarten/Desktop/lacerta_march/precheck_results/30_APR_2026___11_20_10/tmp/lvs.report" disabled
LVS Done.
DESIGN NAME: user_project_wrapper
WORK_ROOT   : /home/baungarten/Desktop/lacerta_march/precheck_results/30_APR_2026___11_20_10/tmp
LOG_ROOT    : /home/baungarten/Desktop/lacerta_march/precheck_results/30_APR_2026___11_20_10/logs
SIGNOFF_ROOT: /home/baungarten/Desktop/lacerta_march/precheck_results/30_APR_2026___11_20_10/outputs/reports
 
Running CVC...
Creating /home/baungarten/Desktop/lacerta_march/precheck_results/30_APR_2026___11_20_10/tmp/user_project_wrapper.cdl.gz
Default cvcrc in default.cvcrc
CVC: Circuit Validation Check  Version 1.1.7
CVC: Log output to /home/baungarten/Desktop/lacerta_march/precheck_results/30_APR_2026___11_20_10/tmp/cvc.log
CVC: Error output to /home/baungarten/Desktop/lacerta_march/precheck_results/30_APR_2026___11_20_10/tmp/cvc.error.gz
CVC: Debug output to /home/baungarten/Desktop/lacerta_march/precheck_results/30_APR_2026___11_20_10/tmp/cvc.debug.gz
CVC: Start: Thu Apr 30 11:51:52 2026

Using the following parameters for CVC (Circuit Validation Check) from /home/baungarten/Desktop/lacerta_march/precheck_results/30_APR_2026___11_20_10/tmp/cvcrc
CVC_TOP = 'user_project_wrapper'
CVC_NETLIST = '/home/baungarten/Desktop/lacerta_march/precheck_results/30_APR_2026___11_20_10/tmp/user_project_wrapper.cdl.gz'
CVC_MODE = 'user_project_wrapper'
CVC_MODEL_FILE = '/usr/local/lib/python3.9/site-packages/cf_precheck/be_checks/tech/sky130A/cvc.models'
CVC_POWER_FILE = '/home/baungarten/Desktop/lacerta_march/precheck_results/30_APR_2026___11_20_10/tmp/cvc.power.user_project_wrapper'
CVC_FUSE_FILE = ''
CVC_REPORT_FILE = '/home/baungarten/Desktop/lacerta_march/precheck_results/30_APR_2026___11_20_10/tmp/cvc.log'
CVC_REPORT_TITLE = 'CVC user_project_wrapper'
CVC_CIRCUIT_ERROR_LIMIT = '100'
CVC_SEARCH_LIMIT = '100'
CVC_LEAK_LIMIT = '0.0002'
CVC_SOI = 'false'
CVC_SCRC = 'false'
CVC_VTH_GATES = 'false'
CVC_MIN_VTH_GATES = 'false'
CVC_IGNORE_VTH_FLOATING = 'false'
CVC_IGNORE_NO_LEAK_FLOATING = 'false'
CVC_LEAK_OVERVOLTAGE = 'true'
CVC_LOGIC_DIODES = 'false'
CVC_ANALOG_GATES = 'true'
CVC_BACKUP_RESULTS = 'false'
CVC_MOS_DIODE_ERROR_THRESHOLD = '0'
CVC_SHORT_ERROR_THRESHOLD = '0'
CVC_BIAS_ERROR_THRESHOLD = '0'
CVC_FORWARD_ERROR_THRESHOLD = '0'
CVC_FLOATING_ERROR_THRESHOLD = '0'
CVC_GATE_ERROR_THRESHOLD = '0'
CVC_LEAK?_ERROR_THRESHOLD = '0'
CVC_EXPECTED_ERROR_THRESHOLD = '0'
CVC_OVERVOLTAGE_ERROR_THRESHOLD = '0'
CVC_PARALLEL_CIRCUIT_PORT_LIMIT = '0'
CVC_CELL_ERROR_LIMIT_FILE = ''
CVC_CELL_CHECKSUM_FILE = ''
CVC_LARGE_CIRCUIT_SIZE = '10000000'
CVC_NET_CHECK_FILE = ''
CVC_MODEL_CHECK_FILE = ''
End of parameters

CVC: Reading device model settings...
CVC: Reading power settings...
CVC: Parsing netlist /home/baungarten/Desktop/lacerta_march/precheck_results/30_APR_2026___11_20_10/tmp/user_project_wrapper.cdl.gz

Cdl fixed data size 21565092
Usage CDL: Time: 2  Memory: 568004  I/O: 4448  Swap: 0
CVC: Counting and linking...
CVC: Assigning IDs ...
Usage DB: Time: 3  Memory: 677400  I/O: 4448  Swap: 0
CVC: 1172120(1172120) instances, 131500(131500) nets, 1374229(1374229) devices.
Setting power for mode...
Setting models...
CVC: Setting models ...
Setting model tolerances...
CVC: Shorting switches...
 model short...
	Shorted 0 short
 model sky130_fd_pr__res_generic_l1...
	Shorted 0 sky130_fd_pr__res_generic_l1
 model sky130_fd_pr__res_generic_m1...
	Shorted 0 sky130_fd_pr__res_generic_m1
 model sky130_fd_pr__res_generic_m2...
	Shorted 0 sky130_fd_pr__res_generic_m2
 model sky130_fd_pr__res_generic_m3...
	Shorted 0 sky130_fd_pr__res_generic_m3
 model sky130_fd_pr__res_generic_m4...
	Shorted 0 sky130_fd_pr__res_generic_m4
 model sky130_fd_pr__res_generic_m5...
	Shorted 0 sky130_fd_pr__res_generic_m5
Setting instance power...
CVC: Linking devices...
	Average device/instance: 1000000/500000=2
Usage EQUIV: Time: 3  Memory: 759064  I/O: 4576  Swap: 0
Power nets 396
CVC: Shorting non conducting resistors...
CVC: Calculating resistor voltages...
Usage RES: Time: 3  Memory: 759324  I/O: 4576  Swap: 0
Power nets 396
CVC: Calculating min/max voltages...
Processing trivial nets found 56663 trivial nets
CVC: Ignoring invalid calculations...
CVC:   Removed 0 calculations
Copying master nets
CVC: Ignoring non-conducting devices...
CVC:   Ignored 0 devices
Usage MIN/MAX1: Time: 3  Memory: 762396  I/O: 4576  Swap: 0
Power nets 41160
! Checking forward bias diode errors: 

! Checking nmos source/drain vs bias errors: 

! Checking nmos gate vs source errors: 

! Checking pmos source/drain vs bias errors: 

! Checking pmos gate vs source errors: 

Usage ERROR: Time: 3  Memory: 762396  I/O: 4616  Swap: 0
Saving min/max voltages...
CVC: Propagating Simulation voltages 1...
Usage SIM1: Time: 3  Memory: 769052  I/O: 4616  Swap: 0
Power nets 41160
Saving simulation voltages...
CVC: Propagating Simulation voltages 3...
Usage SIM2: Time: 3  Memory: 770076  I/O: 4624  Swap: 0
Power nets 41160
Added 0 latch voltages
CVC: Calculating min/max voltages...
Processing trivial nets found 56663 trivial nets
CVC: Ignoring invalid calculations...
CVC:   Removed 0 calculations
Copying master nets
CVC: Ignoring non-conducting devices...
CVC:   Ignored 0 devices
Usage MIN/MAX2: Time: 3  Memory: 773404  I/O: 4688  Swap: 0
Power nets 81924
! Checking overvoltage errors

! Checking nmos possible leak errors: 

! Checking pmos possible leak errors: 

! Checking mos floating input errors:

! Checking expected values:

CVC: Error Counts
CVC: Fuse Problems:         0
CVC: Min Voltage Conflicts: 0
CVC: Max Voltage Conflicts: 0
CVC: Leaks:                 0
CVC: LDD drain->source:     0
CVC: HI-Z Inputs:           0
CVC: Forward Bias Diodes:   0
CVC: NMOS Source vs Bulk:   0
CVC: NMOS Gate vs Source:   0
CVC: NMOS Possible Leaks:   0
CVC: PMOS Source vs Bulk:   0
CVC: PMOS Gate vs Source:   0
CVC: PMOS Possible Leaks:   0
CVC: Overvoltage-VBG:       0
CVC: Overvoltage-VBS:       0
CVC: Overvoltage-VDS:       0
CVC: Overvoltage-VGS:       0
CVC: Model errors:          0
CVC: Unexpected voltage :   0
CVC: Total:                 0
Usage Total: Time: 4  Memory: 773916  I/O: 4728  Swap: 0
Virtual net update/access 1117289/81784382
CVC: Log output to /home/baungarten/Desktop/lacerta_march/precheck_results/30_APR_2026___11_20_10/tmp/cvc.log
CVC: End: Thu Apr 30 11:51:56 2026


LVS result:
Final result: 
Circuits match uniquely.
.
LVS Done.

CVC result:
CVC: Total:                 0

Runtime: 0:09:53 (hh:mm:ss)

No errors detected
